#
# A fatal error has been detected by the Java Runtime Environment:
#
#  SIGSEGV (0xb) at pc=0x00007fecfe119743, pid=18, tid=19
#
# JRE version: OpenJDK Runtime Environment 25.08 (21.0.9) (build 21.0.9)
# Java VM: OpenJDK 64-Bit Server VM 25.08 (21.0.9, mixed mode, sharing, tiered, compressed oops, compressed class ptrs, g1 gc, linux-amd64)
# Problematic frame:
# C  [libgtk-3.so.0+0x519743]  gtk_widget_get_style_context+0x23
#
# Core dump will be written. Default location: Core dumps may be processed with "/usr/lib/systemd/systemd-coredump %P %u %g %s %t %c %h %d %F" (or dumping to /home/jalapc/Downloads/uri2621/core.18)
#
# If you would like to submit a bug report, please visit:
#   https://github.com/flathub/org.freedesktop.Sdk.Extension.openjdk21/issues
# The crash happened outside the Java Virtual Machine in native code.
# See problematic frame for where to report the bug.
#

---------------  S U M M A R Y ------------

Command Line: -XX:+IgnoreUnrecognizedVMOptions -Dosgi.requiredJavaVersion=21 -Dfile.encoding=UTF-8 --add-modules=ALL-DEFAULT --add-opens=java.base/java.io=ALL-UNNAMED --add-opens=java.base/java.lang=ALL-UNNAMED --add-opens=java.base/java.lang.reflect=ALL-UNNAMED --add-opens=java.base/java.net=ALL-UNNAMED --add-opens=java.base/java.nio=ALL-UNNAMED --add-opens=java.base/java.nio.charset=ALL-UNNAMED --add-opens=java.base/java.text=ALL-UNNAMED --add-opens=java.base/java.time=ALL-UNNAMED --add-opens=java.base/java.util=ALL-UNNAMED --add-opens=java.base/java.util.concurrent=ALL-UNNAMED --add-opens=java.base/java.util.concurrent.atomic=ALL-UNNAMED --add-opens=java.base/jdk.internal.vm=ALL-UNNAMED --add-opens=java.base/jdk.internal.misc=ALL-UNNAMED --add-opens=java.base/sun.nio.ch=ALL-UNNAMED --add-opens=java.base/sun.nio.fs=ALL-UNNAMED --add-opens=java.base/sun.security.ssl=ALL-UNNAMED --add-opens=java.base/sun.security.action=ALL-UNNAMED --add-opens=java.base/sun.security.util=ALL-UNNAMED --add-opens=java.security.jgss/sun.security.jgss=ALL-UNNAMED --add-opens=java.security.jgss/sun.security.krb5=ALL-UNNAMED --add-opens=java.desktop/java.awt=ALL-UNNAMED --add-opens=java.desktop/java.awt.peer=ALL-UNNAMED --add-opens=java.sql/java.sql=ALL-UNNAMED -Xms64m -Xmx1024m /app/bin//plugins/org.eclipse.equinox.launcher_1.7.100.v20251111-0406.jar -os linux -ws gtk -arch x86_64 -showsplash -launcher /app/bin/dbeaver -name Dbeaver --launcher.library /app/bin//plugins/org.eclipse.equinox.launcher.gtk.linux.x86_64_1.2.1500.v20250801-0854/eclipse_11916.so -startup /app/bin//plugins/org.eclipse.equinox.launcher_1.7.100.v20251111-0406.jar --launcher.overrideVmargs -exitdata 98004 /home/jalapc/Downloads/uri2621/2621.sql -vm /app/jre/bin/java -vmargs -XX:+IgnoreUnrecognizedVMOptions -Dosgi.requiredJavaVersion=21 -Dfile.encoding=UTF-8 --add-modules=ALL-DEFAULT --add-opens=java.base/java.io=ALL-UNNAMED --add-opens=java.base/java.lang=ALL-UNNAMED --add-opens=java.base/java.lang.reflect=ALL-UNNAMED --add-opens=java.base/java.net=ALL-UNNAMED --add-opens=java.base/java.nio=ALL-UNNAMED --add-opens=java.base/java.nio.charset=ALL-UNNAMED --add-opens=java.base/java.text=ALL-UNNAMED --add-opens=java.base/java.time=ALL-UNNAMED --add-opens=java.base/java.util=ALL-UNNAMED --add-opens=java.base/java.util.concurrent=ALL-UNNAMED --add-opens=java.base/java.util.concurrent.atomic=ALL-UNNAMED --add-opens=java.base/jdk.internal.vm=ALL-UNNAMED --add-opens=java.base/jdk.internal.misc=ALL-UNNAMED --add-opens=java.base/sun.nio.ch=ALL-UNNAMED --add-opens=java.base/sun.nio.fs=ALL-UNNAMED --add-opens=java.base/sun.security.ssl=ALL-UNNAMED --add-opens=java.base/sun.security.action=ALL-UNNAMED --add-opens=java.base/sun.security.util=ALL-UNNAMED --add-opens=java.security.jgss/sun.security.jgss=ALL-UNNAMED --add-opens=java.security.jgss/sun.security.krb5=ALL-UNNAMED --add-opens=java.desktop/java.awt=ALL-UNNAMED --add-opens=java.desktop/java.awt.peer=ALL-UNNAMED --add-opens=java.sql/java.sql=ALL-UNNAMED -Xms64m -Xmx1024m -jar /app/bin//plugins/org.eclipse.equinox.launcher_1.7.100.v20251111-0406.jar

Host: 12th Gen Intel(R) Core(TM) i5-1235U, 12 cores, 31G, GNOME 49 (Flatpak runtime)
Time: Mon Feb  2 09:25:49 2026 -03 elapsed time: 11.138925 seconds (0d 0h 0m 11s)

---------------  T H R E A D  ---------------

Current thread (0x00007fed7801bf60):  JavaThread "main"             [_thread_in_native, id=19, stack(0x00007fed7e300000,0x00007fed7e400000) (1024K)]

Stack: [0x00007fed7e300000,0x00007fed7e400000],  sp=0x00007fed7e3fda60,  free space=1014k
Native frames: (J=compiled Java code, j=interpreted, Vv=VM code, C=native code)
C  [libgtk-3.so.0+0x519743]  gtk_widget_get_style_context+0x23
C  [libswt-pi3-gtk-4971r15.so+0x49d18]  Java_org_eclipse_swt_internal_gtk_GTK_gtk_1widget_1get_1style_1context+0xc
j  org.eclipse.swt.widgets.Display.initializeSystemColors()V+27
J 9218 c1 org.eclipse.swt.widgets.Display.runSettings()Z (76 bytes) @ 0x00007fed60674174 [0x00007fed60674060+0x0000000000000114]
J 9161 c1 org.eclipse.swt.widgets.Display.readAndDispatch()Z (88 bytes) @ 0x00007fed60c504bc [0x00007fed60c50360+0x000000000000015c]
j  org.eclipse.e4.ui.internal.workbench.swt.PartRenderingEngine$5.run()V+564
j  org.eclipse.core.databinding.observable.Realm.runWithDefault(Lorg/eclipse/core/databinding/observable/Realm;Ljava/lang/Runnable;)V+12
j  org.eclipse.e4.ui.internal.workbench.swt.PartRenderingEngine.run(Lorg/eclipse/e4/ui/model/application/MApplicationElement;Lorg/eclipse/e4/core/contexts/IEclipseContext;)Ljava/lang/Object;+57
j  org.eclipse.e4.ui.internal.workbench.E4Workbench.createAndRunUI(Lorg/eclipse/e4/ui/model/application/MApplicationElement;)V+20
j  org.eclipse.ui.internal.Workbench.lambda$3(Lorg/eclipse/swt/widgets/Display;Lorg/eclipse/ui/application/WorkbenchAdvisor;[I)V+334
j  org.eclipse.ui.internal.Workbench$$Lambda+0x00007fed043edbe8.run()V+12
j  org.eclipse.core.databinding.observable.Realm.runWithDefault(Lorg/eclipse/core/databinding/observable/Realm;Ljava/lang/Runnable;)V+12
j  org.eclipse.ui.internal.Workbench.createAndRunWorkbench(Lorg/eclipse/swt/widgets/Display;Lorg/eclipse/ui/application/WorkbenchAdvisor;)I+16
j  org.eclipse.ui.PlatformUI.createAndRunWorkbench(Lorg/eclipse/swt/widgets/Display;Lorg/eclipse/ui/application/WorkbenchAdvisor;)I+2
j  org.jkiss.dbeaver.ui.app.standalone.DBeaverApplication.start(Lorg/eclipse/equinox/app/IApplicationContext;)Ljava/lang/Object;+669
j  org.eclipse.equinox.internal.app.EclipseAppHandle.run(Ljava/lang/Object;)Ljava/lang/Object;+138
j  org.eclipse.core.runtime.internal.adaptor.EclipseAppLauncher.runApplication(Ljava/lang/Object;)Ljava/lang/Object;+85
j  org.eclipse.core.runtime.internal.adaptor.EclipseAppLauncher.start(Ljava/lang/Object;)Ljava/lang/Object;+79
j  org.eclipse.core.runtime.adaptor.EclipseStarter.run(Ljava/lang/Object;)Ljava/lang/Object;+99
j  org.eclipse.core.runtime.adaptor.EclipseStarter.run([Ljava/lang/String;Ljava/lang/Runnable;)Ljava/lang/Object;+132
J 560 c1 java.lang.invoke.DirectMethodHandle$Holder.invokeStatic(Ljava/lang/Object;Ljava/lang/Object;Ljava/lang/Object;)Ljava/lang/Object; java.base@21.0.9 (15 bytes) @ 0x00007fed604c576c [0x00007fed604c5460+0x000000000000030c]
j  java.lang.invoke.LambdaForm$MH+0x00007fed04018800.invoke(Ljava/lang/Object;Ljava/lang/Object;Ljava/lang/Object;Ljava/lang/Object;)Ljava/lang/Object;+54 java.base@21.0.9
j  java.lang.invoke.LambdaForm$MH+0x00007fed04018c00.invokeExact_MT(Ljava/lang/Object;Ljava/lang/Object;Ljava/lang/Object;Ljava/lang/Object;Ljava/lang/Object;)Ljava/lang/Object;+22 java.base@21.0.9
j  jdk.internal.reflect.DirectMethodHandleAccessor.invokeImpl(Ljava/lang/Object;[Ljava/lang/Object;)Ljava/lang/Object;+72 java.base@21.0.9
j  jdk.internal.reflect.DirectMethodHandleAccessor.invoke(Ljava/lang/Object;[Ljava/lang/Object;)Ljava/lang/Object;+23 java.base@21.0.9
j  java.lang.reflect.Method.invoke(Ljava/lang/Object;[Ljava/lang/Object;)Ljava/lang/Object;+102 java.base@21.0.9
j  org.eclipse.equinox.launcher.Main.invokeFramework([Ljava/lang/String;[Ljava/net/URL;)V+155
j  org.eclipse.equinox.launcher.Main.basicRun([Ljava/lang/String;)V+191
j  org.eclipse.equinox.launcher.Main.run([Ljava/lang/String;)I+4
j  org.eclipse.equinox.launcher.Main.main([Ljava/lang/String;)V+10
v  ~StubRoutines::call_stub 0x00007fed67937cc6
V  [libjvm.so+0x9f7db3]
V  [libjvm.so+0xaa8722]
V  [libjvm.so+0xaab413]
C  [libjli.so+0x69dd]
C  [libjli.so+0x994d]
C  [libc.so.6+0x9a56a]
Java frames: (J=compiled Java code, j=interpreted, Vv=VM code)
J 7659  org.eclipse.swt.internal.gtk.GTK.gtk_widget_get_style_context(J)J (0 bytes) @ 0x00007fed682d3079 [0x00007fed682d3020+0x0000000000000059]
j  org.eclipse.swt.widgets.Display.initializeSystemColors()V+27
J 9218 c1 org.eclipse.swt.widgets.Display.runSettings()Z (76 bytes) @ 0x00007fed60674174 [0x00007fed60674060+0x0000000000000114]
J 9161 c1 org.eclipse.swt.widgets.Display.readAndDispatch()Z (88 bytes) @ 0x00007fed60c504bc [0x00007fed60c50360+0x000000000000015c]
j  org.eclipse.e4.ui.internal.workbench.swt.PartRenderingEngine$5.run()V+564
j  org.eclipse.core.databinding.observable.Realm.runWithDefault(Lorg/eclipse/core/databinding/observable/Realm;Ljava/lang/Runnable;)V+12
j  org.eclipse.e4.ui.internal.workbench.swt.PartRenderingEngine.run(Lorg/eclipse/e4/ui/model/application/MApplicationElement;Lorg/eclipse/e4/core/contexts/IEclipseContext;)Ljava/lang/Object;+57
j  org.eclipse.e4.ui.internal.workbench.E4Workbench.createAndRunUI(Lorg/eclipse/e4/ui/model/application/MApplicationElement;)V+20
j  org.eclipse.ui.internal.Workbench.lambda$3(Lorg/eclipse/swt/widgets/Display;Lorg/eclipse/ui/application/WorkbenchAdvisor;[I)V+334
j  org.eclipse.ui.internal.Workbench$$Lambda+0x00007fed043edbe8.run()V+12
j  org.eclipse.core.databinding.observable.Realm.runWithDefault(Lorg/eclipse/core/databinding/observable/Realm;Ljava/lang/Runnable;)V+12
j  org.eclipse.ui.internal.Workbench.createAndRunWorkbench(Lorg/eclipse/swt/widgets/Display;Lorg/eclipse/ui/application/WorkbenchAdvisor;)I+16
j  org.eclipse.ui.PlatformUI.createAndRunWorkbench(Lorg/eclipse/swt/widgets/Display;Lorg/eclipse/ui/application/WorkbenchAdvisor;)I+2
j  org.jkiss.dbeaver.ui.app.standalone.DBeaverApplication.start(Lorg/eclipse/equinox/app/IApplicationContext;)Ljava/lang/Object;+669
j  org.eclipse.equinox.internal.app.EclipseAppHandle.run(Ljava/lang/Object;)Ljava/lang/Object;+138
j  org.eclipse.core.runtime.internal.adaptor.EclipseAppLauncher.runApplication(Ljava/lang/Object;)Ljava/lang/Object;+85
j  org.eclipse.core.runtime.internal.adaptor.EclipseAppLauncher.start(Ljava/lang/Object;)Ljava/lang/Object;+79
j  org.eclipse.core.runtime.adaptor.EclipseStarter.run(Ljava/lang/Object;)Ljava/lang/Object;+99
j  org.eclipse.core.runtime.adaptor.EclipseStarter.run([Ljava/lang/String;Ljava/lang/Runnable;)Ljava/lang/Object;+132
J 560 c1 java.lang.invoke.DirectMethodHandle$Holder.invokeStatic(Ljava/lang/Object;Ljava/lang/Object;Ljava/lang/Object;)Ljava/lang/Object; java.base@21.0.9 (15 bytes) @ 0x00007fed604c576c [0x00007fed604c5460+0x000000000000030c]
j  java.lang.invoke.LambdaForm$MH+0x00007fed04018800.invoke(Ljava/lang/Object;Ljava/lang/Object;Ljava/lang/Object;Ljava/lang/Object;)Ljava/lang/Object;+54 java.base@21.0.9
j  java.lang.invoke.LambdaForm$MH+0x00007fed04018c00.invokeExact_MT(Ljava/lang/Object;Ljava/lang/Object;Ljava/lang/Object;Ljava/lang/Object;Ljava/lang/Object;)Ljava/lang/Object;+22 java.base@21.0.9
j  jdk.internal.reflect.DirectMethodHandleAccessor.invokeImpl(Ljava/lang/Object;[Ljava/lang/Object;)Ljava/lang/Object;+72 java.base@21.0.9
j  jdk.internal.reflect.DirectMethodHandleAccessor.invoke(Ljava/lang/Object;[Ljava/lang/Object;)Ljava/lang/Object;+23 java.base@21.0.9
j  java.lang.reflect.Method.invoke(Ljava/lang/Object;[Ljava/lang/Object;)Ljava/lang/Object;+102 java.base@21.0.9
j  org.eclipse.equinox.launcher.Main.invokeFramework([Ljava/lang/String;[Ljava/net/URL;)V+155
j  org.eclipse.equinox.launcher.Main.basicRun([Ljava/lang/String;)V+191
j  org.eclipse.equinox.launcher.Main.run([Ljava/lang/String;)I+4
j  org.eclipse.equinox.launcher.Main.main([Ljava/lang/String;)V+10
v  ~StubRoutines::call_stub 0x00007fed67937cc6

siginfo: si_signo: 11 (SIGSEGV), si_code: 128 (SI_KERNEL), si_addr: 0x0000000000000000

Registers:
RAX=0x0100030b0000000b, RBX=0x00007fed781f34d0, RCX=0x00007fed00290000, RDX=0x0000000000000000
RSP=0x00007fed7e3fda60, RBP=0x00007fed7e3fda70, RSI=0x00007fed782a0be0, RDI=0x00007fed781f34d0
R8 =0x00007fed7d22d3a3, R9 =0x00000000c0a5a460, R10=0x00007fed682d3079, R11=0x00007fed682d3040
R12=0x0000000000000000, R13=0x00007fed7e3fdae8, R14=0x00007fed7e3fdac0, R15=0x00007fed7801bf60
RIP=0x00007fecfe119743, EFLAGS=0x0000000000010202, CSGSFS=0x002b000000000033, ERR=0x0000000000000000
  TRAPNO=0x000000000000000d

XMM[0]=0xc176df48c176df80 0xc176dfb8c0a5dd10
XMM[1]=0x0000000000000000 0x00007fed7801bf60
XMM[2]=0x0000000000000000 0x00007fecfff0e13c
XMM[3]=0x0000000000000000 0x0000000000000000
XMM[4]=0x0000000000000000 0x0000000000000000
XMM[5]=0x0000000000000000 0x0000000000000000
XMM[6]=0x0000000000000000 0x0000000000000000
XMM[7]=0x0000000000000000 0x0000000000000000
XMM[8]=0x0000000000000000 0x0003da0000073f00
XMM[9]=0x0000000000000000 0x0002e20000000000
XMM[10]=0x0000000000000000 0x0007800000000000
XMM[11]=0x0000000000000000 0x0000000000016d00
XMM[12]=0x0000000000000000 0x0000000000000000
XMM[13]=0x0000000000000000 0x000e000300030003
XMM[14]=0x0000000000000000 0x3fe2b91dea88421e
XMM[15]=0x0000000000000000 0x0000000000000000
  MXCSR=0x00001fa2


Register to memory mapping:

RAX=0x0100030b0000000b is an unknown value
RBX=0x00007fed781f34d0 points into unknown readable memory: 0x0100030b0000000b | 0b 00 00 00 0b 03 00 01
RCX=0x00007fed00290000 is pointing into metadata
RDX=0x0 is null
RSP=0x00007fed7e3fda60 is pointing into the stack for thread: 0x00007fed7801bf60
RBP=0x00007fed7e3fda70 is pointing into the stack for thread: 0x00007fed7801bf60
RSI=0x00007fed782a0be0 points into unknown readable memory: 0x0000000000000000 | 00 00 00 00 00 00 00 00
RDI=0x00007fed781f34d0 points into unknown readable memory: 0x0100030b0000000b | 0b 00 00 00 0b 03 00 01
R8 =0x00007fed7d22d3a3 points into unknown readable memory: 02 02 02 02 02
R9 =0x00000000c0a5a460 is an oop: java.lang.String 
{0x00000000c0a5a460} - klass: 'java/lang/String'
 - string: "white"
 - ---- fields (total size 3 words):
 - private 'hash' 'I' @12  113101865 (0x06bdcc29)
 - private final 'coder' 'B' @16  0 (0x00)
 - private 'hashIsZero' 'Z' @17  false (0x00)
 - injected 'flags' 'B' @18  0 (0x00)
 - private final 'value' '[B' @20  [B{0x00000000c0a5a478} (0xc0a5a478)
R10=0x00007fed682d3079 is at entry_point+89 in (nmethod*)0x00007fed682d2e90
Compiled method (n/a) 11143 7659     n 0       org.eclipse.swt.internal.gtk.GTK::gtk_widget_get_style_context (native)
 total in heap  [0x00007fed682d2e90,0x00007fed682d3210] = 896
 relocation     [0x00007fed682d2fe8,0x00007fed682d3020] = 56
 main code      [0x00007fed682d3020,0x00007fed682d3202] = 482
 stub code      [0x00007fed682d3202,0x00007fed682d3208] = 6
 oops           [0x00007fed682d3208,0x00007fed682d3210] = 8
R11=0x00007fed682d3040 is at entry_point+32 in (nmethod*)0x00007fed682d2e90
Compiled method (n/a) 11143 7659     n 0       org.eclipse.swt.internal.gtk.GTK::gtk_widget_get_style_context (native)
 total in heap  [0x00007fed682d2e90,0x00007fed682d3210] = 896
 relocation     [0x00007fed682d2fe8,0x00007fed682d3020] = 56
 main code      [0x00007fed682d3020,0x00007fed682d3202] = 482
 stub code      [0x00007fed682d3202,0x00007fed682d3208] = 6
 oops           [0x00007fed682d3208,0x00007fed682d3210] = 8
R12=0x0 is null
R13=0x00007fed7e3fdae8 is pointing into the stack for thread: 0x00007fed7801bf60
R14=0x00007fed7e3fdac0 is pointing into the stack for thread: 0x00007fed7801bf60
R15=0x00007fed7801bf60 is a thread

Top of Stack: (sp=0x00007fed7e3fda60)
0x00007fed7e3fda60:   00007fed002db918 0000000000000000
0x00007fed7e3fda70:   00007fed7e3fdad0 00007feca61cad18
0x00007fed7e3fda80:   00007fed6793f2a8 00007fed682d30f1
0x00007fed7e3fda90:   0000000000000001 00007fed7e3fda98
0x00007fed7e3fdaa0:   00007fecfff046c7 0000000000000002
0x00007fed7e3fdab0:   00007fed00290000 0000000000000000
0x00007fed7e3fdac0:   00000000c0f60f68 00007fecfff046f0
0x00007fed7e3fdad0:   00007fed7e3fdb40 00007fed6793f25e
0x00007fed7e3fdae0:   00007fed6793f25e 00007fed781f34d0
0x00007fed7e3fdaf0:   0000000000000000 00007fed7e3fdaf8
0x00007fed7e3fdb00:   00007fecfff02943 0000000000000004
0x00007fed7e3fdb10:   00007fed00290000 00007fed02693548
0x00007fed7e3fdb20:   00000000c0f2bf30 00007fecfff029c8
0x00007fed7e3fdb30:   00007fed7e3fdae8 00007fed7e3fdb70
0x00007fed7e3fdb40:   00007fed7e3fdcb8 00007fed60674174
0x00007fed7e3fdb50:   0000000000000000 0000000000000000
0x00007fed7e3fdb60:   00000000c0f2c138 00007fed60674174
0x00007fed7e3fdb70:   0000000000000000 00007fed7e3fdb90
0x00007fed7e3fdb80:   00007fed7e3fdbe8 00007fed6793f180
0x00007fed7e3fdb90:   00000000c0f2c138 00000000c0f3cb58
0x00007fed7e3fdba0:   00007fed7e3fdba0 00007fecfff813f9
0x00007fed7e3fdbb0:   00000000c0f2c138 00007fed00e161d8
0x00007fed7e3fdbc0:   0000000000000000 00000000c1d1a7f8
0x00007fed7e3fdbd0:   00000000c0f2c138 00000000c07285c8
0x00007fed7e3fdbe0:   00007fed7e3fdcb8 00007fed60c504bc
0x00007fed7e3fdbf0:   00007fed02069b08 00007fed605b002b
0x00007fed7e3fdc00:   00007fed04492c18 0000000000000001
0x00007fed7e3fdc10:   00007fed012dec95 0000000000000003
0x00007fed7e3fdc20:   00007fed012dee18 0000000000000000
0x00007fed7e3fdc30:   00000000c0f2c138 00000000c22658d8
0x00007fed7e3fdc40:   0000000100000000 00007fed7e3fdc60
0x00007fed7e3fdc50:   00007fed7e3fdcb8 00007fed6793f2a8 

Instructions: (pc=0x00007fecfe119743)
0x00007fecfe119643:   0b 00 48 89 df 48 89 c6 e8 50 7a ff ff 48 8d 65
0x00007fecfe119653:   d8 48 89 df 48 8d 35 f9 d6 0d 00 5b 41 5c 41 5d
0x00007fecfe119663:   41 5e 41 5f 5d e9 23 d1 ff ff 0f 1f 00 f3 0f 1e
0x00007fecfe119673:   fa 55 48 89 e5 53 48 83 ec 08 48 85 ff 74 2e 48
0x00007fecfe119683:   89 fb e8 f6 06 ff ff 48 39 03 74 0f 48 89 c6 48
0x00007fecfe119693:   89 df e8 e6 19 d1 ff 85 c0 74 12 48 8b 83 20 03
0x00007fecfe1196a3:   00 00 48 8b 5d f8 48 8b 40 18 c9 c3 90 48 8d 15
0x00007fecfe1196b3:   91 6f 10 00 48 8d 35 b2 b7 14 00 48 8d 3d a9 19
0x00007fecfe1196c3:   0c 00 e8 d6 b2 d0 ff 48 8b 5d f8 31 c0 c9 c3 0f
0x00007fecfe1196d3:   1f 00 66 66 2e 0f 1f 84 00 00 00 00 00 f3 0f 1e
0x00007fecfe1196e3:   fa 8b 35 c2 bb 22 00 31 d2 31 c0 e9 cd d5 d0 ff
0x00007fecfe1196f3:   66 90 66 66 2e 0f 1f 84 00 00 00 00 00 f3 0f 1e
0x00007fecfe119703:   fa 48 8b 47 18 48 8b 40 40 c3 0f 1f 00 f3 0f 1e
0x00007fecfe119713:   fa 48 8b 47 18 48 8b 40 48 c3 0f 1f 00 f3 0f 1e
0x00007fecfe119723:   fa 55 48 89 e5 41 54 53 48 85 ff 74 40 48 89 fb
0x00007fecfe119733:   e8 48 06 ff ff 48 89 c6 48 8b 03 48 85 c0 74 05
0x00007fecfe119743:   48 39 30 74 0c 48 89 df e8 80 06 d1 ff 85 c0 74
0x00007fecfe119753:   1c 4c 8b 63 18 49 8b 44 24 48 48 85 c0 74 36 5b
0x00007fecfe119763:   41 5c 5d c3 66 0f 1f 84 00 00 00 00 00 48 8d 15
0x00007fecfe119773:   ce 7e 0c 00 48 8d 35 d2 b6 14 00 48 8d 3d e9 18
0x00007fecfe119783:   0c 00 e8 16 b2 d0 ff 5b 31 c0 41 5c 5d c3 0f 1f
0x00007fecfe119793:   80 00 00 00 00 49 8b 7c 24 40 e8 ae 50 f4 ff 49
0x00007fecfe1197a3:   8b 74 24 28 49 89 44 24 48 48 89 c7 e8 bc 5d f4
0x00007fecfe1197b3:   ff 41 0f b7 34 24 49 8b 7c 24 48 81 e6 ff 1f 00
0x00007fecfe1197c3:   00 e8 97 5e f4 ff 48 89 df e8 5f 4f ff ff 49 8b
0x00007fecfe1197d3:   7c 24 48 89 c6 e8 c3 5f f4 ff 48 89 df e8 2b 4b
0x00007fecfe1197e3:   ff ff 48 85 c0 74 0d 49 8b 7c 24 48 48 89 c6 e8
0x00007fecfe1197f3:   19 6f f4 ff 48 89 df e8 a1 0e ff ff 48 85 c0 74
0x00007fecfe119803:   0d 49 8b 7c 24 48 48 89 c6 e8 ef 70 f4 ff 49 8b
0x00007fecfe119813:   bc 24 d0 00 00 00 48 85 ff 74 17 48 8b 47 18 48
0x00007fecfe119823:   8b 70 48 48 85 f6 74 1d 49 8b 7c 24 48 e8 1b 63
0x00007fecfe119833:   f4 ff 48 8b 43 18 5b 41 5c 5d 48 8b 40 48 c3 66 


Stack slot to memory mapping:

stack at sp + 0 slots: {method} {0x00007fed002db918} 'gtk_widget_get_style_context' '(J)J' in 'org/eclipse/swt/internal/gtk/GTK'
stack at sp + 1 slots: 0x0 is null
stack at sp + 2 slots: 0x00007fed7e3fdad0 is pointing into the stack for thread: 0x00007fed7801bf60
stack at sp + 3 slots: 0x00007feca61cad18: Java_org_eclipse_swt_internal_gtk_GTK_gtk_1widget_1get_1style_1context+0x000000000000000c in /home/jalapc/.eclipse/487352054_linux_gtk_x86_64/configuration/org.eclipse.osgi/153/0/.cp/libswt-pi3-gtk-4971r15.so at 0x00007feca6181000
stack at sp + 4 slots: 0x00007fed6793f2a8 is at code_begin+1480 in an Interpreter codelet
return entry points  [0x00007fed6793ece0, 0x00007fed6793f880]  2976 bytes
stack at sp + 5 slots: 0x00007fed682d30f1 is at entry_point+209 in (nmethod*)0x00007fed682d2e90
Compiled method (n/a) 11151 7659     n 0       org.eclipse.swt.internal.gtk.GTK::gtk_widget_get_style_context (native)
 total in heap  [0x00007fed682d2e90,0x00007fed682d3210] = 896
 relocation     [0x00007fed682d2fe8,0x00007fed682d3020] = 56
 main code      [0x00007fed682d3020,0x00007fed682d3202] = 482
 stub code      [0x00007fed682d3202,0x00007fed682d3208] = 6
 oops           [0x00007fed682d3208,0x00007fed682d3210] = 8
stack at sp + 6 slots: 0x0000000000000001 is an unknown value
stack at sp + 7 slots: 0x00007fed7e3fda98 is pointing into the stack for thread: 0x00007fed7801bf60


Compiled method (c1) 11152 9218       3       org.eclipse.swt.widgets.Display::runSettings (76 bytes)
 total in heap  [0x00007fed60673e10,0x00007fed60674c70] = 3680
 relocation     [0x00007fed60673f68,0x00007fed60674060] = 248
 main code      [0x00007fed60674060,0x00007fed60674968] = 2312
 stub code      [0x00007fed60674968,0x00007fed60674a28] = 192
 oops           [0x00007fed60674a28,0x00007fed60674a30] = 8
 metadata       [0x00007fed60674a30,0x00007fed60674a58] = 40
 scopes data    [0x00007fed60674a58,0x00007fed60674b30] = 216
 scopes pcs     [0x00007fed60674b30,0x00007fed60674c50] = 288
 dependencies   [0x00007fed60674c50,0x00007fed60674c58] = 8
 nul chk table  [0x00007fed60674c58,0x00007fed60674c70] = 24

[Constant Pool (empty)]

[MachCode]
[Entry Point]
  # {method} {0x00007fecfff08c58} 'runSettings' '()Z' in 'org/eclipse/swt/widgets/Display'
  #           [sp+0x80]  (sp of caller)
  0x00007fed60674060: 448b 5608 | 49bb 0000 | 0003 ed7f | 0000 4d03 | d34c 3bd0 

  0x00007fed60674074: ;   {runtime_call ic_miss_stub}
  0x00007fed60674074: 0f85 0610 | 3107 660f | 1f44 0000 
[Verified Entry Point]
  0x00007fed60674080: 8984 2400 | c0fe ff55 | 4883 ec70 | 4181 7f20 | 0b00 0000 

  0x00007fed60674094: ;   {runtime_call StubRoutines (final stubs)}
  0x00007fed60674094: 7405 e8e5 

  0x00007fed60674098: ;   {metadata(method data for {method} {0x00007fecfff08c58} 'runSettings' '()Z' in 'org/eclipse/swt/widgets/Display')}
  0x00007fed60674098: 732f 0748 | bf98 4268 | 02ed 7f00 | 008b 9ff4 | 0000 0083 | c302 899f | f400 0000 | 81e3 fe07 
  0x00007fed606740b8: 0000 85db | 0f84 c207 | 0000 0fbe | be5c 0200 

  0x00007fed606740c8: ;   {metadata(method data for {method} {0x00007fecfff08c58} 'runSettings' '()Z' in 'org/eclipse/swt/widgets/Display')}
  0x00007fed606740c8: 0085 ff48 | bf98 4268 | 02ed 7f00 | 0048 c7c3 | 4801 0000 | 7407 48c7 | c338 0100 | 0048 8b04 
  0x00007fed606740e8: 1f48 8d40 | 0148 8904 | 1f0f 8475 | 0700 00c6 | 865c 0200 | 0000 488b 

  0x00007fed60674100: ;   {metadata(method data for {method} {0x00007fecfff08c58} 'runSettings' '()Z' in 'org/eclipse/swt/widgets/Display')}
  0x00007fed60674100: fe48 bb98 | 4268 02ed 

  0x00007fed60674108: ;   {metadata('org/eclipse/swt/widgets/Display')}
  0x00007fed60674108: 7f00 0049 | bad8 711c | 04ed 7f00 | 004c 8993 | 6801 0000 | 4883 8370 | 0100 0001 | 488b fe48 
  0x00007fed60674128: 8bf7 4889 

  0x00007fed6067412c: ;   {optimized virtual_call}
  0x00007fed6067412c: 7c24 40e8 

  0x00007fed60674130: ; ImmutableOopMap {[64]=Oop }
                      ;*invokevirtual saveResources {reexecute=0 rethrow=0 return_oop=0}
                      ; - org.eclipse.swt.widgets.Display::runSettings@15 (line 5161)
  0x00007fed60674130: 3908 0000 

  0x00007fed60674134: ;   {other}
  0x00007fed60674134: 0f1f 8400 | 2403 0000 | 488b 7424 

  0x00007fed60674140: ;   {metadata(method data for {method} {0x00007fecfff08c58} 'runSettings' '()Z' in 'org/eclipse/swt/widgets/Display')}
  0x00007fed60674140: 4048 bf98 | 4268 02ed 

  0x00007fed60674148: ;   {metadata('org/eclipse/swt/widgets/Display')}
  0x00007fed60674148: 7f00 0049 | bad8 711c | 04ed 7f00 | 004c 8997 | a001 0000 | 4883 87a8 | 0100 0001 | 488b 7424 
  0x00007fed60674168: 4066 0f1f 

  0x00007fed6067416c: ;   {optimized virtual_call}
  0x00007fed6067416c: 4400 00e8 

  0x00007fed60674170: ; ImmutableOopMap {[64]=Oop }
                      ;*invokevirtual initializeSystemColors {reexecute=0 rethrow=0 return_oop=0}
                      ; - org.eclipse.swt.widgets.Display::runSettings@19 (line 5162)
  0x00007fed60674170: 0908 0000 

  0x00007fed60674174: ;   {other}
  0x00007fed60674174: 0f1f 8400 | 6403 0001 | 488b 7424 

  0x00007fed60674180: ;   {metadata(method data for {method} {0x00007fecfff08c58} 'runSettings' '()Z' in 'org/eclipse/swt/widgets/Display')}
  0x00007fed60674180: 4048 ba98 | 4268 02ed 

  0x00007fed60674188: ;   {metadata('org/eclipse/swt/widgets/Display')}
  0x00007fed60674188: 7f00 0049 | bad8 711c | 04ed 7f00 | 004c 8992 | d801 0000 | 4883 82e0 | 0100 0001 | ba27 0000 
  0x00007fed606741a8: ;   {oop(nullptr)}
  0x00007fed606741a8: 0048 b900 | 0000 0000 | 0000 0048 | 8b74 2440 | 0f1f 8000 

  0x00007fed606741bc: ;   {optimized virtual_call}
  0x00007fed606741bc: 0000 00e8 

  0x00007fed606741c0: ; ImmutableOopMap {[64]=Oop }
                      ;*invokevirtual sendEvent {reexecute=0 rethrow=0 return_oop=0}
                      ; - org.eclipse.swt.widgets.Display::runSettings@26 (line 5163)
  0x00007fed606741c0: bc11 3107 

  0x00007fed606741c4: ;   {other}
  0x00007fed606741c4: 0f1f 8400 | b403 0002 | 488b 7424 

  0x00007fed606741d0: ;   {metadata(method data for {method} {0x00007fecfff08c58} 'runSettings' '()Z' in 'org/eclipse/swt/widgets/Display')}
  0x00007fed606741d0: 4048 bf98 | 4268 02ed 

  0x00007fed606741d8: ;   {metadata('org/eclipse/swt/widgets/Display')}
  0x00007fed606741d8: 7f00 0049 | bad8 711c | 04ed 7f00 | 004c 8997 | 1002 0000 | 4883 8718 | 0200 0001 | 488b 7424 
  0x00007fed606741f8: 4066 0f1f 

  0x00007fed606741fc: ;   {optimized virtual_call}
  0x00007fed606741fc: 4400 00e8 

  0x00007fed60674200: ; ImmutableOopMap {}
                      ;*invokevirtual getShells {reexecute=0 rethrow=0 return_oop=0}
                      ; - org.eclipse.swt.widgets.Display::runSettings@30 (line 5164)
  0x00007fed60674200: 7c11 3107 

  0x00007fed60674204: ;   {other}
  0x00007fed60674204: 0f1f 8400 | f403 0003 | 4889 4424 

  0x00007fed60674210: ;   {metadata(method data for {method} {0x00007fecfff08c58} 'runSettings' '()Z' in 'org/eclipse/swt/widgets/Display')}
  0x00007fed60674210: 5848 be98 | 4268 02ed | 7f00 00ff | 8638 0200 | 00bf 0000 | 0000 6690 

  0x00007fed60674228: ; implicit exception: dispatches to 0x00007fed606748a5
  0x00007fed60674228: 8b70 0c3b | febb 0200 | 0000 7c05 | bb00 0000 

  0x00007fed60674238: ;   {metadata(method data for {method} {0x00007fecfff08c58} 'runSettings' '()Z' in 'org/eclipse/swt/widgets/Display')}
  0x00007fed60674238: 0048 ba98 | 4268 02ed | 7f00 008b | 8af8 0000 | 0003 cb89 | 8af8 0000 | 0085 db75 | 05b9 0200 
  0x00007fed60674258: 0000 81e1 | fe3f 0000 | 85c9 0f84 | 4206 0000 | 4d8b 9750 

  0x00007fed6067426c: ; ImmutableOopMap {rax=Oop [88]=Oop }
                      ;*if_icmplt {reexecute=1 rethrow=0 return_oop=0}
                      ; - (reexecute) org.eclipse.swt.widgets.Display::runSettings@71 (line 5165)
                      ;   {poll}
  0x00007fed6067426c: 0400 0041 | 8502 3bfe 

  0x00007fed60674274: ;   {metadata(method data for {method} {0x00007fecfff08c58} 'runSettings' '()Z' in 'org/eclipse/swt/widgets/Display')}
  0x00007fed60674274: 48be 9842 | 6802 ed7f | 0000 48c7 | c360 0300 | 007d 0748 | c7c3 5003 | 0000 488b | 141e 488d 
  0x00007fed60674294: 5201 4889 | 141e 0f8d | b405 0000 | 4863 f78b | 5cb0 1048 | 895c 2448 

  0x00007fed606742ac: ; implicit exception: dispatches to 0x00007fed606748cb
  0x00007fed606742ac: 483b 0348 

  0x00007fed606742b0: ;   {metadata(method data for {method} {0x00007fecfff08c58} 'runSettings' '()Z' in 'org/eclipse/swt/widgets/Display')}
  0x00007fed606742b0: 8bf3 48ba | 9842 6802 | ed7f 0000 | 8b76 0849 | ba00 0000 | 03ed 7f00 | 0049 03f2 | 483b b260 
  0x00007fed606742d0: 0200 0075 | 0d48 8382 | 6802 0000 | 01e9 6000 | 0000 483b | b270 0200 | 0075 0d48 | 8382 7802 
  0x00007fed606742f0: 0000 01e9 | 4a00 0000 | 4883 ba60 | 0200 0000 | 7517 4889 | b260 0200 | 0048 c782 | 6802 0000 
  0x00007fed60674310: 0100 0000 | e929 0000 | 0048 83ba | 7002 0000 | 0075 1748 | 89b2 7002 | 0000 48c7 | 8278 0200 
  0x00007fed60674330: 0001 0000 | 00e9 0800 | 0000 4883 | 8250 0200 

  0x00007fed60674340: ;   {metadata(method data for {method} {0x00007fecffe81bb0} 'isDisposed' '()Z' in 'org/eclipse/swt/widgets/Widget')}
  0x00007fed60674340: 0001 48be | 802e 7601 | ed7f 0000 | 8b96 f400 | 0000 83c2 | 0289 96f4 | 0000 0081 | e2fe ff1f 
  0x00007fed60674360: 0085 d20f | 8467 0500 | 008b 7318 | 83e6 0185 

  0x00007fed60674370: ;   {metadata(method data for {method} {0x00007fecffe81bb0} 'isDisposed' '()Z' in 'org/eclipse/swt/widgets/Widget')}
  0x00007fed60674370: f648 be80 | 2e76 01ed | 7f00 0048 | c7c2 3801 | 0000 7407 | 48c7 c248 | 0100 0048 | 8b0c 1648 
  0x00007fed60674390: 8d49 0148 | 890c 160f | 840a 0000 | 00be 0100 | 0000 e905 | 0000 00be | 0000 0000 

  0x00007fed606743ac: ;   {metadata(method data for {method} {0x00007fecfff08c58} 'runSettings' '()Z' in 'org/eclipse/swt/widgets/Display')}
  0x00007fed606743ac: 85f6 48be | 9842 6802 | ed7f 0000 | 48c7 c288 | 0200 0075 | 0748 c7c2 | 9802 0000 | 488b 0c16 
  0x00007fed606743cc: 488d 4901 | 4889 0c16 | 897c 2450 | 0f85 6604 | 0000 488b 

  0x00007fed606743e0: ;   {metadata(method data for {method} {0x00007fecfff08c58} 'runSettings' '()Z' in 'org/eclipse/swt/widgets/Display')}
  0x00007fed606743e0: f348 ba98 | 4268 02ed | 7f00 008b | 7608 49ba | 0000 0003 | ed7f 0000 | 4903 f248 | 3bb2 b802 
  0x00007fed60674400: 0000 750d | 4883 82c0 | 0200 0001 | e960 0000 | 0048 3bb2 | c802 0000 | 750d 4883 | 82d0 0200 
  0x00007fed60674420: 0001 e94a | 0000 0048 | 83ba b802 | 0000 0075 | 1748 89b2 | b802 0000 | 48c7 82c0 | 0200 0001 
  0x00007fed60674440: 0000 00e9 | 2900 0000 | 4883 bac8 | 0200 0000 | 7517 4889 | b2c8 0200 | 0048 c782 | d002 0000 
  0x00007fed60674460: 0100 0000 | e908 0000 | 0048 8382 | a802 0000 | 0148 8bf3 

  0x00007fed60674474: ;   {optimized virtual_call}
  0x00007fed60674474: 6666 90e8 

  0x00007fed60674478: ; ImmutableOopMap {[72]=Oop [88]=Oop }
                      ;*invokevirtual fixStyle {reexecute=0 rethrow=0 return_oop=0}
                      ; - org.eclipse.swt.widgets.Display::runSettings@51 (line 5168)
  0x00007fed60674478: 040f 3107 

  0x00007fed6067447c: ;   {other}
  0x00007fed6067447c: 0f1f 8400 | 6c06 0005 | 488b 5c24 

  0x00007fed60674488: ;   {metadata(method data for {method} {0x00007fecfff08c58} 'runSettings' '()Z' in 'org/eclipse/swt/widgets/Display')}
  0x00007fed60674488: 4848 ba98 | 4268 02ed | 7f00 008b | 5b08 49ba | 0000 0003 | ed7f 0000 | 4903 da48 | 3b9a f002 
  0x00007fed606744a8: 0000 750d | 4883 82f8 | 0200 0001 | e960 0000 | 0048 3b9a | 0003 0000 | 750d 4883 | 8208 0300 
  0x00007fed606744c8: 0001 e94a | 0000 0048 | 83ba f002 | 0000 0075 | 1748 899a | f002 0000 | 48c7 82f8 | 0200 0001 
  0x00007fed606744e8: 0000 00e9 | 2900 0000 | 4883 ba00 | 0300 0000 | 7517 4889 | 9a00 0300 | 0048 c782 | 0803 0000 
  0x00007fed60674508: 0100 0000 | e908 0000 | 0048 8382 | e002 0000 | 01ba 0100 | 0000 488b | 7424 480f 

  0x00007fed60674524: ;   {optimized virtual_call}
  0x00007fed60674524: 1f40 00e8 

  0x00007fed60674528: ; ImmutableOopMap {[72]=Oop [88]=Oop }
                      ;*invokevirtual redraw {reexecute=0 rethrow=0 return_oop=0}
                      ; - org.eclipse.swt.widgets.Display::runSettings@56 (line 5169)
  0x00007fed60674528: 540e 3107 

  0x00007fed6067452c: ;   {other}
  0x00007fed6067452c: 0f1f 8400 | 1c07 0006 | 488b 5c24 

  0x00007fed60674538: ;   {metadata(method data for {method} {0x00007fecfff08c58} 'runSettings' '()Z' in 'org/eclipse/swt/widgets/Display')}
  0x00007fed60674538: 4848 be98 | 4268 02ed | 7f00 008b | 5b08 49ba | 0000 0003 | ed7f 0000 | 4903 da48 | 3b9e 2803 
  0x00007fed60674558: 0000 750d | 4883 8630 | 0300 0001 | e960 0000 | 0048 3b9e | 3803 0000 | 750d 4883 | 8640 0300 
  0x00007fed60674578: 0001 e94a | 0000 0048 | 83be 2803 | 0000 0075 | 1748 899e | 2803 0000 | 48c7 8630 | 0300 0001 
  0x00007fed60674598: 0000 00e9 | 2900 0000 | 4883 be38 | 0300 0000 | 7517 4889 | 9e38 0300 | 0048 c786 | 4003 0000 
  0x00007fed606745b8: 0100 0000 | e908 0000 | 0048 8386 | 1803 0000 

  0x00007fed606745c8: ;   {metadata(method data for {method} {0x00007fecffea6130} 'layout' '(ZZ)V' in 'org/eclipse/swt/widgets/Composite')}
  0x00007fed606745c8: 0148 be00 | 806b 02ed | 7f00 008b | bef4 0000 | 0083 c702 | 89be f400 | 0000 81e7 | feff 1f00 
  0x00007fed606745e8: 85ff 0f84 | 0103 0000 | 488b 5c24 

  0x00007fed606745f4: ;   {metadata(method data for {method} {0x00007fecffea6130} 'layout' '(ZZ)V' in 'org/eclipse/swt/widgets/Composite')}
  0x00007fed606745f4: 4848 be00 | 806b 02ed | 7f00 008b | 5b08 49ba | 0000 0003 | ed7f 0000 | 4903 da48 | 3b9e 4801 
  0x00007fed60674614: 0000 750d | 4883 8650 | 0100 0001 | e960 0000 | 0048 3b9e | 5801 0000 | 750d 4883 | 8660 0100 
  0x00007fed60674634: 0001 e94a | 0000 0048 | 83be 4801 | 0000 0075 | 1748 899e | 4801 0000 | 48c7 8650 | 0100 0001 
  0x00007fed60674654: 0000 00e9 | 2900 0000 | 4883 be58 | 0100 0000 | 7517 4889 | 9e58 0100 | 0048 c786 | 6001 0000 
  0x00007fed60674674: 0100 0000 | e908 0000 | 0048 8386 | 3801 0000 | 0148 8b74 | 2448 0f1f 

  0x00007fed6067468c: ;   {optimized virtual_call}
  0x00007fed6067468c: 4400 00e8 

  0x00007fed60674690: ; ImmutableOopMap {[72]=Oop [88]=Oop }
                      ;*invokevirtual checkWidget {reexecute=0 rethrow=0 return_oop=0}
                      ; - org.eclipse.swt.widgets.Composite::layout@1 (line 1164)
                      ; - org.eclipse.swt.widgets.Display::runSettings@62 (line 5170)
  0x00007fed60674690: ec0c 3107 

  0x00007fed60674694: ;   {other}
  0x00007fed60674694: 0f1f 8400 | 8408 0007 | 488b 5c24 | 488b 9308 | 0100 0048 

  0x00007fed606746a8: ;   {metadata(method data for {method} {0x00007fecffea6130} 'layout' '(ZZ)V' in 'org/eclipse/swt/widgets/Composite')}
  0x00007fed606746a8: 85d2 48ba | 0080 6b02 | ed7f 0000 | 48c7 c170 | 0100 0075 | 0748 c7c1 | 8001 0000 | 488b 340a 
  0x00007fed606746c8: 488d 7601 | 4889 340a | 0f85 1000 

  0x00007fed606746d4: ;   {metadata(method data for {method} {0x00007fecffea6130} 'layout' '(ZZ)V' in 'org/eclipse/swt/widgets/Composite')}
  0x00007fed606746d4: 0000 48ba | 0080 6b02 | ed7f 0000 | ff82 9001 | 0000 488b 

  0x00007fed606746e8: ;   {metadata(method data for {method} {0x00007fecffea6130} 'layout' '(ZZ)V' in 'org/eclipse/swt/widgets/Composite')}
  0x00007fed606746e8: d348 b900 | 806b 02ed | 7f00 008b | 5208 49ba | 0000 0003 | ed7f 0000 | 4903 d248 | 3b91 c001 
  0x00007fed60674708: 0000 750d | 4883 81c8 | 0100 0001 | e960 0000 | 0048 3b91 | d001 0000 | 750d 4883 | 81d8 0100 
  0x00007fed60674728: 0001 e94a | 0000 0048 | 83b9 c001 | 0000 0075 | 1748 8991 | c001 0000 | 48c7 81c8 | 0100 0001 
  0x00007fed60674748: 0000 00e9 | 2900 0000 | 4883 b9d0 | 0100 0000 | 7517 4889 | 91d0 0100 | 0048 c781 | d801 0000 
  0x00007fed60674768: 0100 0000 | e908 0000 | 0048 8381 | b001 0000 | 01ba 0100 | 0000 b901 | 0000 0048 

  0x00007fed60674784: ;   {optimized virtual_call}
  0x00007fed60674784: 8bf3 90e8 

  0x00007fed60674788: ; ImmutableOopMap {[72]=Oop [88]=Oop }
                      ;*invokevirtual markLayout {reexecute=0 rethrow=0 return_oop=0}
                      ; - org.eclipse.swt.widgets.Composite::layout@19 (line 1166)
                      ; - org.eclipse.swt.widgets.Display::runSettings@62 (line 5170)
  0x00007fed60674788: f40b 3107 

  0x00007fed6067478c: ;   {other}
  0x00007fed6067478c: 0f1f 8400 | 7c09 0008 | 488b 5c24 

  0x00007fed60674798: ;   {metadata(method data for {method} {0x00007fecffea6130} 'layout' '(ZZ)V' in 'org/eclipse/swt/widgets/Composite')}
  0x00007fed60674798: 4848 ba00 | 806b 02ed | 7f00 008b | 5b08 49ba | 0000 0003 | ed7f 0000 | 4903 da48 | 3b9a f801 
  0x00007fed606747b8: 0000 750d | 4883 8200 | 0200 0001 | e960 0000 | 0048 3b9a | 0802 0000 | 750d 4883 | 8210 0200 
  0x00007fed606747d8: 0001 e94a | 0000 0048 | 83ba f801 | 0000 0075 | 1748 899a | f801 0000 | 48c7 8200 | 0200 0001 
  0x00007fed606747f8: 0000 00e9 | 2900 0000 | 4883 ba08 | 0200 0000 | 7517 4889 | 9a08 0200 | 0048 c782 | 1002 0000 
  0x00007fed60674818: 0100 0000 | e908 0000 | 0048 8382 | e801 0000 | 01ba 0100 | 0000 488b | 7424 480f 

  0x00007fed60674834: ;   {optimized virtual_call}
  0x00007fed60674834: 1f40 00e8 

  0x00007fed60674838: ; ImmutableOopMap {[88]=Oop }
                      ;*invokevirtual updateLayout {reexecute=0 rethrow=0 return_oop=0}
                      ; - org.eclipse.swt.widgets.Composite::layout@24 (line 1167)
                      ; - org.eclipse.swt.widgets.Display::runSettings@62 (line 5170)
  0x00007fed60674838: 440b 3107 

  0x00007fed6067483c: ;   {other}
  0x00007fed6067483c: 0f1f 8400 | 2c0a 0009 | 8b7c 2450 | ffc7 488b | 4424 58e9 | d4f9 ffff | b801 0000 | 0048 83c4 
  0x00007fed6067485c: ;   {poll_return}
  0x00007fed6067485c: 705d 493b | a748 0400 | 000f 87a7 | 0000 00c3 | b800 0000 | 0048 83c4 

  0x00007fed60674874: ;   {poll_return}
  0x00007fed60674874: 705d 493b | a748 0400 | 000f 87a5 | 0000 00c3 

  0x00007fed60674884: ;   {metadata({method} {0x00007fecfff08c58} 'runSettings' '()Z' in 'org/eclipse/swt/widgets/Display')}
  0x00007fed60674884: 49ba 588c | f0ff ec7f | 0000 4c89 | 5424 0848 | c704 24ff 

  0x00007fed60674898: ;   {runtime_call counter_overflow Runtime1 stub}
  0x00007fed60674898: ffff ffe8 

  0x00007fed6067489c: ; ImmutableOopMap {rsi=Oop }
                      ;*synchronization entry
                      ; - org.eclipse.swt.widgets.Display::runSettings@-1 (line 5159)
  0x00007fed6067489c: 6079 3d07 | e91d f8ff 

  0x00007fed606748a4: ;   {runtime_call throw_null_pointer_exception Runtime1 stub}
  0x00007fed606748a4: ffe8 5621 

  0x00007fed606748a8: ; ImmutableOopMap {rax=Oop [88]=Oop }
                      ;*arraylength {reexecute=0 rethrow=0 return_oop=0}
                      ; - org.eclipse.swt.widgets.Display::runSettings@70 (line 5165)
                      ;   {metadata({method} {0x00007fecfff08c58} 'runSettings' '()Z' in 'org/eclipse/swt/widgets/Display')}
  0x00007fed606748a8: 3d07 49ba | 588c f0ff | ec7f 0000 | 4c89 5424 | 0848 c704 | 2447 0000 

  0x00007fed606748c0: ;   {runtime_call counter_overflow Runtime1 stub}
  0x00007fed606748c0: 00e8 3a79 

  0x00007fed606748c4: ; ImmutableOopMap {rax=Oop [88]=Oop }
                      ;*if_icmplt {reexecute=1 rethrow=0 return_oop=0}
                      ; - (reexecute) org.eclipse.swt.widgets.Display::runSettings@71 (line 5165)
  0x00007fed606748c4: 3d07 e99d 

  0x00007fed606748c8: ;   {runtime_call throw_null_pointer_exception Runtime1 stub}
  0x00007fed606748c8: f9ff ffe8 

  0x00007fed606748cc: ; ImmutableOopMap {rax=Oop rbx=Oop [72]=Oop [88]=Oop }
                      ;*invokevirtual isDisposed {reexecute=0 rethrow=0 return_oop=0}
                      ; - org.eclipse.swt.widgets.Display::runSettings@44 (line 5167)
  0x00007fed606748cc: 3021 3d07 

  0x00007fed606748d0: ;   {metadata({method} {0x00007fecffe81bb0} 'isDisposed' '()Z' in 'org/eclipse/swt/widgets/Widget')}
  0x00007fed606748d0: 49ba b01b | e8ff ec7f | 0000 4c89 | 5424 0848 | c704 24ff 

  0x00007fed606748e4: ;   {runtime_call counter_overflow Runtime1 stub}
  0x00007fed606748e4: ffff ffe8 

  0x00007fed606748e8: ; ImmutableOopMap {rax=Oop rbx=Oop [72]=Oop [88]=Oop }
                      ;*synchronization entry
                      ; - org.eclipse.swt.widgets.Widget::isDisposed@-1 (line 1282)
                      ; - org.eclipse.swt.widgets.Display::runSettings@44 (line 5167)
  0x00007fed606748e8: 1479 3d07 | e978 faff 

  0x00007fed606748f0: ;   {metadata({method} {0x00007fecffea6130} 'layout' '(ZZ)V' in 'org/eclipse/swt/widgets/Composite')}
  0x00007fed606748f0: ff49 ba30 | 61ea ffec | 7f00 004c | 8954 2408 | 48c7 0424 | ffff ffff 

  0x00007fed60674908: ;   {runtime_call counter_overflow Runtime1 stub}
  0x00007fed60674908: e8f3 783d 

  0x00007fed6067490c: ; ImmutableOopMap {[72]=Oop [88]=Oop }
                      ;*synchronization entry
                      ; - org.eclipse.swt.widgets.Composite::layout@-1 (line 1164)
                      ; - org.eclipse.swt.widgets.Display::runSettings@62 (line 5170)
  0x00007fed6067490c: 07e9 defc 

  0x00007fed60674910: ;   {internal_word}
  0x00007fed60674910: ffff 49ba | 5e48 6760 | ed7f 0000 | 4d89 9760 

  0x00007fed60674920: ;   {runtime_call SafepointBlob}
  0x00007fed60674920: 0400 00e9 | d876 3107 

  0x00007fed60674928: ;   {internal_word}
  0x00007fed60674928: 49ba 7648 | 6760 ed7f | 0000 4d89 | 9760 0400 

  0x00007fed60674938: ;   {runtime_call SafepointBlob}
  0x00007fed60674938: 00e9 c276 | 3107 498b | 87f8 0400 | 0049 c787 | f804 0000 | 0000 0000 | 49c7 8700 | 0500 0000 
  0x00007fed60674958: 0000 0048 | 83c4 705d 

  0x00007fed60674960: ;   {runtime_call unwind_exception Runtime1 stub}
  0x00007fed60674960: e99b ff3c | 07f4 f4f4 
[Stub Code]
  0x00007fed60674968: ;   {no_reloc}
  0x00007fed60674968: 0f1f 4400 

  0x00007fed6067496c: ;   {static_stub}
  0x00007fed6067496c: 0048 bb78 | aef0 ffec 

  0x00007fed60674974: ;   {runtime_call I2C/C2I adapters}
  0x00007fed60674974: 7f00 00e9 | e753 3107 

  0x00007fed6067497c: ;   {static_stub}
  0x00007fed6067497c: 9048 bbc8 | 29f0 ffec 

  0x00007fed60674984: ;   {runtime_call I2C/C2I adapters}
  0x00007fed60674984: 7f00 00e9 | d753 3107 

  0x00007fed6067498c: ;   {static_stub}
  0x00007fed6067498c: 9048 bb00 | 0000 0000 

  0x00007fed60674994: ;   {runtime_call nmethod}
  0x00007fed60674994: 0000 00e9 | fbff ffff 

  0x00007fed6067499c: ;   {static_stub}
  0x00007fed6067499c: 9048 bb00 | 0000 0000 

  0x00007fed606749a4: ;   {runtime_call nmethod}
  0x00007fed606749a4: 0000 00e9 | fbff ffff 

  0x00007fed606749ac: ;   {static_stub}
  0x00007fed606749ac: 9048 bb00 | 0000 0000 

  0x00007fed606749b4: ;   {runtime_call nmethod}
  0x00007fed606749b4: 0000 00e9 | fbff ffff 

  0x00007fed606749bc: ;   {static_stub}
  0x00007fed606749bc: 9048 bb00 | 0000 0000 

  0x00007fed606749c4: ;   {runtime_call nmethod}
  0x00007fed606749c4: 0000 00e9 | fbff ffff 

  0x00007fed606749cc: ;   {static_stub}
  0x00007fed606749cc: 9048 bb00 | 0000 0000 

  0x00007fed606749d4: ;   {runtime_call nmethod}
  0x00007fed606749d4: 0000 00e9 | fbff ffff 

  0x00007fed606749dc: ;   {static_stub}
  0x00007fed606749dc: 9048 bb00 | 0000 0000 

  0x00007fed606749e4: ;   {runtime_call nmethod}
  0x00007fed606749e4: 0000 00e9 | fbff ffff 

  0x00007fed606749ec: ;   {static_stub}
  0x00007fed606749ec: 9048 bb00 | 0000 0000 

  0x00007fed606749f4: ;   {runtime_call nmethod}
  0x00007fed606749f4: 0000 00e9 | fbff ffff 
[Exception Handler]
  0x00007fed606749fc: ;   {runtime_call handle_exception_from_callee Runtime1 stub}
  0x00007fed606749fc: e87f 423d 

  0x00007fed60674a00: ;   {external_word}
  0x00007fed60674a00: 0748 bfa2 | e1a7 7fed | 7f00 0048 

  0x00007fed60674a0c: ;   {runtime_call}
  0x00007fed60674a0c: 83e4 f0e8 | 1c25 ea1e 

  0x00007fed60674a14: ;   {section_word}
  0x00007fed60674a14: f449 ba15 | 4a67 60ed | 7f00 0041 

  0x00007fed60674a20: ;   {runtime_call DeoptimizationBlob}
  0x00007fed60674a20: 52e9 7a68 | 3107 f4f4 
[/MachCode]


Compiled method (c1) 11190 9161       3       org.eclipse.swt.widgets.Display::readAndDispatch (88 bytes)
 total in heap  [0x00007fed60c50110,0x00007fed60c50b38] = 2600
 relocation     [0x00007fed60c50268,0x00007fed60c50358] = 240
 main code      [0x00007fed60c50360,0x00007fed60c508d8] = 1400
 stub code      [0x00007fed60c508d8,0x00007fed60c50998] = 192
 oops           [0x00007fed60c50998,0x00007fed60c509a0] = 8
 metadata       [0x00007fed60c509a0,0x00007fed60c509c8] = 40
 scopes data    [0x00007fed60c509c8,0x00007fed60c50a40] = 120
 scopes pcs     [0x00007fed60c50a40,0x00007fed60c50b20] = 224
 dependencies   [0x00007fed60c50b20,0x00007fed60c50b28] = 8
 nul chk table  [0x00007fed60c50b28,0x00007fed60c50b38] = 16

[Constant Pool (empty)]

[MachCode]
[Entry Point]
  # {method} {0x00007fecfff06b00} 'readAndDispatch' '()Z' in 'org/eclipse/swt/widgets/Display'
  #           [sp+0x70]  (sp of caller)
  0x00007fed60c50360: 448b 5608 | 49bb 0000 | 0003 ed7f | 0000 4d03 | d34c 3bd0 

  0x00007fed60c50374: ;   {runtime_call ic_miss_stub}
  0x00007fed60c50374: 0f85 064d | d306 660f | 1f44 0000 
[Verified Entry Point]
  0x00007fed60c50380: 8984 2400 | c0fe ff55 | 4883 ec60 | 4181 7f20 | 0b00 0000 

  0x00007fed60c50394: ;   {runtime_call StubRoutines (final stubs)}
  0x00007fed60c50394: 7405 e8e5 

  0x00007fed60c50398: ;   {metadata(method data for {method} {0x00007fecfff06b00} 'readAndDispatch' '()Z' in 'org/eclipse/swt/widgets/Display')}
  0x00007fed60c50398: b0d1 0648 | bfe0 7a65 | 02ed 7f00 | 008b 9ff4 | 0000 0083 | c302 899f | f400 0000 | 81e3 fe07 
  0x00007fed60c503b8: 0000 85db | 0f84 6204 | 0000 488b 

  0x00007fed60c503c4: ;   {metadata(method data for {method} {0x00007fecfff06b00} 'readAndDispatch' '()Z' in 'org/eclipse/swt/widgets/Display')}
  0x00007fed60c503c4: fe48 bbe0 | 7a65 02ed 

  0x00007fed60c503cc: ;   {metadata('org/eclipse/swt/widgets/Display')}
  0x00007fed60c503cc: 7f00 0049 | bad8 711c | 04ed 7f00 | 004c 8993 | 4801 0000 | 4883 8350 | 0100 0001 | 488b fe48 
  0x00007fed60c503ec: 8bf7 4889 | 7c24 400f 

  0x00007fed60c503f4: ;   {optimized virtual_call}
  0x00007fed60c503f4: 1f40 00e8 

  0x00007fed60c503f8: ; ImmutableOopMap {[64]=Oop }
                      ;*invokevirtual checkDevice {reexecute=0 rethrow=0 return_oop=0}
                      ; - org.eclipse.swt.widgets.Display::readAndDispatch@1 (line 4532)
  0x00007fed60c503f8: 44a5 3500 

  0x00007fed60c503fc: ;   {other}
  0x00007fed60c503fc: 0f1f 8400 | ec02 0000 | 488b 7424 

  0x00007fed60c50408: ;   {metadata(method data for {method} {0x00007fecfff06b00} 'readAndDispatch' '()Z' in 'org/eclipse/swt/widgets/Display')}
  0x00007fed60c50408: 4048 bfe0 | 7a65 02ed 

  0x00007fed60c50410: ;   {metadata('org/eclipse/swt/widgets/Display')}
  0x00007fed60c50410: 7f00 0049 | bad8 711c | 04ed 7f00 | 004c 8997 | 8001 0000 | 4883 8788 | 0100 0001 | 488b 7424 
  0x00007fed60c50430: 4066 0f1f 

  0x00007fed60c50434: ;   {optimized virtual_call}
  0x00007fed60c50434: 4400 00e8 

  0x00007fed60c50438: ; ImmutableOopMap {[64]=Oop }
                      ;*invokevirtual runSkin {reexecute=0 rethrow=0 return_oop=0}
                      ; - org.eclipse.swt.widgets.Display::readAndDispatch@5 (line 4533)
  0x00007fed60c50438: 0400 7300 

  0x00007fed60c5043c: ;   {other}
  0x00007fed60c5043c: 0f1f 8400 | 2c03 0001 | 488b 7424 

  0x00007fed60c50448: ;   {metadata(method data for {method} {0x00007fecfff06b00} 'readAndDispatch' '()Z' in 'org/eclipse/swt/widgets/Display')}
  0x00007fed60c50448: 4048 bfe0 | 7a65 02ed 

  0x00007fed60c50450: ;   {metadata('org/eclipse/swt/widgets/Display')}
  0x00007fed60c50450: 7f00 0049 | bad8 711c | 04ed 7f00 | 004c 8997 | b801 0000 | 4883 87c0 | 0100 0001 | 488b 7424 
  0x00007fed60c50470: 4066 0f1f 

  0x00007fed60c50474: ;   {optimized virtual_call}
  0x00007fed60c50474: 4400 00e8 

  0x00007fed60c50478: ; ImmutableOopMap {[64]=Oop }
                      ;*invokevirtual runDeferredLayouts {reexecute=0 rethrow=0 return_oop=0}
                      ; - org.eclipse.swt.widgets.Display::readAndDispatch@10 (line 4534)
  0x00007fed60c50478: 24d2 dbff 

  0x00007fed60c5047c: ;   {other}
  0x00007fed60c5047c: 0f1f 8400 | 6c03 0002 | 488b 7424 

  0x00007fed60c50488: ;   {metadata(method data for {method} {0x00007fecfff06b00} 'readAndDispatch' '()Z' in 'org/eclipse/swt/widgets/Display')}
  0x00007fed60c50488: 4048 bfe0 | 7a65 02ed 

  0x00007fed60c50490: ;   {metadata('org/eclipse/swt/widgets/Display')}
  0x00007fed60c50490: 7f00 0049 | bad8 711c | 04ed 7f00 | 004c 8997 | f001 0000 | 4883 87f8 | 0100 0001 | 488b 7424 
  0x00007fed60c504b0: 4066 0f1f 

  0x00007fed60c504b4: ;   {optimized virtual_call}
  0x00007fed60c504b4: 4400 00e8 

  0x00007fed60c504b8: ; ImmutableOopMap {[64]=Oop }
                      ;*invokevirtual runSettings {reexecute=0 rethrow=0 return_oop=0}
                      ; - org.eclipse.swt.widgets.Display::readAndDispatch@18 (line 4536)
  0x00007fed60c504b8: c43b a2ff 

  0x00007fed60c504bc: ;   {other}
  0x00007fed60c504bc: 0f1f 8400 | ac03 0003 | 488b 7424 

  0x00007fed60c504c8: ;   {metadata(method data for {method} {0x00007fecfff06b00} 'readAndDispatch' '()Z' in 'org/eclipse/swt/widgets/Display')}
  0x00007fed60c504c8: 4048 bfe0 | 7a65 02ed 

  0x00007fed60c504d0: ;   {metadata('org/eclipse/swt/widgets/Display')}
  0x00007fed60c504d0: 7f00 0049 | bad8 711c | 04ed 7f00 | 004c 8997 | 2802 0000 | 4883 8730 | 0200 0001 | 488b 7424 
  0x00007fed60c504f0: 4089 4424 

  0x00007fed60c504f4: ;   {optimized virtual_call}
  0x00007fed60c504f4: 4866 90e8 

  0x00007fed60c504f8: ; ImmutableOopMap {[64]=Oop }
                      ;*invokevirtual runPopups {reexecute=0 rethrow=0 return_oop=0}
                      ; - org.eclipse.swt.widgets.Display::readAndDispatch@25 (line 4537)
  0x00007fed60c504f8: 4466 0b00 

  0x00007fed60c504fc: ;   {other}
  0x00007fed60c504fc: 0f1f 8400 | ec03 0004 | 8b74 2448 

  0x00007fed60c50508: ;   {metadata(method data for {method} {0x00007fecfff06b00} 'readAndDispatch' '()Z' in 'org/eclipse/swt/widgets/Display')}
  0x00007fed60c50508: 480b f048 | bfe0 7a65 | 02ed 7f00 | 00ff 8750 | 0200 0089 

  0x00007fed60c5051c: ;   {metadata(method data for {method} {0x00007fecfff06b00} 'readAndDispatch' '()Z' in 'org/eclipse/swt/widgets/Display')}
  0x00007fed60c5051c: 7424 4c48 | bfe0 7a65 | 02ed 7f00 | 0048 8387 | 9802 0000 | 0166 0f1f 

  0x00007fed60c50534: ;   {static_call}
  0x00007fed60c50534: 4400 00e8 

  0x00007fed60c50538: ; ImmutableOopMap {[64]=Oop }
                      ;*invokestatic gtk_events_pending {reexecute=0 rethrow=0 return_oop=0}
                      ; - org.eclipse.swt.widgets.Display::readAndDispatch@48 (line 4542)
  0x00007fed60c50538: 840c 7807 

  0x00007fed60c5053c: ;   {other}
  0x00007fed60c5053c: 0f1f 8400 | 2c04 0005 | 0b44 244c 

  0x00007fed60c50548: ;   {metadata(method data for {method} {0x00007fecfff06b00} 'readAndDispatch' '()Z' in 'org/eclipse/swt/widgets/Display')}
  0x00007fed60c50548: 48be e07a | 6502 ed7f | 0000 4883 | 86a8 0200 | 0001 be00 | 0000 0089 | 4424 500f 

  0x00007fed60c50564: ;   {static_call}
  0x00007fed60c50564: 1f40 00e8 

  0x00007fed60c50568: ; ImmutableOopMap {[64]=Oop }
                      ;*invokestatic gtk_main_iteration_do {reexecute=0 rethrow=0 return_oop=0}
                      ; - org.eclipse.swt.widgets.Display::readAndDispatch@54 (line 4543)
  0x00007fed60c50568: d4f0 7707 

  0x00007fed60c5056c: ;   {other}
  0x00007fed60c5056c: 0f1f 8400 | 5c04 0006 | 8b44 2450 

  0x00007fed60c50578: ;   {metadata(method data for {method} {0x00007fecfff06b00} 'readAndDispatch' '()Z' in 'org/eclipse/swt/widgets/Display')}
  0x00007fed60c50578: 85c0 48ba | e07a 6502 | ed7f 0000 | 48c7 c6c8 | 0200 0075 | 0748 c7c6 | b802 0000 | 488b 3c32 
  0x00007fed60c50598: 488d 7f01 | 4889 3c32 | 488b 7424 | 400f 852a | 0200 0048 

  0x00007fed60c505ac: ;   {metadata(method data for {method} {0x00007fecfff06b00} 'readAndDispatch' '()Z' in 'org/eclipse/swt/widgets/Display')}
  0x00007fed60c505ac: 8bd6 48bf | e07a 6502 | ed7f 0000 | 8b52 0849 | ba00 0000 | 03ed 7f00 | 0049 03d2 | 483b 9720 
  0x00007fed60c505cc: 0300 0075 | 0d48 8387 | 2803 0000 | 01e9 6000 | 0000 483b | 9730 0300 | 0075 0d48 | 8387 3803 
  0x00007fed60c505ec: 0000 01e9 | 4a00 0000 | 4883 bf20 | 0300 0000 | 7517 4889 | 9720 0300 | 0048 c787 | 2803 0000 
  0x00007fed60c5060c: 0100 0000 | e929 0000 | 0048 83bf | 3003 0000 | 0075 1748 | 8997 3003 | 0000 48c7 | 8738 0300 
  0x00007fed60c5062c: 0001 0000 | 00e9 0800 | 0000 4883 | 8710 0300 | 0001 0fbe | 5643 83e2 

  0x00007fed60c50644: ;   {metadata(method data for {method} {0x00007fecfff06b00} 'readAndDispatch' '()Z' in 'org/eclipse/swt/widgets/Display')}
  0x00007fed60c50644: 0185 d248 | bae0 7a65 | 02ed 7f00 | 0048 c7c7 | 4803 0000 | 7507 48c7 | c758 0300 | 0048 8b1c 
  0x00007fed60c50664: 3a48 8d5b | 0148 891c | 3a0f 8532 | 0100 0048 

  0x00007fed60c50674: ;   {metadata(method data for {method} {0x00007fecfff06b00} 'readAndDispatch' '()Z' in 'org/eclipse/swt/widgets/Display')}
  0x00007fed60c50674: 8bd6 48bf | e07a 6502 | ed7f 0000 

  0x00007fed60c50680: ;   {metadata('org/eclipse/swt/widgets/Display')}
  0x00007fed60c50680: 49ba d871 | 1c04 ed7f | 0000 4c89 | 9778 0300 | 0048 8387 | 8003 0000 

  0x00007fed60c50698: ;   {metadata(method data for {method} {0x00007fecfff08708} 'runAsyncMessages' '(Z)Z' in 'org/eclipse/swt/widgets/Display')}
  0x00007fed60c50698: 0148 bab8 | 4c68 02ed | 7f00 008b | baf4 0000 | 0083 c702 | 89ba f400 | 0000 81e7 | feff 1f00 
  0x00007fed60c506b8: 85ff 0f84 | 8501 0000 | 8bb6 0003 | 0000 483b | 0648 8bd6 

  0x00007fed60c506cc: ;   {metadata(method data for {method} {0x00007fecfff08708} 'runAsyncMessages' '(Z)Z' in 'org/eclipse/swt/widgets/Display')}
  0x00007fed60c506cc: 48bf b84c | 6802 ed7f | 0000 8b52 | 0849 ba00 | 0000 03ed | 7f00 0049 | 03d2 483b | 9748 0100 
  0x00007fed60c506ec: 0075 0d48 | 8387 5001 | 0000 01e9 | 6000 0000 | 483b 9758 | 0100 0075 | 0d48 8387 | 6001 0000 
  0x00007fed60c5070c: 01e9 4a00 | 0000 4883 | bf48 0100 | 0000 7517 | 4889 9748 | 0100 0048 | c787 5001 | 0000 0100 
  0x00007fed60c5072c: 0000 e929 | 0000 0048 | 83bf 5801 | 0000 0075 | 1748 8997 | 5801 0000 | 48c7 8760 | 0100 0001 
  0x00007fed60c5074c: 0000 00e9 | 0800 0000 | 4883 8738 | 0100 0001 | ba00 0000 | 0066 0f1f 

  0x00007fed60c50764: ;   {optimized virtual_call}
  0x00007fed60c50764: 4400 00e8 

  0x00007fed60c50768: ; ImmutableOopMap {}
                      ;*invokevirtual runAsyncMessages {reexecute=0 rethrow=0 return_oop=0}
                      ; - org.eclipse.swt.widgets.Display::runAsyncMessages@5 (line 5084)
                      ; - org.eclipse.swt.widgets.Display::readAndDispatch@78 (line 4549)
  0x00007fed60c50768: c101 0000 

  0x00007fed60c5076c: ;   {other}
  0x00007fed60c5076c: 0f1f 8400 | 5c06 0007 | 83e0 0185 

  0x00007fed60c50778: ;   {metadata(method data for {method} {0x00007fecfff06b00} 'readAndDispatch' '()Z' in 'org/eclipse/swt/widgets/Display')}
  0x00007fed60c50778: c048 b8e0 | 7a65 02ed | 7f00 0048 | c7c6 b003 | 0000 7407 | 48c7 c6a0 | 0300 0048 | 8b3c 3048 
  0x00007fed60c50798: 8d7f 0148 | 893c 300f | 8418 0000 | 00b8 0100 | 0000 4883 

  0x00007fed60c507ac: ;   {poll_return}
  0x00007fed60c507ac: c460 5d49 | 3ba7 4804 | 0000 0f87 | af00 0000 | c3b8 0000 | 0000 4883 

  0x00007fed60c507c4: ;   {poll_return}
  0x00007fed60c507c4: c460 5d49 | 3ba7 4804 | 0000 0f87 | ad00 0000 | c348 8bfe 

  0x00007fed60c507d8: ;   {metadata(method data for {method} {0x00007fecfff06b00} 'readAndDispatch' '()Z' in 'org/eclipse/swt/widgets/Display')}
  0x00007fed60c507d8: 48bb e07a | 6502 ed7f 

  0x00007fed60c507e0: ;   {metadata('org/eclipse/swt/widgets/Display')}
  0x00007fed60c507e0: 0000 49ba | d871 1c04 | ed7f 0000 | 4c89 93e8 | 0200 0048 | 8383 f002 | 0000 010f 

  0x00007fed60c507fc: ;   {optimized virtual_call}
  0x00007fed60c507fc: 1f40 00e8 

  0x00007fed60c50800: ; ImmutableOopMap {}
                      ;*invokevirtual runDeferredEvents {reexecute=0 rethrow=0 return_oop=0}
                      ; - org.eclipse.swt.widgets.Display::readAndDispatch@63 (line 4546)
  0x00007fed60c50800: 3901 0000 

  0x00007fed60c50804: ;   {other}
  0x00007fed60c50804: 0f1f 8400 | f406 0008 | b801 0000 | 0048 83c4 

  0x00007fed60c50814: ;   {poll_return}
  0x00007fed60c50814: 605d 493b | a748 0400 | 000f 8774 | 0000 00c3 

  0x00007fed60c50824: ;   {metadata({method} {0x00007fecfff06b00} 'readAndDispatch' '()Z' in 'org/eclipse/swt/widgets/Display')}
  0x00007fed60c50824: 49ba 006b | f0ff ec7f | 0000 4c89 | 5424 0848 | c704 24ff 

  0x00007fed60c50838: ;   {runtime_call counter_overflow Runtime1 stub}
  0x00007fed60c50838: ffff ffe8 

  0x00007fed60c5083c: ; ImmutableOopMap {rsi=Oop }
                      ;*synchronization entry
                      ; - org.eclipse.swt.widgets.Display::readAndDispatch@-1 (line 4532)
  0x00007fed60c5083c: c0b9 df06 | e97d fbff 

  0x00007fed60c50844: ;   {metadata({method} {0x00007fecfff08708} 'runAsyncMessages' '(Z)Z' in 'org/eclipse/swt/widgets/Display')}
  0x00007fed60c50844: ff49 ba08 | 87f0 ffec | 7f00 004c | 8954 2408 | 48c7 0424 | ffff ffff 

  0x00007fed60c5085c: ;   {runtime_call counter_overflow Runtime1 stub}
  0x00007fed60c5085c: e89f b9df 

  0x00007fed60c50860: ; ImmutableOopMap {rsi=Oop }
                      ;*synchronization entry
                      ; - org.eclipse.swt.widgets.Display::runAsyncMessages@-1 (line 5084)
                      ; - org.eclipse.swt.widgets.Display::readAndDispatch@78 (line 4549)
  0x00007fed60c50860: 06e9 5afe 

  0x00007fed60c50864: ;   {runtime_call throw_null_pointer_exception Runtime1 stub}
  0x00007fed60c50864: ffff e895 

  0x00007fed60c50868: ; ImmutableOopMap {rsi=Oop }
                      ;*invokevirtual runAsyncMessages {reexecute=0 rethrow=0 return_oop=0}
                      ; - org.eclipse.swt.widgets.Display::runAsyncMessages@5 (line 5084)
                      ; - org.eclipse.swt.widgets.Display::readAndDispatch@78 (line 4549)
                      ;   {internal_word}
  0x00007fed60c50868: 61df 0649 | baaf 07c5 | 60ed 7f00 | 004d 8997 | 6004 0000 

  0x00007fed60c5087c: ;   {runtime_call SafepointBlob}
  0x00007fed60c5087c: e97f b7d3 

  0x00007fed60c50880: ;   {internal_word}
  0x00007fed60c50880: 0649 bac7 | 07c5 60ed | 7f00 004d | 8997 6004 

  0x00007fed60c50890: ;   {runtime_call SafepointBlob}
  0x00007fed60c50890: 0000 e969 

  0x00007fed60c50894: ;   {internal_word}
  0x00007fed60c50894: b7d3 0649 | ba16 08c5 | 60ed 7f00 | 004d 8997 | 6004 0000 

  0x00007fed60c508a8: ;   {runtime_call SafepointBlob}
  0x00007fed60c508a8: e953 b7d3 | 0649 8b87 | f804 0000 | 49c7 87f8 | 0400 0000 | 0000 0049 | c787 0005 | 0000 0000 
  0x00007fed60c508c8: 0000 4883 

  0x00007fed60c508cc: ;   {runtime_call unwind_exception Runtime1 stub}
  0x00007fed60c508cc: c460 5de9 | 2c40 df06 | f4f4 f4f4 
[Stub Code]
  0x00007fed60c508d8: ;   {no_reloc}
  0x00007fed60c508d8: 0f1f 4400 

  0x00007fed60c508dc: ;   {static_stub}
  0x00007fed60c508dc: 0048 bb00 | 0000 0000 

  0x00007fed60c508e4: ;   {runtime_call nmethod}
  0x00007fed60c508e4: 0000 00e9 | fbff ffff 

  0x00007fed60c508ec: ;   {static_stub}
  0x00007fed60c508ec: 9048 bb00 | 0000 0000 

  0x00007fed60c508f4: ;   {runtime_call nmethod}
  0x00007fed60c508f4: 0000 00e9 | fbff ffff 

  0x00007fed60c508fc: ;   {static_stub}
  0x00007fed60c508fc: 9048 bbc0 | 89f0 ffec 

  0x00007fed60c50904: ;   {runtime_call I2C/C2I adapters}
  0x00007fed60c50904: 7f00 00e9 | 5794 d306 

  0x00007fed60c5090c: ;   {static_stub}
  0x00007fed60c5090c: 9048 bb58 | 8cf0 ffec 

  0x00007fed60c50914: ;   {runtime_call I2C/C2I adapters}
  0x00007fed60c50914: 7f00 00e9 | 4794 d306 

  0x00007fed60c5091c: ;   {static_stub}
  0x00007fed60c5091c: 9048 bb10 | 8bf0 ffec 

  0x00007fed60c50924: ;   {runtime_call I2C/C2I adapters}
  0x00007fed60c50924: 7f00 00e9 | 3794 d306 

  0x00007fed60c5092c: ;   {static_stub}
  0x00007fed60c5092c: 9048 bb20 | 55f5 ffec 

  0x00007fed60c50934: ;   {runtime_call I2C/C2I adapters}
  0x00007fed60c50934: 7f00 00e9 | 2a9d d306 

  0x00007fed60c5093c: ;   {static_stub}
  0x00007fed60c5093c: 9048 bb68 | 88f0 ffec 

  0x00007fed60c50944: ;   {runtime_call I2C/C2I adapters}
  0x00007fed60c50944: 7f00 00e9 | 1794 d306 

  0x00007fed60c5094c: ;   {static_stub}
  0x00007fed60c5094c: 48bb 0000 | 0000 0000 

  0x00007fed60c50954: ;   {runtime_call nmethod}
  0x00007fed60c50954: 0000 e9fb 

  0x00007fed60c50958: ;   {static_stub}
  0x00007fed60c50958: ffff ff48 | bb00 0000 | 0000 0000 

  0x00007fed60c50964: ;   {runtime_call nmethod}
  0x00007fed60c50964: 00e9 fbff 

  0x00007fed60c50968: ;   {runtime_call handle_exception_from_callee Runtime1 stub}
  0x00007fed60c50968: ffff e811 

  0x00007fed60c5096c: ;   {external_word}
  0x00007fed60c5096c: 83df 0648 | bfa2 e1a7 | 7fed 7f00 | 0048 83e4 

  0x00007fed60c5097c: ;   {runtime_call}
  0x00007fed60c5097c: f0e8 ae65 

  0x00007fed60c50980: ;   {section_word}
  0x00007fed60c50980: 8c1e f449 | ba83 09c5 | 60ed 7f00 

  0x00007fed60c5098c: ;   {runtime_call DeoptimizationBlob}
  0x00007fed60c5098c: 0041 52e9 | 0ca9 d306 | f4f4 f4f4 
[/MachCode]


Compiled method (c1) 11213  560       3       java.lang.invoke.DirectMethodHandle$Holder::invokeStatic (15 bytes)
 total in heap  [0x00007fed604c5290,0x00007fed604c5990] = 1792
 relocation     [0x00007fed604c53e8,0x00007fed604c5448] = 96
 main code      [0x00007fed604c5460,0x00007fed604c5860] = 1024
 stub code      [0x00007fed604c5860,0x00007fed604c58b0] = 80
 metadata       [0x00007fed604c58b0,0x00007fed604c58c0] = 16
 scopes data    [0x00007fed604c58c0,0x00007fed604c5908] = 72
 scopes pcs     [0x00007fed604c5908,0x00007fed604c5978] = 112
 dependencies   [0x00007fed604c5978,0x00007fed604c5980] = 8
 nul chk table  [0x00007fed604c5980,0x00007fed604c5990] = 16

[Constant Pool (empty)]

[MachCode]
[Verified Entry Point]
  # {method} {0x00007fed030b4be0} 'invokeStatic' '(Ljava/lang/Object;Ljava/lang/Object;Ljava/lang/Object;)Ljava/lang/Object;' in 'java/lang/invoke/DirectMethodHandle$Holder'
  # parm0:    rsi:rsi   = 'java/lang/Object'
  # parm1:    rdx:rdx   = 'java/lang/Object'
  # parm2:    rcx:rcx   = 'java/lang/Object'
  #           [sp+0x50]  (sp of caller)
  0x00007fed604c5460: e91b 8b47 | 07fe ff55 | 4883 ec40 | 4181 7f20 | 0a00 0000 

  0x00007fed604c5474: ;   {runtime_call StubRoutines (final stubs)}
  0x00007fed604c5474: 7405 e805 

  0x00007fed604c5478: ;   {metadata(method data for {method} {0x00007fed030b4be0} 'invokeStatic' '(Ljava/lang/Object;Ljava/lang/Object;Ljava/lang/Object;)Ljava/lang/Object;' in 'java/lang/invoke/DirectMethodHandle$Holder')}
  0x00007fed604c5478: 604a 0748 | bfd8 2525 | ffec 7f00 | 0048 8dbf | 4802 0000 | 4885 f675 | 0cf6 0701 | 752f f048 
  0x00007fed604c5498: 830f 01eb | 288b 5e08 | 49ba 0000 | 0003 ed7f | 0000 4903 | da4c 8bd3 | 4833 1f48 | f7c3 fcff 
  0x00007fed604c54b8: ffff 7409 | f6c3 0275 | 0448 830f | 0248 85d2 | 750e f647 | 1001 7532 | f048 834f | 1001 eb2a 
  0x00007fed604c54d8: 8b5a 0849 | ba00 0000 | 03ed 7f00 | 0049 03da | 4c8b d348 | 335f 1048 | f7c3 fcff | ffff 740a 
  0x00007fed604c54f8: f6c3 0275 | 0548 834f 

  0x00007fed604c5500: ;   {metadata(method data for {method} {0x00007fed030b4be0} 'invokeStatic' '(Ljava/lang/Object;Ljava/lang/Object;Ljava/lang/Object;)Ljava/lang/Object;' in 'java/lang/invoke/DirectMethodHandle$Holder')}
  0x00007fed604c5500: 1002 48bf | d825 25ff | ec7f 0000 | 8b9f f400 | 0000 83c3 | 0289 9ff4 | 0000 0081 | e3fe 0700 
  0x00007fed604c5520: 0085 db0f | 84a9 0200 

  0x00007fed604c5528: ;   {metadata(method data for {method} {0x00007fed030b4be0} 'invokeStatic' '(Ljava/lang/Object;Ljava/lang/Object;Ljava/lang/Object;)Ljava/lang/Object;' in 'java/lang/invoke/DirectMethodHandle$Holder')}
  0x00007fed604c5528: 0048 bfd8 | 2525 ffec | 7f00 0048 | 8dbf 4801 | 0000 4885 | f675 0ef6 | 4708 0175 | 32f0 4883 
  0x00007fed604c5548: 4f08 01eb | 2a8b 5e08 | 49ba 0000 | 0003 ed7f | 0000 4903 | da4c 8bd3 | 4833 5f08 | 48f7 c3fc 
  0x00007fed604c5568: ffff ff74 | 0af6 c302 | 7505 4883 

  0x00007fed604c5574: ;   {metadata(method data for {method} {0x00007fed030b4be0} 'invokeStatic' '(Ljava/lang/Object;Ljava/lang/Object;Ljava/lang/Object;)Ljava/lang/Object;' in 'java/lang/invoke/DirectMethodHandle$Holder')}
  0x00007fed604c5574: 4f08 0248 | bfd8 2525 | ffec 7f00 | 0048 8387 | 3801 0000 

  0x00007fed604c5588: ;   {metadata(method data for {method} {0x00007fed030a3318} 'internalMemberName' '(Ljava/lang/Object;)Ljava/lang/Object;' in 'java/lang/invoke/DirectMethodHandle')}
  0x00007fed604c5588: 0148 bf70 | 1124 ffec | 7f00 008b | 9ff4 0000 | 0083 c302 | 899f f400 | 0000 81e3 | feff 1f00 
  0x00007fed604c55a8: 85db 0f84 | 4302 0000 | 4885 f675 

  0x00007fed604c55b4: ;   {metadata(method data for {method} {0x00007fed030a3318} 'internalMemberName' '(Ljava/lang/Object;)Ljava/lang/Object;' in 'java/lang/invoke/DirectMethodHandle')}
  0x00007fed604c55b4: 1648 bb70 | 1124 ffec | 7f00 0080 | 8b31 0100 | 0001 e9cd 

  0x00007fed604c55c8: ;   {metadata('java/lang/invoke/DirectMethodHandle')}
  0x00007fed604c55c8: 0000 0048 | b890 0a0a | 03ed 7f00 | 008b 5e08 | 49ba 0000 | 0003 ed7f | 0000 4903 | da48 3b43 
  0x00007fed604c55e8: 400f 858d 

  0x00007fed604c55ec: ;   {metadata(method data for {method} {0x00007fed030a3318} 'internalMemberName' '(Ljava/lang/Object;)Ljava/lang/Object;' in 'java/lang/invoke/DirectMethodHandle')}
  0x00007fed604c55ec: 0000 0048 | bb70 1124 | ffec 7f00 | 008b 4608 | 49ba 0000 | 0003 ed7f | 0000 4903 | c248 3b83 
  0x00007fed604c560c: 4801 0000 | 750d 4883 | 8350 0100 | 0001 e979 | 0000 0048 | 3b83 5801 | 0000 750d | 4883 8360 
  0x00007fed604c562c: 0100 0001 | e963 0000 | 0048 83bb | 4801 0000 | 0075 1748 | 8983 4801 | 0000 48c7 | 8350 0100 
  0x00007fed604c564c: 0001 0000 | 00e9 4200 | 0000 4883 | bb58 0100 | 0000 7517 | 4889 8358 | 0100 0048 | c783 6001 
  0x00007fed604c566c: 0000 0100 | 0000 e921 | 0000 00e9 | 1c00 0000 

  0x00007fed604c567c: ;   {metadata(method data for {method} {0x00007fed030a3318} 'internalMemberName' '(Ljava/lang/Object;)Ljava/lang/Object;' in 'java/lang/invoke/DirectMethodHandle')}
  0x00007fed604c567c: 48bb 7011 | 24ff ec7f | 0000 4883 | ab38 0100 | 0001 e981 | 0100 00e9 | 0000 0000 

  0x00007fed604c5698: ; implicit exception: dispatches to 0x00007fed604c581d
                      ;   {metadata(method data for {method} {0x00007fed030b4be0} 'invokeStatic' '(Ljava/lang/Object;Ljava/lang/Object;Ljava/lang/Object;)Ljava/lang/Object;' in 'java/lang/invoke/DirectMethodHandle$Holder')}
  0x00007fed604c5698: 8b7e 2048 | bed8 2525 | ffec 7f00 | 0048 8db6 | 5801 0000 | 4885 ff75 | 0af6 0601 | 7505 f048 
  0x00007fed604c56b8: ;   {metadata(method data for {method} {0x00007fed030b4be0} 'invokeStatic' '(Ljava/lang/Object;Ljava/lang/Object;Ljava/lang/Object;)Ljava/lang/Object;' in 'java/lang/invoke/DirectMethodHandle$Holder')}
  0x00007fed604c56b8: 830e 0148 | bed8 2525 | ffec 7f00 | 0048 8db6 | b001 0000 | 4885 d275 | 0ef6 4608 | 0175 32f0 
  0x00007fed604c56d8: 4883 4e08 | 01eb 2a8b | 5a08 49ba | 0000 0003 | ed7f 0000 | 4903 da4c | 8bd3 4833 | 5e08 48f7 
  0x00007fed604c56f8: c3fc ffff | ff74 0af6 | c302 7505 | 4883 4e08 | 0248 85c9 | 750e f646 | 1801 7532 | f048 834e 
  0x00007fed604c5718: 1801 eb2a | 8b59 0849 | ba00 0000 | 03ed 7f00 | 0049 03da | 4c8b d348 | 335e 1848 | f7c3 fcff 
  0x00007fed604c5738: ffff 740a | f6c3 0275 | 0548 834e 

  0x00007fed604c5744: ;   {metadata(method data for {method} {0x00007fed030b4be0} 'invokeStatic' '(Ljava/lang/Object;Ljava/lang/Object;Ljava/lang/Object;)Ljava/lang/Object;' in 'java/lang/invoke/DirectMethodHandle$Holder')}
  0x00007fed604c5744: 1802 48be | d825 25ff | ec7f 0000 | 4883 86a0 | 0100 0001 | 488b f248 | 8bd1 488b | cf66 0f1f 
  0x00007fed604c5764: ;   {static_call}
  0x00007fed604c5764: 4400 00e8 

  0x00007fed604c5768: ; ImmutableOopMap {}
                      ;*invokestatic linkToStatic {reexecute=0 rethrow=0 return_oop=0}
                      ; - java.lang.invoke.DirectMethodHandle$Holder::invokeStatic@11
  0x00007fed604c5768: 145f a007 

  0x00007fed604c576c: ;   {other}
  0x00007fed604c576c: 0f1f 8400 | dc04 0000 

  0x00007fed604c5774: ;   {metadata(method data for {method} {0x00007fed030b4be0} 'invokeStatic' '(Ljava/lang/Object;Ljava/lang/Object;Ljava/lang/Object;)Ljava/lang/Object;' in 'java/lang/invoke/DirectMethodHandle$Holder')}
  0x00007fed604c5774: 48be d825 | 25ff ec7f | 0000 488d | b6d0 0100 | 0048 85c0 | 750c f606 | 0175 30f0 | 4883 0e01 
  0x00007fed604c5794: eb29 8b78 | 0849 ba00 | 0000 03ed | 7f00 0049 | 03fa 4c8b | d748 333e | 48f7 c7fc | ffff ff74 
  0x00007fed604c57b4: 0a40 f6c7 | 0275 0448 | 830e 0248 | 83c4 405d 

  0x00007fed604c57c4: ;   {poll_return}
  0x00007fed604c57c4: 493b a748 | 0400 000f | 8751 0000 

  0x00007fed604c57d0: ;   {metadata({method} {0x00007fed030b4be0} 'invokeStatic' '(Ljava/lang/Object;Ljava/lang/Object;Ljava/lang/Object;)Ljava/lang/Object;' in 'java/lang/invoke/DirectMethodHandle$Holder')}
  0x00007fed604c57d0: 00c3 49ba | e04b 0b03 | ed7f 0000 | 4c89 5424 | 0848 c704 | 24ff ffff 

  0x00007fed604c57e8: ;   {runtime_call counter_overflow Runtime1 stub}
  0x00007fed604c57e8: ffe8 126a 

  0x00007fed604c57ec: ; ImmutableOopMap {rsi=Oop rdx=Oop rcx=Oop }
                      ;*synchronization entry
                      ; - java.lang.invoke.DirectMethodHandle$Holder::invokeStatic@-1
  0x00007fed604c57ec: 5807 e936 

  0x00007fed604c57f0: ;   {metadata({method} {0x00007fed030a3318} 'internalMemberName' '(Ljava/lang/Object;)Ljava/lang/Object;' in 'java/lang/invoke/DirectMethodHandle')}
  0x00007fed604c57f0: fdff ff49 | ba18 330a | 03ed 7f00 | 004c 8954 | 2408 48c7 | 0424 ffff 

  0x00007fed604c5808: ;   {runtime_call counter_overflow Runtime1 stub}
  0x00007fed604c5808: ffff e8f1 

  0x00007fed604c580c: ; ImmutableOopMap {rsi=Oop rdx=Oop rcx=Oop }
                      ;*synchronization entry
                      ; - java.lang.invoke.DirectMethodHandle::internalMemberName@-1 (line 327)
                      ; - java.lang.invoke.DirectMethodHandle$Holder::invokeStatic@1
  0x00007fed604c580c: 6958 07e9 | 9cfd ffff | 4889 3424 

  0x00007fed604c5818: ;   {runtime_call throw_class_cast_exception Runtime1 stub}
  0x00007fed604c5818: e863 3a58 

  0x00007fed604c581c: ; ImmutableOopMap {rdx=Oop rcx=Oop }
                      ;*checkcast {reexecute=0 rethrow=0 return_oop=0}
                      ; - java.lang.invoke.DirectMethodHandle::internalMemberName@1 (line 327)
                      ; - java.lang.invoke.DirectMethodHandle$Holder::invokeStatic@1
                      ;   {runtime_call throw_null_pointer_exception Runtime1 stub}
  0x00007fed604c581c: 07e8 de11 

  0x00007fed604c5820: ; ImmutableOopMap {rdx=Oop rcx=Oop }
                      ;*getfield member {reexecute=1 rethrow=0 return_oop=0}
                      ; - (reexecute) java.lang.invoke.DirectMethodHandle::internalMemberName@4 (line 327)
                      ; - java.lang.invoke.DirectMethodHandle$Holder::invokeStatic@1
                      ;   {internal_word}
  0x00007fed604c5820: 5807 49ba | c457 4c60 | ed7f 0000 | 4d89 9760 

  0x00007fed604c5830: ;   {runtime_call SafepointBlob}
  0x00007fed604c5830: 0400 00e9 | c867 4c07 | 498b 87f8 | 0400 0049 | c787 f804 | 0000 0000 | 0000 49c7 | 8700 0500 
  0x00007fed604c5850: 0000 0000 | 0048 83c4 

  0x00007fed604c5858: ;   {runtime_call unwind_exception Runtime1 stub}
  0x00007fed604c5858: 405d e9a1 | f057 07f4 
[Stub Code]
  0x00007fed604c5860: ;   {no_reloc}
  0x00007fed604c5860: 48bb 0000 | 0000 0000 

  0x00007fed604c5868: ;   {runtime_call nmethod}
  0x00007fed604c5868: 0000 e9fb 

  0x00007fed604c586c: ;   {runtime_call handle_exception_from_callee Runtime1 stub}
  0x00007fed604c586c: ffff ffe8 | 0c34 5807 

  0x00007fed604c5874: ;   {external_word}
  0x00007fed604c5874: 48bf a2e1 | a77f ed7f | 0000 4883 

  0x00007fed604c5880: ;   {runtime_call}
  0x00007fed604c5880: e4f0 e8a9 | 1605 1ff4 
[Deopt Handler Code]
  0x00007fed604c5888: ;   {section_word}
  0x00007fed604c5888: 49ba 8858 | 4c60 ed7f | 0000 4152 

  0x00007fed604c5894: ;   {runtime_call DeoptimizationBlob}
  0x00007fed604c5894: e907 5a4c 

  0x00007fed604c5898: ;   {section_word}
  0x00007fed604c5898: 0749 ba99 | 584c 60ed | 7f00 0041 

  0x00007fed604c58a4: ;   {runtime_call DeoptimizationBlob}
  0x00007fed604c58a4: 52e9 f659 | 4c07 f4f4 | f4f4 f4f4 
[/MachCode]


---------------  P R O C E S S  ---------------

Threads class SMR info:
_java_thread_list=0x00007fec2c057070, length=46, elements={
0x00007fed7801bf60, 0x00007fed780f9320, 0x00007fed780fa890, 0x00007fed780fbfe0,
0x00007fed780fd620, 0x00007fed780febc0, 0x00007fed78100700, 0x00007fed78101dc0,
0x00007fed78155c20, 0x00007fed78158210, 0x00007fed7862f0a0, 0x00007fec90005820,
0x00007fed786320f0, 0x00007fed78632a40, 0x00007fed786342c0, 0x00007fed786398f0,
0x00007fed78658e40, 0x00007fed786a87a0, 0x00007fec7c004dc0, 0x00007fec7c006080,
0x00007fec7c0072f0, 0x00007fec70000fb0, 0x00007fec7c008960, 0x00007fec74000fb0,
0x00007fec7c017640, 0x00007fed786d4fa0, 0x00007fed786d4630, 0x00007fecb00a9300,
0x00007fecb02ef260, 0x00007fed786ca710, 0x00007fecb406db50, 0x00007fed789c25a0,
0x00007fed7817f0e0, 0x00007fec180011c0, 0x00007fec1c000fb0, 0x00007fed78ef6ed0,
0x00007fed78ef9e80, 0x00007fec10000fb0, 0x00007fed794798c0, 0x00007fed78accb00,
0x00007febc8008400, 0x00007febc800dff0, 0x00007fed79520890, 0x00007fecd807ba50,
0x00007fecd807ddd0, 0x00007fec2c05eb40
}

Java Threads: ( => current thread )
=>0x00007fed7801bf60 JavaThread "main"                              [_thread_in_native, id=19, stack(0x00007fed7e300000,0x00007fed7e400000) (1024K)]
  0x00007fed780f9320 JavaThread "Reference Handler"          daemon [_thread_blocked, id=27, stack(0x00007fed51100000,0x00007fed51200000) (1024K)]
  0x00007fed780fa890 JavaThread "Finalizer"                  daemon [_thread_blocked, id=28, stack(0x00007fed51000000,0x00007fed51100000) (1024K)]
  0x00007fed780fbfe0 JavaThread "Signal Dispatcher"          daemon [_thread_blocked, id=29, stack(0x00007fed50f00000,0x00007fed51000000) (1024K)]
  0x00007fed780fd620 JavaThread "Service Thread"             daemon [_thread_blocked, id=30, stack(0x00007fed50e00000,0x00007fed50f00000) (1024K)]
  0x00007fed780febc0 JavaThread "Monitor Deflation Thread"   daemon [_thread_blocked, id=31, stack(0x00007fed50d00000,0x00007fed50e00000) (1024K)]
  0x00007fed78100700 JavaThread "C2 CompilerThread0"         daemon [_thread_blocked, id=32, stack(0x00007fed50c00000,0x00007fed50d00000) (1024K)]
  0x00007fed78101dc0 JavaThread "C1 CompilerThread0"         daemon [_thread_blocked, id=33, stack(0x00007fed50b00000,0x00007fed50c00000) (1024K)]
  0x00007fed78155c20 JavaThread "Notification Thread"        daemon [_thread_blocked, id=34, stack(0x00007fed5092f000,0x00007fed50a2f000) (1024K)]
  0x00007fed78158210 JavaThread "Common-Cleaner"             daemon [_thread_blocked, id=35, stack(0x00007fed5082f000,0x00007fed5092f000) (1024K)]
  0x00007fed7862f0a0 JavaThread "Equinox resolver thread - Equinox Container: a5255ba2-a627-4907-b69b-02fc793a082d" daemon [_thread_blocked, id=55, stack(0x00007feca7bfd000,0x00007feca7cfd000) (1024K)]
  0x00007fec90005820 JavaThread "Equinox resolver thread - Equinox Container: a5255ba2-a627-4907-b69b-02fc793a082d" daemon [_thread_blocked, id=56, stack(0x00007feca7afd000,0x00007feca7bfd000) (1024K)]
  0x00007fed786320f0 JavaThread "Equinox resolver thread - Equinox Container: a5255ba2-a627-4907-b69b-02fc793a082d" daemon [_thread_blocked, id=57, stack(0x00007feca79fd000,0x00007feca7afd000) (1024K)]
  0x00007fed78632a40 JavaThread "Equinox resolver thread - Equinox Container: a5255ba2-a627-4907-b69b-02fc793a082d" daemon [_thread_blocked, id=58, stack(0x00007feca78fd000,0x00007feca79fd000) (1024K)]
  0x00007fed786342c0 JavaThread "Equinox resolver thread - Equinox Container: a5255ba2-a627-4907-b69b-02fc793a082d" daemon [_thread_blocked, id=59, stack(0x00007feca77fd000,0x00007feca78fd000) (1024K)]
  0x00007fed786398f0 JavaThread "Equinox resolver thread - Equinox Container: a5255ba2-a627-4907-b69b-02fc793a082d" daemon [_thread_blocked, id=60, stack(0x00007feca76fd000,0x00007feca77fd000) (1024K)]
  0x00007fed78658e40 JavaThread "Active Thread: Equinox Container: a5255ba2-a627-4907-b69b-02fc793a082d"        [_thread_blocked, id=61, stack(0x00007feca75fd000,0x00007feca76fd000) (1024K)]
  0x00007fed786a87a0 JavaThread "Refresh Thread: Equinox Container: a5255ba2-a627-4907-b69b-02fc793a082d" daemon [_thread_blocked, id=62, stack(0x00007feca74fd000,0x00007feca75fd000) (1024K)]
  0x00007fec7c004dc0 JavaThread "Equinox resolver thread - Equinox Container: a5255ba2-a627-4907-b69b-02fc793a082d" daemon [_thread_blocked, id=63, stack(0x00007feca73fd000,0x00007feca74fd000) (1024K)]
  0x00007fec7c006080 JavaThread "Equinox resolver thread - Equinox Container: a5255ba2-a627-4907-b69b-02fc793a082d" daemon [_thread_blocked, id=64, stack(0x00007feca72fd000,0x00007feca73fd000) (1024K)]
  0x00007fec7c0072f0 JavaThread "Equinox resolver thread - Equinox Container: a5255ba2-a627-4907-b69b-02fc793a082d" daemon [_thread_blocked, id=65, stack(0x00007feca71fd000,0x00007feca72fd000) (1024K)]
  0x00007fec70000fb0 JavaThread "Equinox resolver thread - Equinox Container: a5255ba2-a627-4907-b69b-02fc793a082d" daemon [_thread_blocked, id=66, stack(0x00007feca70fd000,0x00007feca71fd000) (1024K)]
  0x00007fec7c008960 JavaThread "Equinox resolver thread - Equinox Container: a5255ba2-a627-4907-b69b-02fc793a082d" daemon [_thread_blocked, id=67, stack(0x00007feca6ffd000,0x00007feca70fd000) (1024K)]
  0x00007fec74000fb0 JavaThread "Equinox resolver thread - Equinox Container: a5255ba2-a627-4907-b69b-02fc793a082d" daemon [_thread_blocked, id=68, stack(0x00007feca6efd000,0x00007feca6ffd000) (1024K)]
  0x00007fec7c017640 JavaThread "Framework Event Dispatcher: Equinox Container: a5255ba2-a627-4907-b69b-02fc793a082d" daemon [_thread_blocked, id=70, stack(0x00007feccc3fb000,0x00007feccc5fc000) (2052K)]
  0x00007fed786d4fa0 JavaThread "Start Level: Equinox Container: a5255ba2-a627-4907-b69b-02fc793a082d" daemon [_thread_blocked, id=71, stack(0x00007feccc5fc000,0x00007feccc7fd000) (2052K)]
  0x00007fed786d4630 JavaThread "Bundle File Closer"         daemon [_thread_blocked, id=72, stack(0x00007feca6cfc000,0x00007feca6dfc000) (1024K)]
  0x00007fecb00a9300 JavaThread "SCR Component Actor"        daemon [_thread_blocked, id=75, stack(0x00007fecfc00c000,0x00007fecfc10c000) (1024K)]
  0x00007fecb02ef260 JavaThread "EMF Reference Cleaner"      daemon [_thread_blocked, id=81, stack(0x00007feca64f5000,0x00007feca65f5000) (1024K)]
  0x00007fed786ca710 JavaThread "Gogo shell"                        [_thread_blocked, id=82, stack(0x00007feca63f5000,0x00007feca64f5000) (1024K)]
  0x00007fecb406db50 JavaThread "Worker-JM"                         [_thread_blocked, id=85, stack(0x00007feca62f5000,0x00007feca63f5000) (1024K)]
  0x00007fed789c25a0 JavaThread "Worker-0"                          [_thread_blocked, id=86, stack(0x00007feca61f5000,0x00007feca62f5000) (1024K)]
  0x00007fed7817f0e0 JavaThread "Database navigator events processor"        [_thread_blocked, id=89, stack(0x00007feca577f000,0x00007feca5980000) (2052K)]
  0x00007fec180011c0 JavaThread "Worker-2"                          [_thread_blocked, id=90, stack(0x00007feca567f000,0x00007feca577f000) (1024K)]
  0x00007fec1c000fb0 JavaThread "Worker-3"                          [_thread_blocked, id=91, stack(0x00007feca5300000,0x00007feca5400000) (1024K)]
  0x00007fed78ef6ed0 JavaThread "idle-timeout-task"          daemon [_thread_blocked, id=94, stack(0x00007feca5000000,0x00007feca5100000) (1024K)]
  0x00007fed78ef9e80 JavaThread "HTTP-Dispatcher"                   [_thread_in_native, id=95, stack(0x00007feca4f00000,0x00007feca5000000) (1024K)]
  0x00007fec10000fb0 JavaThread "Worker-4"                          [_thread_blocked, id=96, stack(0x00007feca5100000,0x00007feca5200000) (1024K)]
  0x00007fed794798c0 JavaThread "SWTResourceTracker"         daemon [_thread_blocked, id=97, stack(0x00007feca5200000,0x00007feca5300000) (1024K)]
  0x00007fed78accb00 JavaThread "EventAdmin Async Event Dispatcher Thread" daemon [_thread_blocked, id=911, stack(0x00007febf6ff8000,0x00007febf71f9000) (2052K)]
  0x00007febc8008400 JavaThread "pool-3-thread-1"                   [_thread_blocked, id=912, stack(0x00007febf79fd000,0x00007febf7bfe000) (2052K)]
  0x00007febc800dff0 JavaThread "pool-4-thread-1"                   [_thread_blocked, id=913, stack(0x00007febf7bfe000,0x00007febf7dff000) (2052K)]
  0x00007fed79520890 JavaThread "Java2D Disposer"            daemon [_thread_blocked, id=938, stack(0x00007febf6bf6000,0x00007febf6df7000) (2052K)]
  0x00007fecd807ba50 JavaThread "C2 CompilerThread1"         daemon [_thread_blocked, id=1227, stack(0x00007fed5072f000,0x00007fed5082f000) (1024K)]
  0x00007fecd807ddd0 JavaThread "C2 CompilerThread2"         daemon [_thread_blocked, id=1228, stack(0x00007feccc0fa000,0x00007feccc1fa000) (1024K)]
  0x00007fec2c05eb40 JavaThread "Keep-Alive-Timer"           daemon [_thread_blocked, id=1326, stack(0x00007feca43c5000,0x00007feca45c6000) (2052K)]
Total: 46

Other Threads:
  0x00007fed780ec100 VMThread "VM Thread"                           [id=26, stack(0x00007fed514f6000,0x00007fed515f6000) (1024K)]
  0x00007fed780da650 WatcherThread "VM Periodic Task Thread"        [id=25, stack(0x00007fed515f7000,0x00007fed516f7000) (1024K)]
  0x00007fed78058240 WorkerThread "GC Thread#0"                     [id=20, stack(0x00007fed7d620000,0x00007fed7d720000) (1024K)]
  0x00007fecf8008100 WorkerThread "GC Thread#1"                     [id=52, stack(0x00007feca7f00000,0x00007feca8000000) (1024K)]
  0x00007fecf800d8c0 WorkerThread "GC Thread#2"                     [id=53, stack(0x00007feca7dff000,0x00007feca7eff000) (1024K)]
  0x00007fecf800e390 WorkerThread "GC Thread#3"                     [id=54, stack(0x00007feca7cfe000,0x00007feca7dfe000) (1024K)]
  0x00007fecf800cc20 WorkerThread "GC Thread#4"                     [id=69, stack(0x00007feca6dfd000,0x00007feca6efd000) (1024K)]
  0x00007fecf8031650 WorkerThread "GC Thread#5"                     [id=76, stack(0x00007feca69fa000,0x00007feca6afa000) (1024K)]
  0x00007fecf8032310 WorkerThread "GC Thread#6"                     [id=77, stack(0x00007feca68f9000,0x00007feca69f9000) (1024K)]
  0x00007fecf80329f0 WorkerThread "GC Thread#7"                     [id=78, stack(0x00007feca67f8000,0x00007feca68f8000) (1024K)]
  0x00007fecf8033490 WorkerThread "GC Thread#8"                     [id=79, stack(0x00007feca66f7000,0x00007feca67f7000) (1024K)]
  0x00007fecf8033fb0 WorkerThread "GC Thread#9"                     [id=80, stack(0x00007feca65f6000,0x00007feca66f6000) (1024K)]
  0x00007fed78061870 ConcurrentGCThread "G1 Main Marker"            [id=21, stack(0x00007fed7c100000,0x00007fed7c200000) (1024K)]
  0x00007fed78062820 WorkerThread "G1 Conc#0"                       [id=22, stack(0x00007fed77f00000,0x00007fed78000000) (1024K)]
  0x00007fed54000d50 WorkerThread "G1 Conc#1"                       [id=73, stack(0x00007feca6bfc000,0x00007feca6cfc000) (1024K)]
  0x00007fed540018b0 WorkerThread "G1 Conc#2"                       [id=74, stack(0x00007feca6afb000,0x00007feca6bfb000) (1024K)]
  0x00007fed780c8280 ConcurrentGCThread "G1 Refine#0"               [id=23, stack(0x00007fed517f9000,0x00007fed518f9000) (1024K)]
  0x00007fed780c9240 ConcurrentGCThread "G1 Service"                [id=24, stack(0x00007fed516f8000,0x00007fed517f8000) (1024K)]
Total: 18

Threads with active compile tasks:
Total: 0

VM state: not at safepoint (normal execution)

VM Mutex/Monitor currently owned by a thread: None

Heap address: 0x00000000c0000000, size: 1024 MB, Compressed Oops mode: 32-bit

CDS archive(s) mapped at: [0x00007fed03000000-0x00007fed03ca0000-0x00007fed03ca0000), size 13238272, SharedBaseAddress: 0x00007fed03000000, ArchiveRelocationMode: 1.
Compressed class space mapped at: 0x00007fed04000000-0x00007fed44000000, reserved size: 1073741824
Narrow klass base: 0x00007fed03000000, Narrow klass shift: 0, Narrow klass range: 0x100000000

GC Precious Log:
 CardTable entry size: 512
 Card Set container configuration: InlinePtr #cards 5 size 8 Array Of Cards #cards 12 size 40 Howl #buckets 4 coarsen threshold 1843 Howl Bitmap #cards 512 size 80 coarsen threshold 460 Card regions per heap region 1 cards per card region 2048
 CPUs: 12 total, 12 available
 Memory: 31819M
 Large Page Support: Disabled
 NUMA Support: Disabled
 Compressed Oops: Enabled (32-bit)
 Heap Region Size: 1M
 Heap Min Capacity: 64M
 Heap Initial Capacity: 64M
 Heap Max Capacity: 1G
 Pre-touch: Disabled
 Parallel Workers: 10
 Concurrent Workers: 3
 Concurrent Refinement Workers: 10
 Periodic GC: Disabled

Heap:
 garbage-first heap   total 102400K, used 58404K [0x00000000c0000000, 0x0000000100000000)
  region size 1024K, 14 young (14336K), 5 survivors (5120K)
 Metaspace       used 63601K, committed 65408K, reserved 1114112K
  class space    used 7546K, committed 8320K, reserved 1048576K

Heap Regions: E=young(eden), S=young(survivor), O=old, HS=humongous(starts), HC=humongous(continues), CS=collection set, F=free, TAMS=top-at-mark-start, PB=parsable bottom
|   0|0x00000000c0000000, 0x00000000c0100000, 0x00000000c0100000|100%| O|  |TAMS 0x00000000c0000000| PB 0x00000000c0000000| Untracked 
|   1|0x00000000c0100000, 0x00000000c0200000, 0x00000000c0200000|100%| O|  |TAMS 0x00000000c0100000| PB 0x00000000c0100000| Untracked 
|   2|0x00000000c0200000, 0x00000000c0300000, 0x00000000c0300000|100%| O|Cm|TAMS 0x00000000c0200000| PB 0x00000000c0200000| Complete 
|   3|0x00000000c0300000, 0x00000000c0400000, 0x00000000c0400000|100%| O|  |TAMS 0x00000000c0300000| PB 0x00000000c0300000| Untracked 
|   4|0x00000000c0400000, 0x00000000c0500000, 0x00000000c0500000|100%| O|  |TAMS 0x00000000c0400000| PB 0x00000000c0400000| Untracked 
|   5|0x00000000c0500000, 0x00000000c0600000, 0x00000000c0600000|100%| O|  |TAMS 0x00000000c0500000| PB 0x00000000c0500000| Untracked 
|   6|0x00000000c0600000, 0x00000000c0700000, 0x00000000c0700000|100%| O|  |TAMS 0x00000000c0600000| PB 0x00000000c0600000| Untracked 
|   7|0x00000000c0700000, 0x00000000c0800000, 0x00000000c0800000|100%| O|  |TAMS 0x00000000c0700000| PB 0x00000000c0700000| Untracked 
|   8|0x00000000c0800000, 0x00000000c0900000, 0x00000000c0900000|100%| O|  |TAMS 0x00000000c0800000| PB 0x00000000c0800000| Untracked 
|   9|0x00000000c0900000, 0x00000000c0a00000, 0x00000000c0a00000|100%| O|  |TAMS 0x00000000c0900000| PB 0x00000000c0900000| Untracked 
|  10|0x00000000c0a00000, 0x00000000c0b00000, 0x00000000c0b00000|100%| O|  |TAMS 0x00000000c0a00000| PB 0x00000000c0a00000| Untracked 
|  11|0x00000000c0b00000, 0x00000000c0c00000, 0x00000000c0c00000|100%| O|  |TAMS 0x00000000c0b00000| PB 0x00000000c0b00000| Untracked 
|  12|0x00000000c0c00000, 0x00000000c0d00000, 0x00000000c0d00000|100%| O|  |TAMS 0x00000000c0c00000| PB 0x00000000c0c00000| Untracked 
|  13|0x00000000c0d00000, 0x00000000c0e00000, 0x00000000c0e00000|100%| O|  |TAMS 0x00000000c0d00000| PB 0x00000000c0d00000| Untracked 
|  14|0x00000000c0e00000, 0x00000000c0f00000, 0x00000000c0f00000|100%| O|  |TAMS 0x00000000c0e00000| PB 0x00000000c0e00000| Untracked 
|  15|0x00000000c0f00000, 0x00000000c1000000, 0x00000000c1000000|100%| O|  |TAMS 0x00000000c0f00000| PB 0x00000000c0f00000| Untracked 
|  16|0x00000000c1000000, 0x00000000c1100000, 0x00000000c1100000|100%| O|  |TAMS 0x00000000c1000000| PB 0x00000000c1000000| Untracked 
|  17|0x00000000c1100000, 0x00000000c1200000, 0x00000000c1200000|100%| O|  |TAMS 0x00000000c1100000| PB 0x00000000c1100000| Untracked 
|  18|0x00000000c1200000, 0x00000000c1300000, 0x00000000c1300000|100%| O|  |TAMS 0x00000000c1200000| PB 0x00000000c1200000| Untracked 
|  19|0x00000000c1300000, 0x00000000c1400000, 0x00000000c1400000|100%| O|Cm|TAMS 0x00000000c1300000| PB 0x00000000c1300000| Complete 
|  20|0x00000000c1400000, 0x00000000c1500000, 0x00000000c1500000|100%| O|  |TAMS 0x00000000c1400000| PB 0x00000000c1400000| Untracked 
|  21|0x00000000c1500000, 0x00000000c1600000, 0x00000000c1600000|100%| O|  |TAMS 0x00000000c1500000| PB 0x00000000c1500000| Untracked 
|  22|0x00000000c1600000, 0x00000000c1700000, 0x00000000c1700000|100%| O|Cm|TAMS 0x00000000c1600000| PB 0x00000000c1600000| Complete 
|  23|0x00000000c1700000, 0x00000000c1800000, 0x00000000c1800000|100%| O|  |TAMS 0x00000000c1700000| PB 0x00000000c1700000| Untracked 
|  24|0x00000000c1800000, 0x00000000c1900000, 0x00000000c1900000|100%| O|  |TAMS 0x00000000c1800000| PB 0x00000000c1800000| Untracked 
|  25|0x00000000c1900000, 0x00000000c1a00000, 0x00000000c1a00000|100%| O|  |TAMS 0x00000000c1900000| PB 0x00000000c1900000| Untracked 
|  26|0x00000000c1a00000, 0x00000000c1b00000, 0x00000000c1b00000|100%| O|  |TAMS 0x00000000c1a00000| PB 0x00000000c1a00000| Untracked 
|  27|0x00000000c1b00000, 0x00000000c1c00000, 0x00000000c1c00000|100%| O|  |TAMS 0x00000000c1b00000| PB 0x00000000c1b00000| Untracked 
|  28|0x00000000c1c00000, 0x00000000c1d00000, 0x00000000c1d00000|100%| O|  |TAMS 0x00000000c1c00000| PB 0x00000000c1c00000| Untracked 
|  29|0x00000000c1d00000, 0x00000000c1e00000, 0x00000000c1e00000|100%| O|  |TAMS 0x00000000c1d00000| PB 0x00000000c1d00000| Untracked 
|  30|0x00000000c1e00000, 0x00000000c1f00000, 0x00000000c1f00000|100%| O|  |TAMS 0x00000000c1e00000| PB 0x00000000c1e00000| Untracked 
|  31|0x00000000c1f00000, 0x00000000c2000000, 0x00000000c2000000|100%| O|  |TAMS 0x00000000c1f00000| PB 0x00000000c1f00000| Untracked 
|  32|0x00000000c2000000, 0x00000000c2100000, 0x00000000c2100000|100%| O|  |TAMS 0x00000000c2000000| PB 0x00000000c2000000| Untracked 
|  33|0x00000000c2100000, 0x00000000c2200000, 0x00000000c2200000|100%| O|  |TAMS 0x00000000c2100000| PB 0x00000000c2100000| Untracked 
|  34|0x00000000c2200000, 0x00000000c2300000, 0x00000000c2300000|100%| O|  |TAMS 0x00000000c2200000| PB 0x00000000c2200000| Untracked 
|  35|0x00000000c2300000, 0x00000000c2400000, 0x00000000c2400000|100%| O|  |TAMS 0x00000000c2300000| PB 0x00000000c2300000| Untracked 
|  36|0x00000000c2400000, 0x00000000c2500000, 0x00000000c2500000|100%| O|  |TAMS 0x00000000c2400000| PB 0x00000000c2400000| Untracked 
|  37|0x00000000c2500000, 0x00000000c2600000, 0x00000000c2600000|100%| O|  |TAMS 0x00000000c2500000| PB 0x00000000c2500000| Untracked 
|  38|0x00000000c2600000, 0x00000000c2700000, 0x00000000c2700000|100%| O|  |TAMS 0x00000000c2600000| PB 0x00000000c2600000| Untracked 
|  39|0x00000000c2700000, 0x00000000c2800000, 0x00000000c2800000|100%| O|  |TAMS 0x00000000c2700000| PB 0x00000000c2700000| Untracked 
|  40|0x00000000c2800000, 0x00000000c2900000, 0x00000000c2900000|100%| O|  |TAMS 0x00000000c2800000| PB 0x00000000c2800000| Untracked 
|  41|0x00000000c2900000, 0x00000000c2a00000, 0x00000000c2a00000|100%| O|  |TAMS 0x00000000c2900000| PB 0x00000000c2900000| Untracked 
|  42|0x00000000c2a00000, 0x00000000c2a4d6b8, 0x00000000c2b00000| 30%| O|  |TAMS 0x00000000c2a00000| PB 0x00000000c2a00000| Untracked 
|  43|0x00000000c2b00000, 0x00000000c2b00000, 0x00000000c2c00000|  0%| F|  |TAMS 0x00000000c2b00000| PB 0x00000000c2b00000| Untracked 
|  44|0x00000000c2c00000, 0x00000000c2c00000, 0x00000000c2d00000|  0%| F|  |TAMS 0x00000000c2c00000| PB 0x00000000c2c00000| Untracked 
|  45|0x00000000c2d00000, 0x00000000c2d00000, 0x00000000c2e00000|  0%| F|  |TAMS 0x00000000c2d00000| PB 0x00000000c2d00000| Untracked 
|  46|0x00000000c2e00000, 0x00000000c2e00000, 0x00000000c2f00000|  0%| F|  |TAMS 0x00000000c2e00000| PB 0x00000000c2e00000| Untracked 
|  47|0x00000000c2f00000, 0x00000000c2f00000, 0x00000000c3000000|  0%| F|  |TAMS 0x00000000c2f00000| PB 0x00000000c2f00000| Untracked 
|  48|0x00000000c3000000, 0x00000000c3000000, 0x00000000c3100000|  0%| F|  |TAMS 0x00000000c3000000| PB 0x00000000c3000000| Untracked 
|  49|0x00000000c3100000, 0x00000000c31bbac8, 0x00000000c3200000| 73%| S|CS|TAMS 0x00000000c3100000| PB 0x00000000c3100000| Complete 
|  50|0x00000000c3200000, 0x00000000c3300000, 0x00000000c3300000|100%| S|CS|TAMS 0x00000000c3200000| PB 0x00000000c3200000| Complete 
|  51|0x00000000c3300000, 0x00000000c3300000, 0x00000000c3400000|  0%| F|  |TAMS 0x00000000c3300000| PB 0x00000000c3300000| Untracked 
|  52|0x00000000c3400000, 0x00000000c3400000, 0x00000000c3500000|  0%| F|  |TAMS 0x00000000c3400000| PB 0x00000000c3400000| Untracked 
|  53|0x00000000c3500000, 0x00000000c3500000, 0x00000000c3600000|  0%| F|  |TAMS 0x00000000c3500000| PB 0x00000000c3500000| Untracked 
|  54|0x00000000c3600000, 0x00000000c3600000, 0x00000000c3700000|  0%| F|  |TAMS 0x00000000c3600000| PB 0x00000000c3600000| Untracked 
|  55|0x00000000c3700000, 0x00000000c3700000, 0x00000000c3800000|  0%| F|  |TAMS 0x00000000c3700000| PB 0x00000000c3700000| Untracked 
|  56|0x00000000c3800000, 0x00000000c3800000, 0x00000000c3900000|  0%| F|  |TAMS 0x00000000c3800000| PB 0x00000000c3800000| Untracked 
|  57|0x00000000c3900000, 0x00000000c3a00000, 0x00000000c3a00000|100%| S|CS|TAMS 0x00000000c3900000| PB 0x00000000c3900000| Complete 
|  58|0x00000000c3a00000, 0x00000000c3b00000, 0x00000000c3b00000|100%| O|  |TAMS 0x00000000c3a00000| PB 0x00000000c3a00000| Untracked 
|  59|0x00000000c3b00000, 0x00000000c3c00000, 0x00000000c3c00000|100%| S|CS|TAMS 0x00000000c3b00000| PB 0x00000000c3b00000| Complete 
|  60|0x00000000c3c00000, 0x00000000c3d00000, 0x00000000c3d00000|100%| S|CS|TAMS 0x00000000c3c00000| PB 0x00000000c3c00000| Complete 
|  61|0x00000000c3d00000, 0x00000000c3e00000, 0x00000000c3e00000|100%| O|  |TAMS 0x00000000c3d00000| PB 0x00000000c3d00000| Untracked 
|  62|0x00000000c3e00000, 0x00000000c3e00000, 0x00000000c3f00000|  0%| F|  |TAMS 0x00000000c3e00000| PB 0x00000000c3e00000| Untracked 
|  63|0x00000000c3f00000, 0x00000000c3f00000, 0x00000000c4000000|  0%| F|  |TAMS 0x00000000c3f00000| PB 0x00000000c3f00000| Untracked 
|  64|0x00000000c4000000, 0x00000000c4000000, 0x00000000c4100000|  0%| F|  |TAMS 0x00000000c4000000| PB 0x00000000c4000000| Untracked 
|  65|0x00000000c4100000, 0x00000000c4100000, 0x00000000c4200000|  0%| F|  |TAMS 0x00000000c4100000| PB 0x00000000c4100000| Untracked 
|  66|0x00000000c4200000, 0x00000000c4200000, 0x00000000c4300000|  0%| F|  |TAMS 0x00000000c4200000| PB 0x00000000c4200000| Untracked 
|  67|0x00000000c4300000, 0x00000000c4300000, 0x00000000c4400000|  0%| F|  |TAMS 0x00000000c4300000| PB 0x00000000c4300000| Untracked 
|  68|0x00000000c4400000, 0x00000000c4400000, 0x00000000c4500000|  0%| F|  |TAMS 0x00000000c4400000| PB 0x00000000c4400000| Untracked 
|  69|0x00000000c4500000, 0x00000000c4500000, 0x00000000c4600000|  0%| F|  |TAMS 0x00000000c4500000| PB 0x00000000c4500000| Untracked 
|  70|0x00000000c4600000, 0x00000000c4600000, 0x00000000c4700000|  0%| F|  |TAMS 0x00000000c4600000| PB 0x00000000c4600000| Untracked 
|  71|0x00000000c4700000, 0x00000000c4700000, 0x00000000c4800000|  0%| F|  |TAMS 0x00000000c4700000| PB 0x00000000c4700000| Untracked 
|  72|0x00000000c4800000, 0x00000000c4800000, 0x00000000c4900000|  0%| F|  |TAMS 0x00000000c4800000| PB 0x00000000c4800000| Untracked 
|  73|0x00000000c4900000, 0x00000000c4900000, 0x00000000c4a00000|  0%| F|  |TAMS 0x00000000c4900000| PB 0x00000000c4900000| Untracked 
|  74|0x00000000c4a00000, 0x00000000c4a00000, 0x00000000c4b00000|  0%| F|  |TAMS 0x00000000c4a00000| PB 0x00000000c4a00000| Untracked 
|  75|0x00000000c4b00000, 0x00000000c4b00000, 0x00000000c4c00000|  0%| F|  |TAMS 0x00000000c4b00000| PB 0x00000000c4b00000| Untracked 
|  76|0x00000000c4c00000, 0x00000000c4c00000, 0x00000000c4d00000|  0%| F|  |TAMS 0x00000000c4c00000| PB 0x00000000c4c00000| Untracked 
|  77|0x00000000c4d00000, 0x00000000c4d00000, 0x00000000c4e00000|  0%| F|  |TAMS 0x00000000c4d00000| PB 0x00000000c4d00000| Untracked 
|  78|0x00000000c4e00000, 0x00000000c4e00000, 0x00000000c4f00000|  0%| F|  |TAMS 0x00000000c4e00000| PB 0x00000000c4e00000| Untracked 
|  79|0x00000000c4f00000, 0x00000000c4f00000, 0x00000000c5000000|  0%| F|  |TAMS 0x00000000c4f00000| PB 0x00000000c4f00000| Untracked 
|  80|0x00000000c5000000, 0x00000000c5000000, 0x00000000c5100000|  0%| F|  |TAMS 0x00000000c5000000| PB 0x00000000c5000000| Untracked 
|  81|0x00000000c5100000, 0x00000000c5100000, 0x00000000c5200000|  0%| F|  |TAMS 0x00000000c5100000| PB 0x00000000c5100000| Untracked 
|  82|0x00000000c5200000, 0x00000000c5200000, 0x00000000c5300000|  0%| F|  |TAMS 0x00000000c5200000| PB 0x00000000c5200000| Untracked 
|  83|0x00000000c5300000, 0x00000000c5300000, 0x00000000c5400000|  0%| F|  |TAMS 0x00000000c5300000| PB 0x00000000c5300000| Untracked 
|  84|0x00000000c5400000, 0x00000000c5400000, 0x00000000c5500000|  0%| F|  |TAMS 0x00000000c5400000| PB 0x00000000c5400000| Untracked 
|  85|0x00000000c5500000, 0x00000000c5500000, 0x00000000c5600000|  0%| F|  |TAMS 0x00000000c5500000| PB 0x00000000c5500000| Untracked 
|  86|0x00000000c5600000, 0x00000000c5600000, 0x00000000c5700000|  0%| F|  |TAMS 0x00000000c5600000| PB 0x00000000c5600000| Untracked 
|  87|0x00000000c5700000, 0x00000000c5700000, 0x00000000c5800000|  0%| F|  |TAMS 0x00000000c5700000| PB 0x00000000c5700000| Untracked 
|  88|0x00000000c5800000, 0x00000000c5800000, 0x00000000c5900000|  0%| F|  |TAMS 0x00000000c5800000| PB 0x00000000c5800000| Untracked 
|  89|0x00000000c5900000, 0x00000000c5900000, 0x00000000c5a00000|  0%| F|  |TAMS 0x00000000c5900000| PB 0x00000000c5900000| Untracked 
|  90|0x00000000c5a00000, 0x00000000c5a9df48, 0x00000000c5b00000| 61%| E|  |TAMS 0x00000000c5a00000| PB 0x00000000c5a00000| Complete 
|  91|0x00000000c5b00000, 0x00000000c5c00000, 0x00000000c5c00000|100%| E|CS|TAMS 0x00000000c5b00000| PB 0x00000000c5b00000| Complete 
|  92|0x00000000c5c00000, 0x00000000c5d00000, 0x00000000c5d00000|100%| E|  |TAMS 0x00000000c5c00000| PB 0x00000000c5c00000| Complete 
|  93|0x00000000c5d00000, 0x00000000c5e00000, 0x00000000c5e00000|100%| E|CS|TAMS 0x00000000c5d00000| PB 0x00000000c5d00000| Complete 
|  94|0x00000000c5e00000, 0x00000000c5f00000, 0x00000000c5f00000|100%| E|CS|TAMS 0x00000000c5e00000| PB 0x00000000c5e00000| Complete 
|  95|0x00000000c5f00000, 0x00000000c6000000, 0x00000000c6000000|100%| E|CS|TAMS 0x00000000c5f00000| PB 0x00000000c5f00000| Complete 
|  96|0x00000000c6000000, 0x00000000c6100000, 0x00000000c6100000|100%| E|CS|TAMS 0x00000000c6000000| PB 0x00000000c6000000| Complete 
|  97|0x00000000c6100000, 0x00000000c6200000, 0x00000000c6200000|100%| E|CS|TAMS 0x00000000c6100000| PB 0x00000000c6100000| Complete 
|1022|0x00000000ffe00000, 0x00000000fff00000, 0x00000000fff00000|100%| O|  |TAMS 0x00000000ffe00000| PB 0x00000000ffe00000| Untracked 
|1023|0x00000000fff00000, 0x0000000100000000, 0x0000000100000000|100%| E|CS|TAMS 0x00000000fff00000| PB 0x00000000fff00000| Complete 

Card table byte_map: [0x00007fed7d200000,0x00007fed7d400000] _byte_map_base: 0x00007fed7cc00000

Marking Bits: (CMBitMap*) 0x00007fed78058d70
 Bits: [0x00007fed7c200000, 0x00007fed7d200000)

Polling page: 0x00007fed80220000

Metaspace:

Usage:
  Non-class:     54,74 MB used.
      Class:      7,37 MB used.
       Both:     62,11 MB used.

Virtual space:
  Non-class space:       64,00 MB reserved,      55,75 MB ( 87%) committed,  1 nodes.
      Class space:        1,00 GB reserved,       8,12 MB ( <1%) committed,  1 nodes.
             Both:        1,06 GB reserved,      63,88 MB (  6%) committed. 

Chunk freelists:
   Non-Class:  8,09 MB
       Class:  7,71 MB
        Both:  15,81 MB

MaxMetaspaceSize: unlimited
CompressedClassSpaceSize: 1,00 GB
Initial GC threshold: 21,00 MB
Current GC threshold: 102,50 MB
CDS: on
 - commit_granule_bytes: 65536.
 - commit_granule_words: 8192.
 - virtual_space_node_default_size: 8388608.
 - enlarge_chunks_in_place: 1.
 - use_allocation_guard: 0.


Internal statistics:

num_allocs_failed_limit: 18.
num_arena_births: 1254.
num_arena_deaths: 0.
num_vsnodes_births: 2.
num_vsnodes_deaths: 0.
num_space_committed: 1022.
num_space_uncommitted: 0.
num_chunks_returned_to_freelist: 18.
num_chunks_taken_from_freelist: 4086.
num_chunk_merges: 18.
num_chunk_splits: 2535.
num_chunks_enlarged: 1406.
num_inconsistent_stats: 0.

CodeHeap 'non-profiled nmethods': size=120028Kb used=5313Kb max_used=5313Kb free=114714Kb
 bounds [0x00007fed67ec9000, 0x00007fed68409000, 0x00007fed6f400000]
CodeHeap 'profiled nmethods': size=120028Kb used=16892Kb max_used=16912Kb free=103135Kb
 bounds [0x00007fed60400000, 0x00007fed61490000, 0x00007fed67937000]
CodeHeap 'non-nmethods': size=5704Kb used=1962Kb max_used=1999Kb free=3742Kb
 bounds [0x00007fed67937000, 0x00007fed67ba7000, 0x00007fed67ec9000]
CodeCache: size=245760Kb, used=24167Kb, max_used=24224Kb, free=221591Kb
 total_blobs=9162, nmethods=8187, adapters=879, full_count=0
Compilation: enabled, stopped_count=0, restarted_count=0

Compilation events (20 events):
Event: 11,109 Thread 0x00007fed78101dc0 nmethod 9294 0x00007fed60dbfa90 code [0x00007fed60dbfc60, 0x00007fed60dc0048]
Event: 11,117 Thread 0x00007fed78101dc0 9295       3       org.eclipse.swt.graphics.Image::getBounds (17 bytes)
Event: 11,118 Thread 0x00007fed78101dc0 nmethod 9295 0x00007fed60dbf490 code [0x00007fed60dbf660, 0x00007fed60dbf968]
Event: 11,118 Thread 0x00007fed78101dc0 9296       3       org.eclipse.swt.graphics.Image::getBoundsInPixels (58 bytes)
Event: 11,118 Thread 0x00007fed78101dc0 nmethod 9296 0x00007fed60c06710 code [0x00007fed60c06900, 0x00007fed60c06ec0]
Event: 11,122 Thread 0x00007fed78101dc0 9298       3       org.eclipse.swt.graphics.GC::getClipping (19 bytes)
Event: 11,122 Thread 0x00007fed78101dc0 nmethod 9298 0x00007fed60c06190 code [0x00007fed60c06360, 0x00007fed60c065d0]
Event: 11,123 Thread 0x00007fed78101dc0 9299       3       org.eclipse.swt.graphics.GC::getClippingInPixels (370 bytes)
Event: 11,124 Thread 0x00007fed78101dc0 nmethod 9299 0x00007fed60e1d390 code [0x00007fed60e1d6c0, 0x00007fed60e1e858]
Event: 11,125 Thread 0x00007fed78101dc0 9301       3       org.eclipse.swt.graphics.GCData::<init> (63 bytes)
Event: 11,125 Thread 0x00007fed78101dc0 nmethod 9301 0x00007fed60c8fd10 code [0x00007fed60c8fea0, 0x00007fed60c90058]
Event: 11,125 Thread 0x00007fed78101dc0 9302       3       org.eclipse.swt.graphics.GC::init (225 bytes)
Event: 11,126 Thread 0x00007fed78101dc0 nmethod 9302 0x00007fed60c03c90 code [0x00007fed60c03f40, 0x00007fed60c04ab0]
Event: 11,126 Thread 0x00007fed78101dc0 9303       3       org.eclipse.swt.graphics.GC::initCairo (132 bytes)
Event: 11,127 Thread 0x00007fed78101dc0 nmethod 9303 0x00007fed60c03510 code [0x00007fed60c03700, 0x00007fed60c03ac0]
Event: 11,127 Thread 0x00007fed78101dc0 9304       3       org.eclipse.swt.graphics.GC::destroy (153 bytes)
Event: 11,127 Thread 0x00007fed78101dc0 nmethod 9304 0x00007fed60c00010 code [0x00007fed60c00220, 0x00007fed60c00758]
Event: 11,127 Thread 0x00007fed78101dc0 9305       3       org.eclipse.swt.graphics.GC::disposeLayout (69 bytes)
Event: 11,128 Thread 0x00007fed78101dc0 nmethod 9305 0x00007fed60c02f90 code [0x00007fed60c03140, 0x00007fed60c03398]
Event: 11,134 Thread 0x00007fed78100700 nmethod 9179 0x00007fed683e7710 code [0x00007fed683e7e20, 0x00007fed683ebcc0]

GC Heap History (20 events):
Event: 3,737 GC heap before
{Heap before GC invocations=12 (full 0):
 garbage-first heap   total 105472K, used 53874K [0x00000000c0000000, 0x0000000100000000)
  region size 1024K, 23 young (23552K), 3 survivors (3072K)
 Metaspace       used 14851K, committed 15360K, reserved 1114112K
  class space    used 1482K, committed 1664K, reserved 1048576K
}
Event: 3,741 GC heap after
{Heap after GC invocations=13 (full 0):
 garbage-first heap   total 105472K, used 37513K [0x00000000c0000000, 0x0000000100000000)
  region size 1024K, 3 young (3072K), 3 survivors (3072K)
 Metaspace       used 14851K, committed 15360K, reserved 1114112K
  class space    used 1482K, committed 1664K, reserved 1048576K
}
Event: 4,368 GC heap before
{Heap before GC invocations=13 (full 0):
 garbage-first heap   total 105472K, used 52873K [0x00000000c0000000, 0x0000000100000000)
  region size 1024K, 20 young (20480K), 3 survivors (3072K)
 Metaspace       used 20717K, committed 21504K, reserved 1114112K
  class space    used 2057K, committed 2368K, reserved 1048576K
}
Event: 4,373 GC heap after
{Heap after GC invocations=14 (full 0):
 garbage-first heap   total 105472K, used 30007K [0x00000000c0000000, 0x0000000100000000)
  region size 1024K, 4 young (4096K), 4 survivors (4096K)
 Metaspace       used 20717K, committed 21504K, reserved 1114112K
  class space    used 2057K, committed 2368K, reserved 1048576K
}
Event: 4,410 GC heap before
{Heap before GC invocations=14 (full 0):
 garbage-first heap   total 105472K, used 30007K [0x00000000c0000000, 0x0000000100000000)
  region size 1024K, 5 young (5120K), 4 survivors (4096K)
 Metaspace       used 21005K, committed 21824K, reserved 1114112K
  class space    used 2099K, committed 2432K, reserved 1048576K
}
Event: 4,413 GC heap after
{Heap after GC invocations=15 (full 0):
 garbage-first heap   total 105472K, used 28937K [0x00000000c0000000, 0x0000000100000000)
  region size 1024K, 4 young (4096K), 4 survivors (4096K)
 Metaspace       used 21005K, committed 21824K, reserved 1114112K
  class space    used 2099K, committed 2432K, reserved 1048576K
}
Event: 4,468 GC heap before
{Heap before GC invocations=15 (full 0):
 garbage-first heap   total 105472K, used 29961K [0x00000000c0000000, 0x0000000100000000)
  region size 1024K, 6 young (6144K), 4 survivors (4096K)
 Metaspace       used 21326K, committed 22144K, reserved 1114112K
  class space    used 2151K, committed 2432K, reserved 1048576K
}
Event: 4,472 GC heap after
{Heap after GC invocations=16 (full 0):
 garbage-first heap   total 210944K, used 29268K [0x00000000c0000000, 0x0000000100000000)
  region size 1024K, 4 young (4096K), 4 survivors (4096K)
 Metaspace       used 21326K, committed 22144K, reserved 1114112K
  class space    used 2151K, committed 2432K, reserved 1048576K
}
Event: 6,084 GC heap before
{Heap before GC invocations=17 (full 0):
 garbage-first heap   total 102400K, used 78420K [0x00000000c0000000, 0x0000000100000000)
  region size 1024K, 53 young (54272K), 4 survivors (4096K)
 Metaspace       used 35844K, committed 37056K, reserved 1114112K
  class space    used 3959K, committed 4480K, reserved 1048576K
}
Event: 6,091 GC heap after
{Heap after GC invocations=18 (full 0):
 garbage-first heap   total 102400K, used 36254K [0x00000000c0000000, 0x0000000100000000)
  region size 1024K, 8 young (8192K), 8 survivors (8192K)
 Metaspace       used 35844K, committed 37056K, reserved 1114112K
  class space    used 3959K, committed 4480K, reserved 1048576K
}
Event: 6,132 GC heap before
{Heap before GC invocations=18 (full 0):
 garbage-first heap   total 102400K, used 37278K [0x00000000c0000000, 0x0000000100000000)
  region size 1024K, 10 young (10240K), 8 survivors (8192K)
 Metaspace       used 36116K, committed 37376K, reserved 1114112K
  class space    used 4009K, committed 4544K, reserved 1048576K
}
Event: 6,138 GC heap after
{Heap after GC invocations=19 (full 0):
 garbage-first heap   total 102400K, used 36275K [0x00000000c0000000, 0x0000000100000000)
  region size 1024K, 2 young (2048K), 2 survivors (2048K)
 Metaspace       used 36116K, committed 37376K, reserved 1114112K
  class space    used 4009K, committed 4544K, reserved 1048576K
}
Event: 6,153 GC heap before
{Heap before GC invocations=19 (full 0):
 garbage-first heap   total 102400K, used 36275K [0x00000000c0000000, 0x0000000100000000)
  region size 1024K, 3 young (3072K), 2 survivors (2048K)
 Metaspace       used 36394K, committed 37696K, reserved 1114112K
  class space    used 4032K, committed 4608K, reserved 1048576K
}
Event: 6,154 GC heap after
{Heap after GC invocations=20 (full 0):
 garbage-first heap   total 102400K, used 35445K [0x00000000c0000000, 0x0000000100000000)
  region size 1024K, 1 young (1024K), 1 survivors (1024K)
 Metaspace       used 36394K, committed 37696K, reserved 1114112K
  class space    used 4032K, committed 4608K, reserved 1048576K
}
Event: 7,732 GC heap before
{Heap before GC invocations=21 (full 0):
 garbage-first heap   total 102400K, used 83573K [0x00000000c0000000, 0x0000000100000000)
  region size 1024K, 46 young (47104K), 1 survivors (1024K)
 Metaspace       used 45287K, committed 46784K, reserved 1114112K
  class space    used 5186K, committed 5824K, reserved 1048576K
}
Event: 7,738 GC heap after
{Heap after GC invocations=22 (full 0):
 garbage-first heap   total 102400K, used 41900K [0x00000000c0000000, 0x0000000100000000)
  region size 1024K, 6 young (6144K), 6 survivors (6144K)
 Metaspace       used 45287K, committed 46784K, reserved 1114112K
  class space    used 5186K, committed 5824K, reserved 1048576K
}
Event: 9,087 GC heap before
{Heap before GC invocations=22 (full 0):
 garbage-first heap   total 102400K, used 81836K [0x00000000c0000000, 0x0000000100000000)
  region size 1024K, 46 young (47104K), 6 survivors (6144K)
 Metaspace       used 52647K, committed 54272K, reserved 1114112K
  class space    used 6118K, committed 6784K, reserved 1048576K
}
Event: 9,096 GC heap after
{Heap after GC invocations=23 (full 0):
 garbage-first heap   total 102400K, used 46457K [0x00000000c0000000, 0x0000000100000000)
  region size 1024K, 6 young (6144K), 6 survivors (6144K)
 Metaspace       used 52647K, committed 54272K, reserved 1114112K
  class space    used 6118K, committed 6784K, reserved 1048576K
}
Event: 10,677 GC heap before
{Heap before GC invocations=23 (full 0):
 garbage-first heap   total 102400K, used 84345K [0x00000000c0000000, 0x0000000100000000)
  region size 1024K, 43 young (44032K), 6 survivors (6144K)
 Metaspace       used 60995K, committed 62784K, reserved 1114112K
  class space    used 7200K, committed 8000K, reserved 1048576K
}
Event: 10,683 GC heap after
{Heap after GC invocations=24 (full 0):
 garbage-first heap   total 102400K, used 51236K [0x00000000c0000000, 0x0000000100000000)
  region size 1024K, 5 young (5120K), 5 survivors (5120K)
 Metaspace       used 60995K, committed 62784K, reserved 1114112K
  class space    used 7200K, committed 8000K, reserved 1048576K
}

Dll operation events (17 events):
Event: 0,002 Loaded shared library /app/jre/lib/libjava.so
Event: 0,019 Loaded shared library /app/jre/lib/libjsvml.so
Event: 0,039 Loaded shared library /app/jre/lib/libnio.so
Event: 0,040 Loaded shared library /app/jre/lib/libzip.so
Event: 0,083 Loaded shared library /app/jre/lib/libjimage.so
Event: 0,152 Loaded shared library /app/bin/plugins/org.eclipse.equinox.launcher.gtk.linux.x86_64_1.2.1500.v20250801-0854/eclipse_11916.so
Event: 0,387 Loaded shared library /app/jre/lib/libnet.so
Event: 4,017 Loaded shared library /app/jre/lib/libverify.so
Event: 4,287 Loaded shared library /home/jalapc/.eclipse/487352054_linux_gtk_x86_64/configuration/org.eclipse.osgi/153/0/.cp/libswt-gtk-4971r15.so
Event: 4,289 Loaded shared library /home/jalapc/.eclipse/487352054_linux_gtk_x86_64/configuration/org.eclipse.osgi/153/0/.cp/libswt-pi3-gtk-4971r15.so
Event: 4,574 Loaded shared library /home/jalapc/.eclipse/487352054_linux_gtk_x86_64/configuration/org.eclipse.osgi/153/0/.cp/libswt-cairo-gtk-4971r15.so
Event: 5,110 Loaded shared library /home/jalapc/.eclipse/487352054_linux_gtk_x86_64/configuration/org.eclipse.osgi/50/0/.cp/os/linux/x86_64/libunixfile_1_0_0.so
Event: 5,198 Loaded shared library /app/jre/lib/libjaas.so
Event: 5,644 Loaded shared library /app/jre/lib/libextnet.so
Event: 6,825 Loaded shared library /home/jalapc/.eclipse/487352054_linux_gtk_x86_64/configuration/org.eclipse.osgi/153/0/.cp/libswt-atk-gtk-4971r15.so
Event: 9,981 Loaded shared library /app/jre/lib/libawt.so
Event: 9,982 Loaded shared library /app/jre/lib/libawt_headless.so

Deoptimization events (20 events):
Event: 11,012 Thread 0x00007fed7801bf60 Uncommon trap: trap_request=0xffffff45 fr.pc=0x00007fed6830a508 relative=0x0000000000000168
Event: 11,012 Thread 0x00007fed7801bf60 Uncommon trap: reason=unstable_if action=reinterpret pc=0x00007fed6830a508 method=jdk.internal.org.objectweb.asm.ByteVector.putByteArray([BII)Ljdk/internal/org/objectweb/asm/ByteVector; @ 20 c2
Event: 11,012 Thread 0x00007fed7801bf60 DEOPT PACKING pc=0x00007fed6830a508 sp=0x00007fed7e3fbed0
Event: 11,012 Thread 0x00007fed7801bf60 DEOPT UNPACKING pc=0x00007fed6798af99 sp=0x00007fed7e3fbea0 mode 2
Event: 11,012 Thread 0x00007fed7801bf60 Uncommon trap: trap_request=0xffffff45 fr.pc=0x00007fed6838f7d4 relative=0x0000000000000d54
Event: 11,012 Thread 0x00007fed7801bf60 Uncommon trap: reason=unstable_if action=reinterpret pc=0x00007fed6838f7d4 method=jdk.internal.org.objectweb.asm.Label.resolve([BI)Z @ 80 c2
Event: 11,012 Thread 0x00007fed7801bf60 DEOPT PACKING pc=0x00007fed6838f7d4 sp=0x00007fed7e3fbf60
Event: 11,012 Thread 0x00007fed7801bf60 DEOPT UNPACKING pc=0x00007fed6798af99 sp=0x00007fed7e3fbe90 mode 2
Event: 11,012 Thread 0x00007fed7801bf60 Uncommon trap: trap_request=0xffffff45 fr.pc=0x00007fed6832fc44 relative=0x0000000000000224
Event: 11,012 Thread 0x00007fed7801bf60 Uncommon trap: reason=unstable_if action=reinterpret pc=0x00007fed6832fc44 method=jdk.internal.org.objectweb.asm.Label.resolve([BI)Z @ 80 c2
Event: 11,012 Thread 0x00007fed7801bf60 DEOPT PACKING pc=0x00007fed6832fc44 sp=0x00007fed7e3fbef0
Event: 11,012 Thread 0x00007fed7801bf60 DEOPT UNPACKING pc=0x00007fed6798af99 sp=0x00007fed7e3fbe90 mode 2
Event: 11,024 Thread 0x00007fed789c25a0 Uncommon trap: trap_request=0xffffff45 fr.pc=0x00007fed67ef6b40 relative=0x0000000000000220
Event: 11,024 Thread 0x00007fed789c25a0 Uncommon trap: reason=unstable_if action=reinterpret pc=0x00007fed67ef6b40 method=java.lang.StringLatin1.canEncode(I)Z @ 4 c2
Event: 11,024 Thread 0x00007fed789c25a0 DEOPT PACKING pc=0x00007fed67ef6b40 sp=0x00007feca62f2520
Event: 11,024 Thread 0x00007fed789c25a0 DEOPT UNPACKING pc=0x00007fed6798af99 sp=0x00007feca62f23f0 mode 2
Event: 11,043 Thread 0x00007fed789c25a0 Uncommon trap: trap_request=0xffffff45 fr.pc=0x00007fed68089ac0 relative=0x0000000000000500
Event: 11,043 Thread 0x00007fed789c25a0 Uncommon trap: reason=unstable_if action=reinterpret pc=0x00007fed68089ac0 method=java.util.ArrayList.toArray([Ljava/lang/Object;)[Ljava/lang/Object; @ 45 c2
Event: 11,043 Thread 0x00007fed789c25a0 DEOPT PACKING pc=0x00007fed68089ac0 sp=0x00007feca62f2910
Event: 11,043 Thread 0x00007fed789c25a0 DEOPT UNPACKING pc=0x00007fed6798af99 sp=0x00007feca62f2908 mode 2

Classes loaded (20 events):
Event: 11,055 Loading class sun/security/ssl/SSLBasicKeyDerivation$SecretSizeSpec
Event: 11,055 Loading class sun/security/ssl/SSLBasicKeyDerivation$SecretSizeSpec done
Event: 11,057 Loading class com/sun/crypto/provider/GaloisCounterMode$GCMEncrypt
Event: 11,058 Loading class com/sun/crypto/provider/GaloisCounterMode$GCMEncrypt done
Event: 11,058 Loading class com/sun/crypto/provider/GaloisCounterMode$EncryptOp
Event: 11,058 Loading class com/sun/crypto/provider/GaloisCounterMode$EncryptOp done
Event: 11,059 Loading class javax/net/ssl/HandshakeCompletedEvent
Event: 11,060 Loading class javax/net/ssl/HandshakeCompletedEvent done
Event: 11,060 Loading class sun/security/ssl/TransportContext$NotifyHandshake
Event: 11,060 Loading class sun/security/ssl/TransportContext$NotifyHandshake done
Event: 11,060 Loading class javax/net/ssl/SSLEngineResult$HandshakeStatus
Event: 11,060 Loading class javax/net/ssl/SSLEngineResult$HandshakeStatus done
Event: 11,060 Loading class sun/security/ssl/TransportContext$NotifyHandshake$1
Event: 11,060 Loading class jdk/internal/event/TLSHandshakeEvent
Event: 11,060 Loading class sun/security/ssl/TransportContext$NotifyHandshake$1 done
Event: 11,060 Loading class jdk/internal/event/TLSHandshakeEvent done
Event: 11,061 Loading class sun/net/www/protocol/http/AuthenticationInfo
Event: 11,061 Loading class sun/net/www/protocol/http/AuthCacheValue
Event: 11,061 Loading class sun/net/www/protocol/http/AuthCacheValue done
Event: 11,061 Loading class sun/net/www/protocol/http/AuthenticationInfo done

Classes unloaded (0 events):
No events

Classes redefined (0 events):
No events

Internal exceptions (20 events):
Event: 9,973 Thread 0x00007fed7801bf60 Exception <a 'java/lang/NoSuchMethodError'{0x00000000c5280b18}: 'java.lang.Object java.lang.invoke.DirectMethodHandle$Holder.invokeStaticInit(java.lang.Object, java.lang.Object, double, double)'> (0x00000000c5280b18) 
thrown [src/hotspot/share/interpreter/linkResolver.cpp, line 772]
Event: 9,980 Thread 0x00007fed7801bf60 Exception <a 'java/lang/ClassNotFoundException'{0x00000000c52b8170}: sun/awt/resources/spi/awtProvider> (0x00000000c52b8170) 
thrown [src/hotspot/share/classfile/systemDictionary.cpp, line 312]
Event: 9,982 Thread 0x00007fed7801bf60 Exception <a 'java/io/FileNotFoundException'{0x00000000c52c1bf8}> (0x00000000c52c1bf8) 
thrown [src/hotspot/share/prims/jni.cpp, line 520]
Event: 9,982 Thread 0x00007fed7801bf60 Exception <a 'java/io/FileNotFoundException'{0x00000000c52c3478}> (0x00000000c52c3478) 
thrown [src/hotspot/share/prims/jni.cpp, line 520]
Event: 10,041 Thread 0x00007fed7801bf60 Exception <a 'java/lang/NoSuchMethodError'{0x00000000c51c2690}: 'float java.lang.invoke.DirectMethodHandle$Holder.invokeInterface(java.lang.Object, java.lang.Object)'> (0x00000000c51c2690) 
thrown [src/hotspot/share/interpreter/linkResolver.cpp, line 772]
Event: 10,041 Thread 0x00007fed7801bf60 Exception <a 'java/lang/IncompatibleClassChangeError'{0x00000000c51c5f28}: Found class java.lang.Object, but interface was expected> (0x00000000c51c5f28) 
thrown [src/hotspot/share/interpreter/linkResolver.cpp, line 840]
Event: 10,564 Thread 0x00007fed789c25a0 Implicit null exception at 0x00007fed67f2880d to 0x00007fed67f29ba4
Event: 10,661 Thread 0x00007fed7801bf60 Exception <a 'java/io/FileNotFoundException'{0x00000000c3e4f500}> (0x00000000c3e4f500) 
thrown [src/hotspot/share/prims/jni.cpp, line 520]
Event: 10,662 Thread 0x00007fed7801bf60 Exception <a 'java/io/FileNotFoundException'{0x00000000c3e507e8}> (0x00000000c3e507e8) 
thrown [src/hotspot/share/prims/jni.cpp, line 520]
Event: 10,670 Thread 0x00007fed7801bf60 Exception <a 'java/io/FileNotFoundException'{0x00000000c3e9c968}> (0x00000000c3e9c968) 
thrown [src/hotspot/share/prims/jni.cpp, line 520]
Event: 10,815 Thread 0x00007fed7801bf60 Implicit null exception at 0x00007fed68169167 to 0x00007fed681691d4
Event: 11,002 Thread 0x00007fed7801bf60 Exception <a 'java/lang/NoSuchMethodError'{0x00000000c5ec1c10}: 'java.lang.Object java.lang.invoke.DirectMethodHandle$Holder.invokeStaticInit(java.lang.Object, java.lang.Object, java.lang.Object, java.lang.Object, java.lang.Object)'> (0x00000000c5ec1c10) 
thrown [src/hotspot/share/interpreter/linkResolver.cpp, line 772]
Event: 11,004 Thread 0x00007fed7801bf60 Exception <a 'java/lang/NoSuchMethodError'{0x00000000c5ec8d20}: 'int java.lang.invoke.DirectMethodHandle$Holder.invokeStaticInit(java.lang.Object, java.lang.Object, java.lang.Object, java.lang.Object, java.lang.Object)'> (0x00000000c5ec8d20) 
thrown [src/hotspot/share/interpreter/linkResolver.cpp, line 772]
Event: 11,005 Thread 0x00007fed7801bf60 Exception <a 'java/lang/NoSuchMethodError'{0x00000000c5ecc5f0}: 'int java.lang.invoke.DirectMethodHandle$Holder.invokeStaticInit(java.lang.Object, int)'> (0x00000000c5ecc5f0) 
thrown [src/hotspot/share/interpreter/linkResolver.cpp, line 772]
Event: 11,005 Thread 0x00007fed7801bf60 Exception <a 'java/lang/NoSuchMethodError'{0x00000000c5ed00c0}: 'int java.lang.invoke.DirectMethodHandle$Holder.invokeStatic(java.lang.Object, java.lang.Object, java.lang.Object, java.lang.Object, java.lang.Object, java.lang.Object)'> (0x00000000c5ed00c0) 
thrown [src/hotspot/share/interpreter/linkResolver.cpp, line 772]
Event: 11,005 Thread 0x00007fed7801bf60 Exception <a 'java/lang/NoSuchMethodError'{0x00000000c5ed3868}: 'int java.lang.invoke.DirectMethodHandle$Holder.invokeStaticInit(java.lang.Object, java.lang.Object, java.lang.Object, java.lang.Object, java.lang.Object, java.lang.Object)'> (0x00000000c5ed3868) 
thrown [src/hotspot/share/interpreter/linkResolver.cpp, line 772]
Event: 11,009 Thread 0x00007fed7801bf60 Implicit null exception at 0x00007fed681f3bf9 to 0x00007fed681f3f28
Event: 11,012 Thread 0x00007fed7801bf60 Implicit null exception at 0x00007fed6830a3f5 to 0x00007fed6830a4ec
Event: 11,023 Thread 0x00007fed7801bf60 Exception <a 'java/lang/NoSuchMethodError'{0x00000000c5d92800}: 'int java.lang.invoke.DirectMethodHandle$Holder.invokeSpecial(java.lang.Object, java.lang.Object, int)'> (0x00000000c5d92800) 
thrown [src/hotspot/share/interpreter/linkResolver.cpp, line 772]
Event: 11,024 Thread 0x00007fed7801bf60 Exception <a 'java/lang/NoSuchMethodError'{0x00000000c5d9a328}: 'int java.lang.invoke.Invokers$Holder.linkToTargetMethod(java.lang.Object, int, java.lang.Object)'> (0x00000000c5d9a328) 
thrown [src/hotspot/share/interpreter/linkResolver.cpp, line 772]

ZGC Phase Switch (0 events):
No events

VM Operations (20 events):
Event: 9,223 Executing VM operation: HandshakeAllThreads (Deoptimize)
Event: 9,223 Executing VM operation: HandshakeAllThreads (Deoptimize) done
Event: 9,637 Executing VM operation: ICBufferFull
Event: 9,637 Executing VM operation: ICBufferFull done
Event: 9,949 Executing VM operation: HandshakeAllThreads (Deoptimize)
Event: 9,949 Executing VM operation: HandshakeAllThreads (Deoptimize) done
Event: 10,023 Executing VM operation: HandshakeAllThreads (Deoptimize)
Event: 10,023 Executing VM operation: HandshakeAllThreads (Deoptimize) done
Event: 10,071 Executing VM operation: HandshakeAllThreads (Deoptimize)
Event: 10,071 Executing VM operation: HandshakeAllThreads (Deoptimize) done
Event: 10,415 Executing VM operation: ICBufferFull
Event: 10,415 Executing VM operation: ICBufferFull done
Event: 10,677 Executing VM operation: G1CollectForAllocation (G1 Evacuation Pause)
Event: 10,683 Executing VM operation: G1CollectForAllocation (G1 Evacuation Pause) done
Event: 10,713 Executing VM operation: G1PauseRemark
Event: 10,720 Executing VM operation: G1PauseRemark done
Event: 10,732 Executing VM operation: HandshakeAllThreads (Deoptimize)
Event: 10,732 Executing VM operation: HandshakeAllThreads (Deoptimize) done
Event: 10,747 Executing VM operation: G1PauseCleanup
Event: 10,748 Executing VM operation: G1PauseCleanup done

Memory protections (20 events):
Event: 3,754 Protecting memory [0x00007feca61f5000,0x00007feca61f9000] with protection modes 0
Event: 3,893 Protecting memory [0x00007feca62f5000,0x00007feca62f9000] with protection modes 0
Event: 4,314 Protecting memory [0x00007feca61f5000,0x00007feca61f9000] with protection modes 0
Event: 5,147 Protecting memory [0x00007feca577f000,0x00007feca5783000] with protection modes 0
Event: 5,190 Protecting memory [0x00007feca567f000,0x00007feca5683000] with protection modes 0
Event: 5,344 Protecting memory [0x00007feca5300000,0x00007feca5304000] with protection modes 0
Event: 5,572 Protecting memory [0x00007feca5200000,0x00007feca5204000] with protection modes 0
Event: 5,673 Protecting memory [0x00007feca5100000,0x00007feca5104000] with protection modes 0
Event: 5,710 Protecting memory [0x00007feca5000000,0x00007feca5004000] with protection modes 0
Event: 5,714 Protecting memory [0x00007feca4f00000,0x00007feca4f04000] with protection modes 0
Event: 6,338 Protecting memory [0x00007feca5100000,0x00007feca5104000] with protection modes 0
Event: 6,743 Protecting memory [0x00007feca5200000,0x00007feca5204000] with protection modes 0
Event: 7,464 Protecting memory [0x00007febf71f9000,0x00007febf71fd000] with protection modes 0
Event: 9,814 Protecting memory [0x00007febf6ff8000,0x00007febf6ffc000] with protection modes 0
Event: 9,819 Protecting memory [0x00007febf79fd000,0x00007febf7a01000] with protection modes 0
Event: 9,820 Protecting memory [0x00007febf7bfe000,0x00007febf7c02000] with protection modes 0
Event: 10,019 Protecting memory [0x00007febf6bf6000,0x00007febf6bfa000] with protection modes 0
Event: 10,514 Protecting memory [0x00007fed5072f000,0x00007fed50733000] with protection modes 0
Event: 10,520 Protecting memory [0x00007feccc0fa000,0x00007feccc0fe000] with protection modes 0
Event: 11,060 Protecting memory [0x00007feca43c5000,0x00007feca43c9000] with protection modes 0

Nmethod flushes (20 events):
Event: 10,718 Thread 0x00007fed780ec100 flushing  nmethod 0x00007fed609e2f90
Event: 10,718 Thread 0x00007fed780ec100 flushing  nmethod 0x00007fed60a4d390
Event: 10,718 Thread 0x00007fed780ec100 flushing  nmethod 0x00007fed60d15b10
Event: 10,718 Thread 0x00007fed780ec100 flushing  nmethod 0x00007fed60df3810
Event: 10,718 Thread 0x00007fed780ec100 flushing  nmethod 0x00007fed60d42810
Event: 10,718 Thread 0x00007fed780ec100 flushing  nmethod 0x00007fed60dedc10
Event: 10,718 Thread 0x00007fed780ec100 flushing  nmethod 0x00007fed60dedf10
Event: 10,718 Thread 0x00007fed780ec100 flushing  nmethod 0x00007fed60dee410
Event: 10,718 Thread 0x00007fed780ec100 flushing  nmethod 0x00007fed60def190
Event: 10,718 Thread 0x00007fed780ec100 flushing  nmethod 0x00007fed60c8fd10
Event: 10,718 Thread 0x00007fed780ec100 flushing  nmethod 0x00007fed60cf2d90
Event: 10,718 Thread 0x00007fed780ec100 flushing  nmethod 0x00007fed60cf3410
Event: 10,718 Thread 0x00007fed780ec100 flushing  nmethod 0x00007fed60cf4510
Event: 10,718 Thread 0x00007fed780ec100 flushing  nmethod 0x00007fed60cf5010
Event: 10,718 Thread 0x00007fed780ec100 flushing  nmethod 0x00007fed60cf5d10
Event: 10,718 Thread 0x00007fed780ec100 flushing  nmethod 0x00007fed60cf6910
Event: 10,718 Thread 0x00007fed780ec100 flushing  nmethod 0x00007fed60cfa010
Event: 10,718 Thread 0x00007fed780ec100 flushing  nmethod 0x00007fed60d55e10
Event: 10,718 Thread 0x00007fed780ec100 flushing  nmethod 0x00007fed60d33e90
Event: 10,718 Thread 0x00007fed780ec100 flushing  nmethod 0x00007fed60d34790

Events (20 events):
Event: 5,572 Thread 0x00007fed7801bf60 Thread added: 0x00007fed78e8f860
Event: 5,673 Thread 0x00007fed78e8f860 Thread added: 0x00007fec14005520
Event: 5,710 Thread 0x00007fed7801bf60 Thread added: 0x00007fed78ef6ed0
Event: 5,714 Thread 0x00007fed7801bf60 Thread added: 0x00007fed78ef9e80
Event: 6,094 Thread 0x00007fed78e8f860 Thread exited: 0x00007fed78e8f860
Event: 6,184 Thread 0x00007fec14005520 Thread exited: 0x00007fec14005520
Event: 6,338 Thread 0x00007fec1c000fb0 Thread added: 0x00007fec10000fb0
Event: 6,743 Thread 0x00007fed7801bf60 Thread added: 0x00007fed794798c0
Event: 7,464 Thread 0x00007fed7801bf60 Thread added: 0x00007fed79706060
Event: 7,470 Thread 0x00007fed79706060 Thread exited: 0x00007fed79706060
Event: 9,814 Thread 0x00007fed7801bf60 Thread added: 0x00007fed78accb00
Event: 9,819 Thread 0x00007fed78accb00 Thread added: 0x00007febc8008400
Event: 9,820 Thread 0x00007fed78accb00 Thread added: 0x00007febc800dff0
Event: 10,019 Thread 0x00007fed7801bf60 Thread added: 0x00007fed79520890
Event: 10,365 Thread 0x00007fecd81d02f0 Thread exited: 0x00007fecd81d02f0
Event: 10,366 Thread 0x00007fecd8138400 Thread exited: 0x00007fecd8138400
Event: 10,514 Thread 0x00007fed78101dc0 Thread added: 0x00007fecd807ba50
Event: 10,520 Thread 0x00007fed78101dc0 Thread added: 0x00007fecd807ddd0
Event: 11,060 Thread 0x00007fed789c25a0 Thread added: 0x00007fec2c05ce60
Event: 11,061 Thread 0x00007fec2c05ce60 Thread exited: 0x00007fec2c05ce60


Dynamic libraries:
c0000000-c6200000 rw-p 00000000 00:00 0 
c6200000-ffe00000 ---p 00000000 00:00 0 
ffe00000-fff0d000 rw-p 00cdf000 00:22 622086                             /app/jre/lib/server/classes.jsa
fff0d000-100000000 rw-p 00000000 00:00 0 
5601daa42000-5601daa43000 r--p 00000000 00:22 621869                     /app/jre/bin/java
5601daa43000-5601daa44000 r-xp 00001000 00:22 621869                     /app/jre/bin/java
5601daa44000-5601daa45000 r--p 00002000 00:22 621869                     /app/jre/bin/java
5601daa45000-5601daa46000 r--p 00002000 00:22 621869                     /app/jre/bin/java
5601daa46000-5601daa47000 rw-p 00003000 00:22 621869                     /app/jre/bin/java
56020b53b000-56020b584000 rw-p 00000000 00:00 0                          [heap]
7febb0000000-7febb0021000 rw-p 00000000 00:00 0 
7febb0021000-7febb4000000 ---p 00000000 00:00 0 
7febb4000000-7febb4021000 rw-p 00000000 00:00 0 
7febb4021000-7febb8000000 ---p 00000000 00:00 0 
7febb8000000-7febb8021000 rw-p 00000000 00:00 0 
7febb8021000-7febbc000000 ---p 00000000 00:00 0 
7febbc000000-7febbcaf6000 rw-p 00000000 00:00 0 
7febbcaf6000-7febc0000000 ---p 00000000 00:00 0 
7febc0000000-7febc0021000 rw-p 00000000 00:00 0 
7febc0021000-7febc4000000 ---p 00000000 00:00 0 
7febc4000000-7febc4021000 rw-p 00000000 00:00 0 
7febc4021000-7febc8000000 ---p 00000000 00:00 0 
7febc8000000-7febc8021000 rw-p 00000000 00:00 0 
7febc8021000-7febcc000000 ---p 00000000 00:00 0 
7febcc000000-7febcc021000 rw-p 00000000 00:00 0 
7febcc021000-7febd0000000 ---p 00000000 00:00 0 
7febd0000000-7febd0132000 rw-p 00000000 00:00 0 
7febd0132000-7febd4000000 ---p 00000000 00:00 0 
7febd4000000-7febd4021000 rw-p 00000000 00:00 0 
7febd4021000-7febd8000000 ---p 00000000 00:00 0 
7febd8000000-7febd8021000 rw-p 00000000 00:00 0 
7febd8021000-7febdc000000 ---p 00000000 00:00 0 
7febdc000000-7febdc021000 rw-p 00000000 00:00 0 
7febdc021000-7febe0000000 ---p 00000000 00:00 0 
7febe0000000-7febe0021000 rw-p 00000000 00:00 0 
7febe0021000-7febe4000000 ---p 00000000 00:00 0 
7febe8000000-7febe8021000 rw-p 00000000 00:00 0 
7febe8021000-7febec000000 ---p 00000000 00:00 0 
7febec000000-7febec021000 rw-p 00000000 00:00 0 
7febec021000-7febf0000000 ---p 00000000 00:00 0 
7febf0000000-7febf0021000 rw-p 00000000 00:00 0 
7febf0021000-7febf4000000 ---p 00000000 00:00 0 
7febf50bb000-7febf5825000 rw-s 00000000 00:01 6898                       /memfd:gdk-wayland (deleted)
7febf5825000-7febf5f8f000 rw-s 00000000 00:01 6899                       /memfd:gdk-wayland (deleted)
7febf5f8f000-7febf5fae000 r--p 00000000 00:22 621814                     /app/jre/lib/libawt.so
7febf5fae000-7febf604c000 r-xp 0001f000 00:22 621814                     /app/jre/lib/libawt.so
7febf604c000-7febf6059000 r--p 000bd000 00:22 621814                     /app/jre/lib/libawt.so
7febf6059000-7febf605a000 r--p 000c9000 00:22 621814                     /app/jre/lib/libawt.so
7febf605a000-7febf6065000 rw-p 000ca000 00:22 621814                     /app/jre/lib/libawt.so
7febf6065000-7febf608a000 rw-p 00000000 00:00 0 
7febf639b000-7febf6438000 r--p 00000000 00:22 587338                     /run/host/fonts/google-noto/NotoSans-Italic.ttf
7febf6438000-7febf64d5000 r--p 00000000 00:22 587338                     /run/host/fonts/google-noto/NotoSans-Italic.ttf
7febf64d5000-7febf64e4000 r--p 00000000 00:22 1631877                    /usr/lib/x86_64-linux-gnu/libnss_resolve.so.2
7febf64e4000-7febf65a6000 r-xp 0000f000 00:22 1631877                    /usr/lib/x86_64-linux-gnu/libnss_resolve.so.2
7febf65a6000-7febf65eb000 r--p 000d1000 00:22 1631877                    /usr/lib/x86_64-linux-gnu/libnss_resolve.so.2
7febf65eb000-7febf65f2000 r--p 00116000 00:22 1631877                    /usr/lib/x86_64-linux-gnu/libnss_resolve.so.2
7febf65f2000-7febf65f3000 rw-p 0011d000 00:22 1631877                    /usr/lib/x86_64-linux-gnu/libnss_resolve.so.2
7febf65f3000-7febf6bf6000 rw-p 00000000 00:00 0 
7febf6bf6000-7febf6bfa000 ---p 00000000 00:00 0 
7febf6bfa000-7febf6ff8000 rw-p 00000000 00:00 0 
7febf6ff8000-7febf6ffc000 ---p 00000000 00:00 0 
7febf6ffc000-7febf71f9000 rw-p 00000000 00:00 0 
7febf71f9000-7febf71fd000 ---p 00000000 00:00 0 
7febf71fd000-7febf79fd000 rw-p 00000000 00:00 0 
7febf79fd000-7febf7a01000 ---p 00000000 00:00 0 
7febf7a01000-7febf7bfe000 rw-p 00000000 00:00 0 
7febf7bfe000-7febf7c02000 ---p 00000000 00:00 0 
7febf7c02000-7febf8000000 rw-p 00000000 00:00 0 
7febf8000000-7febf8021000 rw-p 00000000 00:00 0 
7febf8021000-7febfc000000 ---p 00000000 00:00 0 
7febfc000000-7febfc028000 rw-p 00000000 00:00 0 
7febfc028000-7fec00000000 ---p 00000000 00:00 0 
7fec00000000-7fec00021000 rw-p 00000000 00:00 0 
7fec00021000-7fec04000000 ---p 00000000 00:00 0 
7fec04000000-7fec04031000 rw-p 00000000 00:00 0 
7fec04031000-7fec08000000 ---p 00000000 00:00 0 
7fec08000000-7fec08021000 rw-p 00000000 00:00 0 
7fec08021000-7fec0c000000 ---p 00000000 00:00 0 
7fec0c000000-7fec0c021000 rw-p 00000000 00:00 0 
7fec0c021000-7fec10000000 ---p 00000000 00:00 0 
7fec10000000-7fec1005c000 rw-p 00000000 00:00 0 
7fec1005c000-7fec14000000 ---p 00000000 00:00 0 
7fec14000000-7fec14021000 rw-p 00000000 00:00 0 
7fec14021000-7fec18000000 ---p 00000000 00:00 0 
7fec18000000-7fec18022000 rw-p 00000000 00:00 0 
7fec18022000-7fec1c000000 ---p 00000000 00:00 0 
7fec1c000000-7fec1c021000 rw-p 00000000 00:00 0 
7fec1c021000-7fec20000000 ---p 00000000 00:00 0 
7fec20000000-7fec20021000 rw-p 00000000 00:00 0 
7fec20021000-7fec24000000 ---p 00000000 00:00 0 
7fec24000000-7fec24021000 rw-p 00000000 00:00 0 
7fec24021000-7fec28000000 ---p 00000000 00:00 0 
7fec28000000-7fec28021000 rw-p 00000000 00:00 0 
7fec28021000-7fec2c000000 ---p 00000000 00:00 0 
7fec2c000000-7fec2c0c3000 rw-p 00000000 00:00 0 
7fec2c0c3000-7fec30000000 ---p 00000000 00:00 0 
7fec30000000-7fec30021000 rw-p 00000000 00:00 0 
7fec30021000-7fec34000000 ---p 00000000 00:00 0 
7fec34000000-7fec34021000 rw-p 00000000 00:00 0 
7fec34021000-7fec38000000 ---p 00000000 00:00 0 
7fec38000000-7fec38021000 rw-p 00000000 00:00 0 
7fec38021000-7fec3c000000 ---p 00000000 00:00 0 
7fec3c000000-7fec3c021000 rw-p 00000000 00:00 0 
7fec3c021000-7fec40000000 ---p 00000000 00:00 0 
7fec40000000-7fec40021000 rw-p 00000000 00:00 0 
7fec40021000-7fec44000000 ---p 00000000 00:00 0 
7fec44000000-7fec44021000 rw-p 00000000 00:00 0 
7fec44021000-7fec48000000 ---p 00000000 00:00 0 
7fec48000000-7fec48021000 rw-p 00000000 00:00 0 
7fec48021000-7fec4c000000 ---p 00000000 00:00 0 
7fec4c000000-7fec4c021000 rw-p 00000000 00:00 0 
7fec4c021000-7fec50000000 ---p 00000000 00:00 0 
7fec50000000-7fec50021000 rw-p 00000000 00:00 0 
7fec50021000-7fec54000000 ---p 00000000 00:00 0 
7fec54000000-7fec54024000 rw-p 00000000 00:00 0 
7fec54024000-7fec58000000 ---p 00000000 00:00 0 
7fec58000000-7fec58021000 rw-p 00000000 00:00 0 
7fec58021000-7fec5c000000 ---p 00000000 00:00 0 
7fec5c000000-7fec5c021000 rw-p 00000000 00:00 0 
7fec5c021000-7fec60000000 ---p 00000000 00:00 0 
7fec60000000-7fec60021000 rw-p 00000000 00:00 0 
7fec60021000-7fec64000000 ---p 00000000 00:00 0 
7fec64000000-7fec64021000 rw-p 00000000 00:00 0 
7fec64021000-7fec68000000 ---p 00000000 00:00 0 
7fec68000000-7fec68021000 rw-p 00000000 00:00 0 
7fec68021000-7fec6c000000 ---p 00000000 00:00 0 
7fec6c000000-7fec6c021000 rw-p 00000000 00:00 0 
7fec6c021000-7fec70000000 ---p 00000000 00:00 0 
7fec70000000-7fec70021000 rw-p 00000000 00:00 0 
7fec70021000-7fec74000000 ---p 00000000 00:00 0 
7fec74000000-7fec74021000 rw-p 00000000 00:00 0 
7fec74021000-7fec78000000 ---p 00000000 00:00 0 
7fec78000000-7fec78021000 rw-p 00000000 00:00 0 
7fec78021000-7fec7c000000 ---p 00000000 00:00 0 
7fec7c000000-7fec7c042000 rw-p 00000000 00:00 0 
7fec7c042000-7fec80000000 ---p 00000000 00:00 0 
7fec80000000-7fec80021000 rw-p 00000000 00:00 0 
7fec80021000-7fec84000000 ---p 00000000 00:00 0 
7fec84000000-7fec84021000 rw-p 00000000 00:00 0 
7fec84021000-7fec88000000 ---p 00000000 00:00 0 
7fec88000000-7fec88021000 rw-p 00000000 00:00 0 
7fec88021000-7fec8c000000 ---p 00000000 00:00 0 
7fec8c000000-7fec8c021000 rw-p 00000000 00:00 0 
7fec8c021000-7fec90000000 ---p 00000000 00:00 0 
7fec90000000-7fec90021000 rw-p 00000000 00:00 0 
7fec90021000-7fec94000000 ---p 00000000 00:00 0 
7fec94000000-7fec94021000 rw-p 00000000 00:00 0 
7fec94021000-7fec98000000 ---p 00000000 00:00 0 
7fec98000000-7fec98021000 rw-p 00000000 00:00 0 
7fec98021000-7fec9c000000 ---p 00000000 00:00 0 
7fec9c000000-7fec9c021000 rw-p 00000000 00:00 0 
7fec9c021000-7feca0000000 ---p 00000000 00:00 0 
7feca0000000-7feca0021000 rw-p 00000000 00:00 0 
7feca0021000-7feca4000000 ---p 00000000 00:00 0 
7feca4062000-7feca4113000 r--p 00000000 00:22 1412480                    /run/host/share/icons/breeze/icon-theme.cache
7feca4113000-7feca41c4000 r--p 00000000 00:22 1236563                    /run/host/share/icons/breeze-dark/icon-theme.cache
7feca41c4000-7feca43c5000 rw-p 00000000 00:00 0 
7feca43c5000-7feca43c9000 ---p 00000000 00:00 0 
7feca43c9000-7feca4bc9000 rw-p 00000000 00:00 0 
7feca4bc9000-7feca4c64000 r--p 00000000 00:22 587296                     /run/host/fonts/google-noto/NotoSans-Bold.ttf
7feca4c64000-7feca4cff000 r--p 00000000 00:22 587296                     /run/host/fonts/google-noto/NotoSans-Bold.ttf
7feca4cff000-7feca4f00000 rw-p 00000000 00:00 0 
7feca4f00000-7feca4f04000 ---p 00000000 00:00 0 
7feca4f04000-7feca5000000 rw-p 00000000 00:00 0 
7feca5000000-7feca5004000 ---p 00000000 00:00 0 
7feca5004000-7feca5100000 rw-p 00000000 00:00 0 
7feca5100000-7feca5104000 ---p 00000000 00:00 0 
7feca5104000-7feca5200000 rw-p 00000000 00:00 0 
7feca5200000-7feca5204000 ---p 00000000 00:00 0 
7feca5204000-7feca5300000 rw-p 00000000 00:00 0 
7feca5300000-7feca5304000 ---p 00000000 00:00 0 
7feca5304000-7feca5400000 rw-p 00000000 00:00 0 
7feca5400000-7feca5402000 r-xp 00000000 00:22 775314                     /home/jalapc/.eclipse/487352054_linux_gtk_x86_64/configuration/org.eclipse.osgi/50/0/.cp/os/linux/x86_64/libunixfile_1_0_0.so
7feca5402000-7feca5601000 ---p 00002000 00:22 775314                     /home/jalapc/.eclipse/487352054_linux_gtk_x86_64/configuration/org.eclipse.osgi/50/0/.cp/os/linux/x86_64/libunixfile_1_0_0.so
7feca5601000-7feca5602000 r--p 00001000 00:22 775314                     /home/jalapc/.eclipse/487352054_linux_gtk_x86_64/configuration/org.eclipse.osgi/50/0/.cp/os/linux/x86_64/libunixfile_1_0_0.so
7feca5602000-7feca5603000 rw-p 00002000 00:22 775314                     /home/jalapc/.eclipse/487352054_linux_gtk_x86_64/configuration/org.eclipse.osgi/50/0/.cp/os/linux/x86_64/libunixfile_1_0_0.so
7feca567f000-7feca5683000 ---p 00000000 00:00 0 
7feca5683000-7feca577f000 rw-p 00000000 00:00 0 
7feca577f000-7feca5783000 ---p 00000000 00:00 0 
7feca5783000-7feca6181000 rw-p 00000000 00:00 0 
7feca6181000-7feca61bc000 r--p 00000000 00:22 775289                     /home/jalapc/.eclipse/487352054_linux_gtk_x86_64/configuration/org.eclipse.osgi/153/0/.cp/libswt-pi3-gtk-4971r15.so
7feca61bc000-7feca61dd000 r-xp 0003b000 00:22 775289                     /home/jalapc/.eclipse/487352054_linux_gtk_x86_64/configuration/org.eclipse.osgi/153/0/.cp/libswt-pi3-gtk-4971r15.so
7feca61dd000-7feca61f0000 r--p 0005c000 00:22 775289                     /home/jalapc/.eclipse/487352054_linux_gtk_x86_64/configuration/org.eclipse.osgi/153/0/.cp/libswt-pi3-gtk-4971r15.so
7feca61f0000-7feca61f1000 r--p 0006e000 00:22 775289                     /home/jalapc/.eclipse/487352054_linux_gtk_x86_64/configuration/org.eclipse.osgi/153/0/.cp/libswt-pi3-gtk-4971r15.so
7feca61f1000-7feca61f4000 rw-p 0006f000 00:22 775289                     /home/jalapc/.eclipse/487352054_linux_gtk_x86_64/configuration/org.eclipse.osgi/153/0/.cp/libswt-pi3-gtk-4971r15.so
7feca61f4000-7feca61f5000 rw-p 00000000 00:00 0 
7feca61f5000-7feca61f9000 ---p 00000000 00:00 0 
7feca61f9000-7feca62f5000 rw-p 00000000 00:00 0 
7feca62f5000-7feca62f9000 ---p 00000000 00:00 0 
7feca62f9000-7feca63f5000 rw-p 00000000 00:00 0 
7feca63f5000-7feca63f9000 ---p 00000000 00:00 0 
7feca63f9000-7feca64f5000 rw-p 00000000 00:00 0 
7feca64f5000-7feca64f9000 ---p 00000000 00:00 0 
7feca64f9000-7feca6cfc000 rw-p 00000000 00:00 0 
7feca6cfc000-7feca6d00000 ---p 00000000 00:00 0 
7feca6d00000-7feca6efd000 rw-p 00000000 00:00 0 
7feca6efd000-7feca6f01000 ---p 00000000 00:00 0 
7feca6f01000-7feca6ffd000 rw-p 00000000 00:00 0 
7feca6ffd000-7feca7001000 ---p 00000000 00:00 0 
7feca7001000-7feca70fd000 rw-p 00000000 00:00 0 
7feca70fd000-7feca7101000 ---p 00000000 00:00 0 
7feca7101000-7feca71fd000 rw-p 00000000 00:00 0 
7feca71fd000-7feca7201000 ---p 00000000 00:00 0 
7feca7201000-7feca72fd000 rw-p 00000000 00:00 0 
7feca72fd000-7feca7301000 ---p 00000000 00:00 0 
7feca7301000-7feca73fd000 rw-p 00000000 00:00 0 
7feca73fd000-7feca7401000 ---p 00000000 00:00 0 
7feca7401000-7feca74fd000 rw-p 00000000 00:00 0 
7feca74fd000-7feca7501000 ---p 00000000 00:00 0 
7feca7501000-7feca75fd000 rw-p 00000000 00:00 0 
7feca75fd000-7feca7601000 ---p 00000000 00:00 0 
7feca7601000-7feca76fd000 rw-p 00000000 00:00 0 
7feca76fd000-7feca7701000 ---p 00000000 00:00 0 
7feca7701000-7feca77fd000 rw-p 00000000 00:00 0 
7feca77fd000-7feca7801000 ---p 00000000 00:00 0 
7feca7801000-7feca78fd000 rw-p 00000000 00:00 0 
7feca78fd000-7feca7901000 ---p 00000000 00:00 0 
7feca7901000-7feca79fd000 rw-p 00000000 00:00 0 
7feca79fd000-7feca7a01000 ---p 00000000 00:00 0 
7feca7a01000-7feca7afd000 rw-p 00000000 00:00 0 
7feca7afd000-7feca7b01000 ---p 00000000 00:00 0 
7feca7b01000-7feca7bfd000 rw-p 00000000 00:00 0 
7feca7bfd000-7feca7c01000 ---p 00000000 00:00 0 
7feca7c01000-7feca8000000 rw-p 00000000 00:00 0 
7feca8000000-7feca8021000 rw-p 00000000 00:00 0 
7feca8021000-7fecac000000 ---p 00000000 00:00 0 
7fecac000000-7fecad8ed000 rw-p 00000000 00:00 0 
7fecad8ed000-7fecb0000000 ---p 00000000 00:00 0 
7fecb0000000-7fecb09c9000 rw-p 00000000 00:00 0 
7fecb09c9000-7fecb4000000 ---p 00000000 00:00 0 
7fecb4000000-7fecb4086000 rw-p 00000000 00:00 0 
7fecb4086000-7fecb8000000 ---p 00000000 00:00 0 
7fecb8000000-7fecb8028000 rw-p 00000000 00:00 0 
7fecb8028000-7fecbc000000 ---p 00000000 00:00 0 
7fecbc000000-7fecbc021000 rw-p 00000000 00:00 0 
7fecbc021000-7fecc0000000 ---p 00000000 00:00 0 
7fecc0000000-7fecc0021000 rw-p 00000000 00:00 0 
7fecc0021000-7fecc4000000 ---p 00000000 00:00 0 
7fecc4000000-7fecc4021000 rw-p 00000000 00:00 0 
7fecc4021000-7fecc8000000 ---p 00000000 00:00 0 
7fecc8000000-7fecc80b3000 rw-p 00000000 00:00 0 
7fecc80b3000-7feccc000000 ---p 00000000 00:00 0 
7feccc060000-7feccc09f000 r--p 00000000 00:22 775287                     /home/jalapc/.eclipse/487352054_linux_gtk_x86_64/configuration/org.eclipse.osgi/153/0/.cp/libswt-gtk-4971r15.so
7feccc09f000-7feccc0c8000 r-xp 0003f000 00:22 775287                     /home/jalapc/.eclipse/487352054_linux_gtk_x86_64/configuration/org.eclipse.osgi/153/0/.cp/libswt-gtk-4971r15.so
7feccc0c8000-7feccc0ed000 r--p 00068000 00:22 775287                     /home/jalapc/.eclipse/487352054_linux_gtk_x86_64/configuration/org.eclipse.osgi/153/0/.cp/libswt-gtk-4971r15.so
7feccc0ed000-7feccc0ee000 r--p 0008c000 00:22 775287                     /home/jalapc/.eclipse/487352054_linux_gtk_x86_64/configuration/org.eclipse.osgi/153/0/.cp/libswt-gtk-4971r15.so
7feccc0ee000-7feccc0f6000 rw-p 0008d000 00:22 775287                     /home/jalapc/.eclipse/487352054_linux_gtk_x86_64/configuration/org.eclipse.osgi/153/0/.cp/libswt-gtk-4971r15.so
7feccc0f6000-7feccc0fa000 rw-p 00000000 00:00 0 
7feccc0fa000-7feccc0fe000 ---p 00000000 00:00 0 
7feccc0fe000-7feccc3fb000 rw-p 00000000 00:00 0 
7feccc3fb000-7feccc3ff000 ---p 00000000 00:00 0 
7feccc3ff000-7feccc5fc000 rw-p 00000000 00:00 0 
7feccc5fc000-7feccc600000 ---p 00000000 00:00 0 
7feccc600000-7fecce000000 rw-p 00000000 00:00 0 
7fecce000000-7fecce001000 r--p 00000000 00:22 279818                     /usr/lib/x86_64-linux-gnu/libicudata.so.77.1
7fecce001000-7fecce002000 r-xp 00001000 00:22 279818                     /usr/lib/x86_64-linux-gnu/libicudata.so.77.1
7fecce002000-7feccfe6d000 r--p 00002000 00:22 279818                     /usr/lib/x86_64-linux-gnu/libicudata.so.77.1
7feccfe6d000-7feccfe6e000 r--p 01e6d000 00:22 279818                     /usr/lib/x86_64-linux-gnu/libicudata.so.77.1
7feccfe6e000-7feccfe6f000 rw-p 01e6e000 00:22 279818                     /usr/lib/x86_64-linux-gnu/libicudata.so.77.1
7feccfe75000-7feccfe7c000 r--p 00000000 00:22 94859                      /run/host/share/icons/AdwaitaLegacy/icon-theme.cache
7feccfe7c000-7feccfed0000 r--p 00000000 00:22 256649                     /usr/share/fonts/dejavu/DejaVuSansMono.ttf
7feccfed0000-7feccff68000 r--p 00000000 00:22 587343                     /run/host/fonts/google-noto/NotoSans-Regular.ttf
7feccff68000-7fecd0000000 r--p 00000000 00:22 587343                     /run/host/fonts/google-noto/NotoSans-Regular.ttf
7fecd0000000-7fecd0021000 rw-p 00000000 00:00 0 
7fecd0021000-7fecd4000000 ---p 00000000 00:00 0 
7fecd4000000-7fecd58be000 rw-p 00000000 00:00 0 
7fecd58be000-7fecd8000000 ---p 00000000 00:00 0 
7fecd8000000-7fecd897d000 rw-p 00000000 00:00 0 
7fecd897d000-7fecdc000000 ---p 00000000 00:00 0 
7fecdc000000-7fecdc021000 rw-p 00000000 00:00 0 
7fecdc021000-7fece0000000 ---p 00000000 00:00 0 
7fece0000000-7fece0021000 rw-p 00000000 00:00 0 
7fece0021000-7fece4000000 ---p 00000000 00:00 0 
7fece4000000-7fece559e000 rw-p 00000000 00:00 0 
7fece559e000-7fece8000000 ---p 00000000 00:00 0 
7fece8000000-7fece8021000 rw-p 00000000 00:00 0 
7fece8021000-7fecec000000 ---p 00000000 00:00 0 
7fecec000000-7fecec021000 rw-p 00000000 00:00 0 
7fecec021000-7fecf0000000 ---p 00000000 00:00 0 
7fecf0000000-7fecf0021000 rw-p 00000000 00:00 0 
7fecf0021000-7fecf4000000 ---p 00000000 00:00 0 
7fecf4000000-7fecf4021000 rw-p 00000000 00:00 0 
7fecf4021000-7fecf8000000 ---p 00000000 00:00 0 
7fecf8000000-7fecf8095000 rw-p 00000000 00:00 0 
7fecf8095000-7fecfc000000 ---p 00000000 00:00 0 
7fecfc002000-7fecfc00c000 r--p 00000000 00:22 321478                     /usr/share/icons/Adwaita/icon-theme.cache
7fecfc00c000-7fecfc010000 ---p 00000000 00:00 0 
7fecfc010000-7fecfc50e000 rw-p 00000000 00:00 0 
7fecfc552000-7fecfc55c000 r--p 00000000 00:22 92742                      /run/host/share/icons/Adwaita/icon-theme.cache
7fecfc579000-7fecfc57c000 r--p 00000000 00:22 620882                     /app/jre/lib/libawt_headless.so
7fecfc57c000-7fecfc580000 r-xp 00003000 00:22 620882                     /app/jre/lib/libawt_headless.so
7fecfc580000-7fecfc582000 r--p 00007000 00:22 620882                     /app/jre/lib/libawt_headless.so
7fecfc582000-7fecfc583000 r--p 00008000 00:22 620882                     /app/jre/lib/libawt_headless.so
7fecfc583000-7fecfc584000 rw-p 00009000 00:22 620882                     /app/jre/lib/libawt_headless.so
7fecfc584000-7fecfc587000 r--p 00000000 00:22 775317                     /home/jalapc/.eclipse/487352054_linux_gtk_x86_64/configuration/org.eclipse.osgi/153/0/.cp/libswt-atk-gtk-4971r15.so
7fecfc587000-7fecfc58b000 r-xp 00003000 00:22 775317                     /home/jalapc/.eclipse/487352054_linux_gtk_x86_64/configuration/org.eclipse.osgi/153/0/.cp/libswt-atk-gtk-4971r15.so
7fecfc58b000-7fecfc58d000 r--p 00007000 00:22 775317                     /home/jalapc/.eclipse/487352054_linux_gtk_x86_64/configuration/org.eclipse.osgi/153/0/.cp/libswt-atk-gtk-4971r15.so
7fecfc58d000-7fecfc58e000 r--p 00008000 00:22 775317                     /home/jalapc/.eclipse/487352054_linux_gtk_x86_64/configuration/org.eclipse.osgi/153/0/.cp/libswt-atk-gtk-4971r15.so
7fecfc58e000-7fecfc58f000 rw-p 00009000 00:22 775317                     /home/jalapc/.eclipse/487352054_linux_gtk_x86_64/configuration/org.eclipse.osgi/153/0/.cp/libswt-atk-gtk-4971r15.so
7fecfc58f000-7fecfc7ff000 rw-s 00000000 00:01 13002                      /memfd:wayland-cursor (deleted)
7fecfc7ff000-7fecfd000000 rw-p 00000000 00:00 0 
7fecfd000000-7fecfd073000 r--p 00000000 00:22 278433                     /usr/lib/x86_64-linux-gnu/libicuuc.so.77.1
7fecfd073000-7fecfd18c000 r-xp 00073000 00:22 278433                     /usr/lib/x86_64-linux-gnu/libicuuc.so.77.1
7fecfd18c000-7fecfd219000 r--p 0018c000 00:22 278433                     /usr/lib/x86_64-linux-gnu/libicuuc.so.77.1
7fecfd219000-7fecfd22c000 r--p 00219000 00:22 278433                     /usr/lib/x86_64-linux-gnu/libicuuc.so.77.1
7fecfd22c000-7fecfd22d000 rw-p 0022c000 00:22 278433                     /usr/lib/x86_64-linux-gnu/libicuuc.so.77.1
7fecfd22d000-7fecfd22f000 rw-p 00000000 00:00 0 
7fecfd230000-7fecfd231000 r--p 00000000 00:22 1111773                    /run/host/user-share/icons/hicolor/icon-theme.cache
7fecfd231000-7fecfd232000 r--p 00000000 00:22 320393                     /usr/share/icons/hicolor/icon-theme.cache
7fecfd232000-7fecfd236000 r--p 00000000 00:22 1849397                    /run/host/share/icons/hicolor/icon-theme.cache
7fecfd25e000-7fecfd25f000 r--p 00000000 00:22 621008                     /app/jre/lib/libextnet.so
7fecfd25f000-7fecfd260000 r-xp 00001000 00:22 621008                     /app/jre/lib/libextnet.so
7fecfd260000-7fecfd261000 r--p 00002000 00:22 621008                     /app/jre/lib/libextnet.so
7fecfd261000-7fecfd262000 r--p 00002000 00:22 621008                     /app/jre/lib/libextnet.so
7fecfd262000-7fecfd263000 rw-p 00003000 00:22 621008                     /app/jre/lib/libextnet.so
7fecfd263000-7fecfd264000 r--p 00000000 00:22 621287                     /app/jre/lib/libjaas.so
7fecfd264000-7fecfd265000 r-xp 00001000 00:22 621287                     /app/jre/lib/libjaas.so
7fecfd265000-7fecfd266000 r--p 00002000 00:22 621287                     /app/jre/lib/libjaas.so
7fecfd266000-7fecfd267000 r--p 00002000 00:22 621287                     /app/jre/lib/libjaas.so
7fecfd267000-7fecfd268000 rw-p 00003000 00:22 621287                     /app/jre/lib/libjaas.so
7fecfd268000-7fecfd26a000 r--p 00000000 00:22 327189                     /usr/lib/x86_64-linux-gnu/gtk-3.0/3.0.0/immodules/im-wayland.so
7fecfd26a000-7fecfd26c000 r-xp 00002000 00:22 327189                     /usr/lib/x86_64-linux-gnu/gtk-3.0/3.0.0/immodules/im-wayland.so
7fecfd26c000-7fecfd26d000 r--p 00004000 00:22 327189                     /usr/lib/x86_64-linux-gnu/gtk-3.0/3.0.0/immodules/im-wayland.so
7fecfd26d000-7fecfd26e000 r--p 00005000 00:22 327189                     /usr/lib/x86_64-linux-gnu/gtk-3.0/3.0.0/immodules/im-wayland.so
7fecfd26e000-7fecfd26f000 rw-p 00006000 00:22 327189                     /usr/lib/x86_64-linux-gnu/gtk-3.0/3.0.0/immodules/im-wayland.so
7fecfd26f000-7fecfd275000 r--p 00000000 00:22 775292                     /home/jalapc/.eclipse/487352054_linux_gtk_x86_64/configuration/org.eclipse.osgi/153/0/.cp/libswt-cairo-gtk-4971r15.so
7fecfd275000-7fecfd278000 r-xp 00006000 00:22 775292                     /home/jalapc/.eclipse/487352054_linux_gtk_x86_64/configuration/org.eclipse.osgi/153/0/.cp/libswt-cairo-gtk-4971r15.so
7fecfd278000-7fecfd27a000 r--p 00009000 00:22 775292                     /home/jalapc/.eclipse/487352054_linux_gtk_x86_64/configuration/org.eclipse.osgi/153/0/.cp/libswt-cairo-gtk-4971r15.so
7fecfd27a000-7fecfd27b000 r--p 0000a000 00:22 775292                     /home/jalapc/.eclipse/487352054_linux_gtk_x86_64/configuration/org.eclipse.osgi/153/0/.cp/libswt-cairo-gtk-4971r15.so
7fecfd27b000-7fecfd27c000 rw-p 0000b000 00:22 775292                     /home/jalapc/.eclipse/487352054_linux_gtk_x86_64/configuration/org.eclipse.osgi/153/0/.cp/libswt-cairo-gtk-4971r15.so
7fecfd27c000-7fecfd281000 r--p 00000000 00:22 621389                     /app/jre/lib/libverify.so
7fecfd281000-7fecfd289000 r-xp 00005000 00:22 621389                     /app/jre/lib/libverify.so
7fecfd289000-7fecfd28b000 r--p 0000d000 00:22 621389                     /app/jre/lib/libverify.so
7fecfd28b000-7fecfd28d000 r--p 0000e000 00:22 621389                     /app/jre/lib/libverify.so
7fecfd28d000-7fecfd28e000 rw-p 00010000 00:22 621389                     /app/jre/lib/libverify.so
7fecfd28e000-7fecfd294000 r--p 00000000 00:22 244601                     /usr/share/runtime/locale/pt/share/pt_BR/LC_MESSAGES/gdk-pixbuf.mo
7fecfd294000-7fecfd2a8000 r--p 00000000 00:22 1631891                    /usr/lib/x86_64-linux-gnu/gvfs/libgvfscommon.so
7fecfd2a8000-7fecfd2c5000 r-xp 00014000 00:22 1631891                    /usr/lib/x86_64-linux-gnu/gvfs/libgvfscommon.so
7fecfd2c5000-7fecfd2d1000 r--p 00031000 00:22 1631891                    /usr/lib/x86_64-linux-gnu/gvfs/libgvfscommon.so
7fecfd2d1000-7fecfd2d7000 r--p 0003d000 00:22 1631891                    /usr/lib/x86_64-linux-gnu/gvfs/libgvfscommon.so
7fecfd2d7000-7fecfd2d8000 rw-p 00043000 00:22 1631891                    /usr/lib/x86_64-linux-gnu/gvfs/libgvfscommon.so
7fecfd2d8000-7fecfd2e4000 r--p 00000000 00:22 1631892                    /usr/lib/x86_64-linux-gnu/gio/modules/libgvfsdbus.so
7fecfd2e4000-7fecfd306000 r-xp 0000c000 00:22 1631892                    /usr/lib/x86_64-linux-gnu/gio/modules/libgvfsdbus.so
7fecfd306000-7fecfd310000 r--p 0002e000 00:22 1631892                    /usr/lib/x86_64-linux-gnu/gio/modules/libgvfsdbus.so
7fecfd310000-7fecfd312000 r--p 00038000 00:22 1631892                    /usr/lib/x86_64-linux-gnu/gio/modules/libgvfsdbus.so
7fecfd312000-7fecfd313000 rw-p 0003a000 00:22 1631892                    /usr/lib/x86_64-linux-gnu/gio/modules/libgvfsdbus.so
7fecfd313000-7fecfd318000 r--s 00000000 00:22 648402                     /run/host/fonts-cache/cc8b894d3abbdf0310c48629c0737d80-le64.cache-9
7fecfd318000-7fecfd33f000 r--s 00000000 00:22 321156                     /usr/share/mime/mime.cache
7fecfd33f000-7fecfd362000 r--p 00000000 00:22 257362                     /usr/share/runtime/locale/pt/share/pt_BR/LC_MESSAGES/glib20.mo
7fecfd362000-7fecfd365000 r--p 00000000 00:22 257363                     /usr/share/runtime/locale/pt/share/pt_BR/LC_MESSAGES/at-spi2-core.mo
7fecfd365000-7fecfd3c7000 r--s 00000000 00:22 648374                     /run/host/fonts-cache/d63f98f14a274bd69a5425fc33aaac6b-le64.cache-9
7fecfd3c7000-7fecfd3da000 r--s 00000000 00:22 648372                     /run/host/fonts-cache/42536ef14367b24656ac994a93d66238-le64.cache-9
7fecfd3da000-7fecfd3f7000 r--s 00000000 00:22 648400                     /run/host/fonts-cache/123d59b33ddb0e7c76bb24004bd5cfac-le64.cache-9
7fecfd3f7000-7fecfd3fc000 r--s 00000000 00:22 648398                     /run/host/fonts-cache/131ab5cc1583381c4f7ce0194912c56d-le64.cache-9
7fecfd3fc000-7fecfd3fd000 r--s 00000000 00:22 648396                     /run/host/fonts-cache/b2307de753f1224d9542f27e8b3975ae-le64.cache-9
7fecfd3fd000-7fecfd3ff000 r--s 00000000 00:22 648394                     /run/host/fonts-cache/01d40cee498be4726842ba21cbce24ab-le64.cache-9
7fecfd3ff000-7fecfd400000 r--s 00000000 00:22 648392                     /run/host/fonts-cache/39377a11d38956c26ecfe23db50b3cd3-le64.cache-9
7fecfd400000-7fecfd425000 r--p 00000000 00:22 1631668                    /usr/lib/x86_64-linux-gnu/libsystemd.so.0.41.0
7fecfd425000-7fecfd578000 r-xp 00025000 00:22 1631668                    /usr/lib/x86_64-linux-gnu/libsystemd.so.0.41.0
7fecfd578000-7fecfd5f8000 r--p 00178000 00:22 1631668                    /usr/lib/x86_64-linux-gnu/libsystemd.so.0.41.0
7fecfd5f8000-7fecfd604000 r--p 001f8000 00:22 1631668                    /usr/lib/x86_64-linux-gnu/libsystemd.so.0.41.0
7fecfd604000-7fecfd605000 rw-p 00204000 00:22 1631668                    /usr/lib/x86_64-linux-gnu/libsystemd.so.0.41.0
7fecfd605000-7fecfd606000 rw-p 00000000 00:00 0 
7fecfd606000-7fecfd608000 r--s 00000000 00:22 648390                     /run/host/fonts-cache/9d9e7a658cb1f50f02561d1ed3ca8bca-le64.cache-9
7fecfd608000-7fecfd609000 r--s 00000000 00:22 835592                     /run/host/fonts-cache/6fcb01a03a016cc71057b587cdea6709-le64.cache-9
7fecfd609000-7fecfd60e000 r--s 00000000 00:22 648386                     /run/host/fonts-cache/29c8f5b6bf15d25ebb2e963855ab41be-le64.cache-9
7fecfd60e000-7fecfd611000 r--s 00000000 00:22 648382                     /run/host/fonts-cache/71fe2b50576cdbc5f931776365d4a6ea-le64.cache-9
7fecfd611000-7fecfd613000 r--s 00000000 00:22 648380                     /run/host/fonts-cache/e5da922122f90e18ce9aab86d5c2b324-le64.cache-9
7fecfd613000-7fecfd61e000 r--s 00000000 00:22 648370                     /run/host/fonts-cache/efcfae1a52990961975415036867654f-le64.cache-9
7fecfd61e000-7fecfd631000 r--s 00000000 00:22 648368                     /run/host/fonts-cache/c4be257954870c0bf6972134c1de66d5-le64.cache-9
7fecfd631000-7fecfd687000 r--s 00000000 00:22 648362                     /run/host/fonts-cache/7ee6df7a8311986241317a58487e0145-le64.cache-9
7fecfd687000-7fecfd688000 r--s 00000000 00:22 648384                     /run/host/fonts-cache/2a90ec7ec7fc01d3a9f58fddf8db0237-le64.cache-9
7fecfd688000-7fecfd68a000 r--s 00000000 00:22 648378                     /run/host/fonts-cache/9162ae45def2e036f06e4d1913f17ba7-le64.cache-9
7fecfd68a000-7fecfd68b000 r--s 00000000 00:22 648376                     /run/host/fonts-cache/22f06f3be2d16d058da85b73ae1dc5b1-le64.cache-9
7fecfd68b000-7fecfd694000 r--s 00000000 00:22 648360                     /run/host/fonts-cache/6ee3103884cce7b2fe6f32eba9089175-le64.cache-9
7fecfd694000-7fecfd69b000 r--s 00000000 00:22 648354                     /run/host/fonts-cache/614d1caaa4d7914789410f6367de37ca-le64.cache-9
7fecfd69b000-7fecfd6a4000 r--s 00000000 00:22 648350                     /run/host/fonts-cache/6cdba951d5a16891afaaf2fee13e80e7-le64.cache-9
7fecfd6a4000-7fecfd6a7000 r--s 00000000 00:22 648348                     /run/host/fonts-cache/feeafda3627faad7596d025cfacea73f-le64.cache-9
7fecfd6a7000-7fecfd6aa000 r--s 00000000 00:22 648346                     /run/host/fonts-cache/18f520a508f13854f77176faf7889ae9-le64.cache-9
7fecfd6aa000-7fecfd6ad000 r--s 00000000 00:22 648344                     /run/host/fonts-cache/3196f05a030874ca00722cbf1e991434-le64.cache-9
7fecfd6ad000-7fecfd6bc000 r--s 00000000 00:22 259949                     /usr/lib/fontconfig/cache/bd0b27592510dd38245c5997654c5344-le64.cache-9
7fecfd6bc000-7fecfd6d0000 r--s 00000000 00:22 256955                     /usr/lib/fontconfig/cache/8b64213a80fcb19471d737a06915b11a-le64.cache-9
7fecfd6d0000-7fecfd6dd000 r--s 00000000 00:22 254508                     /usr/lib/fontconfig/cache/8e40d008f6cd844f40c0f249a322be61-le64.cache-9
7fecfd6dd000-7fecfd710000 r--p 00000000 00:22 244485                     /usr/share/runtime/locale/pt/share/pt_BR/LC_MESSAGES/gtk30-properties.mo
7fecfd710000-7fecfd735000 r--p 00000000 00:22 244723                     /usr/share/runtime/locale/pt/share/pt/LC_MESSAGES/libc.mo
7fecfd735000-7fecfd751000 r--p 00000000 00:22 244594                     /usr/share/runtime/locale/pt/share/pt_BR/LC_MESSAGES/gtk30.mo
7fecfd751000-7fecfd754000 r--p 00000000 00:22 247334                     /usr/lib/x86_64-linux-gnu/libcap.so.2.77
7fecfd754000-7fecfd75a000 r-xp 00003000 00:22 247334                     /usr/lib/x86_64-linux-gnu/libcap.so.2.77
7fecfd75a000-7fecfd75c000 r--p 00009000 00:22 247334                     /usr/lib/x86_64-linux-gnu/libcap.so.2.77
7fecfd75c000-7fecfd75d000 r--p 0000a000 00:22 247334                     /usr/lib/x86_64-linux-gnu/libcap.so.2.77
7fecfd75d000-7fecfd75e000 rw-p 0000b000 00:22 247334                     /usr/lib/x86_64-linux-gnu/libcap.so.2.77
7fecfd75e000-7fecfd770000 r--p 00000000 00:22 268119                     /usr/lib/x86_64-linux-gnu/libsqlite3.so.3.50.4
7fecfd770000-7fecfd89d000 r-xp 00012000 00:22 268119                     /usr/lib/x86_64-linux-gnu/libsqlite3.so.3.50.4
7fecfd89d000-7fecfd8cb000 r--p 0013f000 00:22 268119                     /usr/lib/x86_64-linux-gnu/libsqlite3.so.3.50.4
7fecfd8cb000-7fecfd8cf000 r--p 0016d000 00:22 268119                     /usr/lib/x86_64-linux-gnu/libsqlite3.so.3.50.4
7fecfd8cf000-7fecfd8d3000 rw-p 00171000 00:22 268119                     /usr/lib/x86_64-linux-gnu/libsqlite3.so.3.50.4
7fecfd8d3000-7fecfd8d4000 rw-p 00000000 00:00 0 
7fecfd8d4000-7fecfd8fc000 r--p 00000000 00:22 271896                     /usr/lib/x86_64-linux-gnu/libxml2.so.16.0.6
7fecfd8fc000-7fecfd9da000 r-xp 00028000 00:22 271896                     /usr/lib/x86_64-linux-gnu/libxml2.so.16.0.6
7fecfd9da000-7fecfda18000 r--p 00106000 00:22 271896                     /usr/lib/x86_64-linux-gnu/libxml2.so.16.0.6
7fecfda18000-7fecfda21000 r--p 00143000 00:22 271896                     /usr/lib/x86_64-linux-gnu/libxml2.so.16.0.6
7fecfda21000-7fecfda22000 rw-p 0014c000 00:22 271896                     /usr/lib/x86_64-linux-gnu/libxml2.so.16.0.6
7fecfda22000-7fecfda23000 rw-p 00000000 00:00 0 
7fecfda23000-7fecfda2d000 r--p 00000000 00:22 320885                     /usr/lib/x86_64-linux-gnu/libjson-glib-1.0.so.0.1000.8
7fecfda2d000-7fecfda44000 r-xp 0000a000 00:22 320885                     /usr/lib/x86_64-linux-gnu/libjson-glib-1.0.so.0.1000.8
7fecfda44000-7fecfda4d000 r--p 00021000 00:22 320885                     /usr/lib/x86_64-linux-gnu/libjson-glib-1.0.so.0.1000.8
7fecfda4d000-7fecfda4e000 r--p 0002a000 00:22 320885                     /usr/lib/x86_64-linux-gnu/libjson-glib-1.0.so.0.1000.8
7fecfda4e000-7fecfda4f000 rw-p 0002b000 00:22 320885                     /usr/lib/x86_64-linux-gnu/libjson-glib-1.0.so.0.1000.8
7fecfda4f000-7fecfda5e000 r--p 00000000 00:22 327369                     /usr/lib/x86_64-linux-gnu/libdbus-1.so.3.38.3
7fecfda5e000-7fecfda92000 r-xp 0000f000 00:22 327369                     /usr/lib/x86_64-linux-gnu/libdbus-1.so.3.38.3
7fecfda92000-7fecfdaa3000 r--p 00043000 00:22 327369                     /usr/lib/x86_64-linux-gnu/libdbus-1.so.3.38.3
7fecfdaa3000-7fecfdaa5000 r--p 00053000 00:22 327369                     /usr/lib/x86_64-linux-gnu/libdbus-1.so.3.38.3
7fecfdaa5000-7fecfdaa6000 rw-p 00055000 00:22 327369                     /usr/lib/x86_64-linux-gnu/libdbus-1.so.3.38.3
7fecfdaa6000-7fecfdab9000 r--p 00000000 00:22 979822                     /usr/lib/x86_64-linux-gnu/libatspi.so.0.0.1
7fecfdab9000-7fecfdad5000 r-xp 00013000 00:22 979822                     /usr/lib/x86_64-linux-gnu/libatspi.so.0.0.1
7fecfdad5000-7fecfdae2000 r--p 0002f000 00:22 979822                     /usr/lib/x86_64-linux-gnu/libatspi.so.0.0.1
7fecfdae2000-7fecfdae6000 r--p 0003c000 00:22 979822                     /usr/lib/x86_64-linux-gnu/libatspi.so.0.0.1
7fecfdae6000-7fecfdae7000 rw-p 00040000 00:22 979822                     /usr/lib/x86_64-linux-gnu/libatspi.so.0.0.1
7fecfdae7000-7fecfdb0a000 r--p 00000000 00:22 323925                     /usr/lib/x86_64-linux-gnu/libtinysparql-3.0.so.0.1001.0
7fecfdb0a000-7fecfdb80000 r-xp 00023000 00:22 323925                     /usr/lib/x86_64-linux-gnu/libtinysparql-3.0.so.0.1001.0
7fecfdb80000-7fecfdbb0000 r--p 00099000 00:22 323925                     /usr/lib/x86_64-linux-gnu/libtinysparql-3.0.so.0.1001.0
7fecfdbb0000-7fecfdbbe000 r--p 000c8000 00:22 323925                     /usr/lib/x86_64-linux-gnu/libtinysparql-3.0.so.0.1001.0
7fecfdbbe000-7fecfdbbf000 rw-p 000d6000 00:22 323925                     /usr/lib/x86_64-linux-gnu/libtinysparql-3.0.so.0.1001.0
7fecfdbbf000-7fecfdbcd000 r--p 00000000 00:22 320605                     /usr/lib/x86_64-linux-gnu/libatk-bridge-2.0.so.0.0.0
7fecfdbcd000-7fecfdbe8000 r-xp 0000e000 00:22 320605                     /usr/lib/x86_64-linux-gnu/libatk-bridge-2.0.so.0.0.0
7fecfdbe8000-7fecfdbfc000 r--p 00029000 00:22 320605                     /usr/lib/x86_64-linux-gnu/libatk-bridge-2.0.so.0.0.0
7fecfdbfc000-7fecfdbfe000 r--p 0003c000 00:22 320605                     /usr/lib/x86_64-linux-gnu/libatk-bridge-2.0.so.0.0.0
7fecfdbfe000-7fecfdc00000 rw-p 0003e000 00:22 320605                     /usr/lib/x86_64-linux-gnu/libatk-bridge-2.0.so.0.0.0
7fecfdc00000-7fecfde1b000 r--p 00000000 00:22 342479                     /usr/lib/x86_64-linux-gnu/libgtk-3.so.0.2419.32
7fecfde1b000-7fecfe1db000 r-xp 0021b000 00:22 342479                     /usr/lib/x86_64-linux-gnu/libgtk-3.so.0.2419.32
7fecfe1db000-7fecfe32c000 r--p 005db000 00:22 342479                     /usr/lib/x86_64-linux-gnu/libgtk-3.so.0.2419.32
7fecfe32c000-7fecfe33f000 r--p 0072c000 00:22 342479                     /usr/lib/x86_64-linux-gnu/libgtk-3.so.0.2419.32
7fecfe33f000-7fecfe342000 rw-p 0073f000 00:22 342479                     /usr/lib/x86_64-linux-gnu/libgtk-3.so.0.2419.32
7fecfe342000-7fecfe347000 rw-p 00000000 00:00 0 
7fecfe347000-7fecfe349000 r--s 00000000 00:22 648358                     /run/host/fonts-cache/383aa4c3ea81d46e4a1459cd427fba23-le64.cache-9
7fecfe349000-7fecfe34c000 r--s 00000000 00:22 648342                     /run/host/fonts-cache/a11fef9c6b59ddb48eba670bb9bf2c6a-le64.cache-9
7fecfe34c000-7fecfe352000 r--s 00000000 00:22 256616                     /usr/lib/fontconfig/cache/ed01b5f140c20461ecbf3a3983649760-le64.cache-9
7fecfe352000-7fecfe35d000 r--p 00000000 00:22 979854                     /usr/lib/x86_64-linux-gnu/libatk-1.0.so.0.25812.1
7fecfe35d000-7fecfe36d000 r-xp 0000b000 00:22 979854                     /usr/lib/x86_64-linux-gnu/libatk-1.0.so.0.25812.1
7fecfe36d000-7fecfe378000 r--p 0001b000 00:22 979854                     /usr/lib/x86_64-linux-gnu/libatk-1.0.so.0.25812.1
7fecfe378000-7fecfe37b000 r--p 00026000 00:22 979854                     /usr/lib/x86_64-linux-gnu/libatk-1.0.so.0.25812.1
7fecfe37b000-7fecfe37c000 rw-p 00029000 00:22 979854                     /usr/lib/x86_64-linux-gnu/libatk-1.0.so.0.25812.1
7fecfe37c000-7fecfe37f000 r--p 00000000 00:22 258041                     /usr/lib/x86_64-linux-gnu/libeconf.so.0.7.10
7fecfe37f000-7fecfe387000 r-xp 00003000 00:22 258041                     /usr/lib/x86_64-linux-gnu/libeconf.so.0.7.10
7fecfe387000-7fecfe389000 r--p 0000b000 00:22 258041                     /usr/lib/x86_64-linux-gnu/libeconf.so.0.7.10
7fecfe389000-7fecfe38a000 r--p 0000c000 00:22 258041                     /usr/lib/x86_64-linux-gnu/libeconf.so.0.7.10
7fecfe38a000-7fecfe38b000 rw-p 0000d000 00:22 258041                     /usr/lib/x86_64-linux-gnu/libeconf.so.0.7.10
7fecfe38b000-7fecfe38c000 r--p 00000000 00:22 267161                     /usr/lib/x86_64-linux-gnu/libbrotlicommon.so.1.2.0
7fecfe38c000-7fecfe38d000 r-xp 00001000 00:22 267161                     /usr/lib/x86_64-linux-gnu/libbrotlicommon.so.1.2.0
7fecfe38d000-7fecfe3ac000 r--p 00002000 00:22 267161                     /usr/lib/x86_64-linux-gnu/libbrotlicommon.so.1.2.0
7fecfe3ac000-7fecfe3ad000 r--p 00021000 00:22 267161                     /usr/lib/x86_64-linux-gnu/libbrotlicommon.so.1.2.0
7fecfe3ad000-7fecfe3ae000 rw-p 00022000 00:22 267161                     /usr/lib/x86_64-linux-gnu/libbrotlicommon.so.1.2.0
7fecfe3ae000-7fecfe3b6000 r--p 00000000 00:22 1566922                    /usr/lib/x86_64-linux-gnu/libblkid.so.1.1.0
7fecfe3b6000-7fecfe3dc000 r-xp 00008000 00:22 1566922                    /usr/lib/x86_64-linux-gnu/libblkid.so.1.1.0
7fecfe3dc000-7fecfe3e5000 r--p 0002e000 00:22 1566922                    /usr/lib/x86_64-linux-gnu/libblkid.so.1.1.0
7fecfe3e5000-7fecfe3eb000 r--p 00037000 00:22 1566922                    /usr/lib/x86_64-linux-gnu/libblkid.so.1.1.0
7fecfe3eb000-7fecfe3ec000 rw-p 0003d000 00:22 1566922                    /usr/lib/x86_64-linux-gnu/libblkid.so.1.1.0
7fecfe3ec000-7fecfe3ef000 r--p 00000000 00:22 256029                     /usr/lib/x86_64-linux-gnu/libgraphite2.so.3.2.1
7fecfe3ef000-7fecfe408000 r-xp 00003000 00:22 256029                     /usr/lib/x86_64-linux-gnu/libgraphite2.so.3.2.1
7fecfe408000-7fecfe40c000 r--p 0001c000 00:22 256029                     /usr/lib/x86_64-linux-gnu/libgraphite2.so.3.2.1
7fecfe40c000-7fecfe40e000 r--p 00020000 00:22 256029                     /usr/lib/x86_64-linux-gnu/libgraphite2.so.3.2.1
7fecfe40e000-7fecfe40f000 rw-p 00022000 00:22 256029                     /usr/lib/x86_64-linux-gnu/libgraphite2.so.3.2.1
7fecfe40f000-7fecfe411000 r--p 00000000 00:22 710421                     /usr/lib/x86_64-linux-gnu/libdatrie.so.1.4.1
7fecfe411000-7fecfe415000 r-xp 00002000 00:22 710421                     /usr/lib/x86_64-linux-gnu/libdatrie.so.1.4.1
7fecfe415000-7fecfe417000 r--p 00006000 00:22 710421                     /usr/lib/x86_64-linux-gnu/libdatrie.so.1.4.1
7fecfe417000-7fecfe418000 r--p 00007000 00:22 710421                     /usr/lib/x86_64-linux-gnu/libdatrie.so.1.4.1
7fecfe418000-7fecfe419000 rw-p 00008000 00:22 710421                     /usr/lib/x86_64-linux-gnu/libdatrie.so.1.4.1
7fecfe419000-7fecfe41a000 r--p 00000000 00:22 256619                     /usr/lib/x86_64-linux-gnu/libbrotlidec.so.1.2.0
7fecfe41a000-7fecfe423000 r-xp 00001000 00:22 256619                     /usr/lib/x86_64-linux-gnu/libbrotlidec.so.1.2.0
7fecfe423000-7fecfe426000 r--p 0000a000 00:22 256619                     /usr/lib/x86_64-linux-gnu/libbrotlidec.so.1.2.0
7fecfe426000-7fecfe427000 r--p 0000c000 00:22 256619                     /usr/lib/x86_64-linux-gnu/libbrotlidec.so.1.2.0
7fecfe427000-7fecfe428000 rw-p 0000d000 00:22 256619                     /usr/lib/x86_64-linux-gnu/libbrotlidec.so.1.2.0
7fecfe428000-7fecfe42a000 r--p 00000000 00:22 247983                     /usr/lib/x86_64-linux-gnu/libbz2.so.1.0.8
7fecfe42a000-7fecfe439000 r-xp 00002000 00:22 247983                     /usr/lib/x86_64-linux-gnu/libbz2.so.1.0.8
7fecfe439000-7fecfe43b000 r--p 00011000 00:22 247983                     /usr/lib/x86_64-linux-gnu/libbz2.so.1.0.8
7fecfe43b000-7fecfe43c000 r--p 00012000 00:22 247983                     /usr/lib/x86_64-linux-gnu/libbz2.so.1.0.8
7fecfe43c000-7fecfe43d000 rw-p 00013000 00:22 247983                     /usr/lib/x86_64-linux-gnu/libbz2.so.1.0.8
7fecfe43d000-7fecfe440000 r--p 00000000 00:22 247327                     /usr/lib/x86_64-linux-gnu/libseccomp.so.2.6.0
7fecfe440000-7fecfe44f000 r-xp 00003000 00:22 247327                     /usr/lib/x86_64-linux-gnu/libseccomp.so.2.6.0
7fecfe44f000-7fecfe468000 r--p 00012000 00:22 247327                     /usr/lib/x86_64-linux-gnu/libseccomp.so.2.6.0
7fecfe468000-7fecfe469000 r--p 0002b000 00:22 247327                     /usr/lib/x86_64-linux-gnu/libseccomp.so.2.6.0
7fecfe469000-7fecfe46a000 rw-p 0002c000 00:22 247327                     /usr/lib/x86_64-linux-gnu/libseccomp.so.2.6.0
7fecfe46a000-7fecfe476000 r--p 00000000 00:22 1567342                    /usr/lib/x86_64-linux-gnu/liblcms2.so.2.0.18
7fecfe476000-7fecfe4bb000 r-xp 0000c000 00:22 1567342                    /usr/lib/x86_64-linux-gnu/liblcms2.so.2.0.18
7fecfe4bb000-7fecfe4cf000 r--p 00051000 00:22 1567342                    /usr/lib/x86_64-linux-gnu/liblcms2.so.2.0.18
7fecfe4cf000-7fecfe4d2000 r--p 00064000 00:22 1567342                    /usr/lib/x86_64-linux-gnu/liblcms2.so.2.0.18
7fecfe4d2000-7fecfe4d5000 rw-p 00067000 00:22 1567342                    /usr/lib/x86_64-linux-gnu/liblcms2.so.2.0.18
7fecfe4d5000-7fecfe4d6000 rw-p 00000000 00:00 0 
7fecfe4d6000-7fecfe4de000 r--p 00000000 00:22 328125                     /usr/lib/x86_64-linux-gnu/libpangoft2-1.0.so.0.5700.0
7fecfe4de000-7fecfe4ed000 r-xp 00008000 00:22 328125                     /usr/lib/x86_64-linux-gnu/libpangoft2-1.0.so.0.5700.0
7fecfe4ed000-7fecfe4f1000 r--p 00017000 00:22 328125                     /usr/lib/x86_64-linux-gnu/libpangoft2-1.0.so.0.5700.0
7fecfe4f1000-7fecfe4f2000 r--p 0001b000 00:22 328125                     /usr/lib/x86_64-linux-gnu/libpangoft2-1.0.so.0.5700.0
7fecfe4f2000-7fecfe4f3000 rw-p 0001c000 00:22 328125                     /usr/lib/x86_64-linux-gnu/libpangoft2-1.0.so.0.5700.0
7fecfe4f3000-7fecfe4fe000 r--p 00000000 00:22 1567594                    /usr/lib/x86_64-linux-gnu/libmount.so.1.1.0
7fecfe4fe000-7fecfe539000 r-xp 0000b000 00:22 1567594                    /usr/lib/x86_64-linux-gnu/libmount.so.1.1.0
7fecfe539000-7fecfe547000 r--p 00046000 00:22 1567594                    /usr/lib/x86_64-linux-gnu/libmount.so.1.1.0
7fecfe547000-7fecfe549000 r--p 00054000 00:22 1567594                    /usr/lib/x86_64-linux-gnu/libmount.so.1.1.0
7fecfe549000-7fecfe54a000 rw-p 00056000 00:22 1567594                    /usr/lib/x86_64-linux-gnu/libmount.so.1.1.0
7fecfe54a000-7fecfe558000 r--p 00000000 00:22 320091                     /usr/lib/x86_64-linux-gnu/libharfbuzz.so.0.61145.0
7fecfe558000-7fecfe644000 r-xp 0000e000 00:22 320091                     /usr/lib/x86_64-linux-gnu/libharfbuzz.so.0.61145.0
7fecfe644000-7fecfe67c000 r--p 000fa000 00:22 320091                     /usr/lib/x86_64-linux-gnu/libharfbuzz.so.0.61145.0
7fecfe67c000-7fecfe67e000 r--p 00131000 00:22 320091                     /usr/lib/x86_64-linux-gnu/libharfbuzz.so.0.61145.0
7fecfe67e000-7fecfe67f000 rw-p 00133000 00:22 320091                     /usr/lib/x86_64-linux-gnu/libharfbuzz.so.0.61145.0
7fecfe67f000-7fecfe68b000 r--p 00000000 00:22 256505                     /usr/lib/x86_64-linux-gnu/libpixman-1.so.0.46.4
7fecfe68b000-7fecfe71d000 r-xp 0000c000 00:22 256505                     /usr/lib/x86_64-linux-gnu/libpixman-1.so.0.46.4
7fecfe71d000-7fecfe72d000 r--p 0009e000 00:22 256505                     /usr/lib/x86_64-linux-gnu/libpixman-1.so.0.46.4
7fecfe72d000-7fecfe735000 r--p 000ae000 00:22 256505                     /usr/lib/x86_64-linux-gnu/libpixman-1.so.0.46.4
7fecfe735000-7fecfe736000 rw-p 000b6000 00:22 256505                     /usr/lib/x86_64-linux-gnu/libpixman-1.so.0.46.4
7fecfe736000-7fecfe745000 r--p 00000000 00:22 1566807                    /usr/lib/x86_64-linux-gnu/libfreetype.so.6.20.4
7fecfe745000-7fecfe7d1000 r-xp 0000f000 00:22 1566807                    /usr/lib/x86_64-linux-gnu/libfreetype.so.6.20.4
7fecfe7d1000-7fecfe7f7000 r--p 0009b000 00:22 1566807                    /usr/lib/x86_64-linux-gnu/libfreetype.so.6.20.4
7fecfe7f7000-7fecfe7ff000 r--p 000c1000 00:22 1566807                    /usr/lib/x86_64-linux-gnu/libfreetype.so.6.20.4
7fecfe7ff000-7fecfe800000 rw-p 000c9000 00:22 1566807                    /usr/lib/x86_64-linux-gnu/libfreetype.so.6.20.4
7fecfe800000-7fecfe82d000 r--p 00000000 00:22 1632048                    /usr/lib/x86_64-linux-gnu/libglycin-2.so.0
7fecfe82d000-7fecfeb64000 r-xp 0002d000 00:22 1632048                    /usr/lib/x86_64-linux-gnu/libglycin-2.so.0
7fecfeb64000-7fecfec00000 r--p 00364000 00:22 1632048                    /usr/lib/x86_64-linux-gnu/libglycin-2.so.0
7fecfec00000-7fecfec1d000 r--p 003ff000 00:22 1632048                    /usr/lib/x86_64-linux-gnu/libglycin-2.so.0
7fecfec1d000-7fecfec20000 rw-p 0041c000 00:22 1632048                    /usr/lib/x86_64-linux-gnu/libglycin-2.so.0
7fecfec20000-7fecfec22000 r--s 00000000 00:22 648356                     /run/host/fonts-cache/cc4435afd06e20625c417ffcddec4f51-le64.cache-9
7fecfec22000-7fecfec23000 r--p 00000000 00:22 257601                     /usr/lib/x86_64-linux-gnu/libXau.so.6.0.0
7fecfec23000-7fecfec25000 r-xp 00001000 00:22 257601                     /usr/lib/x86_64-linux-gnu/libXau.so.6.0.0
7fecfec25000-7fecfec26000 r--p 00003000 00:22 257601                     /usr/lib/x86_64-linux-gnu/libXau.so.6.0.0
7fecfec26000-7fecfec27000 r--p 00003000 00:22 257601                     /usr/lib/x86_64-linux-gnu/libXau.so.6.0.0
7fecfec27000-7fecfec28000 rw-p 00004000 00:22 257601                     /usr/lib/x86_64-linux-gnu/libXau.so.6.0.0
7fecfec28000-7fecfec2c000 r--p 00000000 00:22 253390                     /usr/lib/x86_64-linux-gnu/libexpat.so.1.10.2
7fecfec2c000-7fecfec49000 r-xp 00004000 00:22 253390                     /usr/lib/x86_64-linux-gnu/libexpat.so.1.10.2
7fecfec49000-7fecfec51000 r--p 00021000 00:22 253390                     /usr/lib/x86_64-linux-gnu/libexpat.so.1.10.2
7fecfec51000-7fecfec53000 r--p 00029000 00:22 253390                     /usr/lib/x86_64-linux-gnu/libexpat.so.1.10.2
7fecfec53000-7fecfec54000 rw-p 0002b000 00:22 253390                     /usr/lib/x86_64-linux-gnu/libexpat.so.1.10.2
7fecfec54000-7fecfec57000 r--p 00000000 00:22 1567623                    /usr/lib/x86_64-linux-gnu/libthai.so.0.3.2
7fecfec57000-7fecfec5c000 r-xp 00003000 00:22 1567623                    /usr/lib/x86_64-linux-gnu/libthai.so.0.3.2
7fecfec5c000-7fecfec5f000 r--p 00008000 00:22 1567623                    /usr/lib/x86_64-linux-gnu/libthai.so.0.3.2
7fecfec5f000-7fecfec60000 r--p 0000a000 00:22 1567623                    /usr/lib/x86_64-linux-gnu/libthai.so.0.3.2
7fecfec60000-7fecfec61000 rw-p 0000b000 00:22 1567623                    /usr/lib/x86_64-linux-gnu/libthai.so.0.3.2
7fecfec61000-7fecfec62000 r--p 00000000 00:22 267605                     /usr/lib/x86_64-linux-gnu/libxcb-shm.so.0.0.0
7fecfec62000-7fecfec63000 r-xp 00001000 00:22 267605                     /usr/lib/x86_64-linux-gnu/libxcb-shm.so.0.0.0
7fecfec63000-7fecfec64000 r--p 00002000 00:22 267605                     /usr/lib/x86_64-linux-gnu/libxcb-shm.so.0.0.0
7fecfec64000-7fecfec65000 r--p 00002000 00:22 267605                     /usr/lib/x86_64-linux-gnu/libxcb-shm.so.0.0.0
7fecfec65000-7fecfec66000 rw-p 00003000 00:22 267605                     /usr/lib/x86_64-linux-gnu/libxcb-shm.so.0.0.0
7fecfec66000-7fecfec6c000 r--p 00000000 00:22 254893                     /usr/lib/x86_64-linux-gnu/libxcb-render.so.0.0.0
7fecfec6c000-7fecfec71000 r-xp 00006000 00:22 254893                     /usr/lib/x86_64-linux-gnu/libxcb-render.so.0.0.0
7fecfec71000-7fecfec74000 r--p 0000b000 00:22 254893                     /usr/lib/x86_64-linux-gnu/libxcb-render.so.0.0.0
7fecfec74000-7fecfec75000 r--p 0000d000 00:22 254893                     /usr/lib/x86_64-linux-gnu/libxcb-render.so.0.0.0
7fecfec75000-7fecfec76000 rw-p 0000e000 00:22 254893                     /usr/lib/x86_64-linux-gnu/libxcb-render.so.0.0.0
7fecfec76000-7fecfec83000 r--p 00000000 00:22 247578                     /usr/lib/x86_64-linux-gnu/libxcb.so.1.1.0
7fecfec83000-7fecfec97000 r-xp 0000d000 00:22 247578                     /usr/lib/x86_64-linux-gnu/libxcb.so.1.1.0
7fecfec97000-7fecfeca0000 r--p 00021000 00:22 247578                     /usr/lib/x86_64-linux-gnu/libxcb.so.1.1.0
7fecfeca0000-7fecfeca1000 r--p 0002a000 00:22 247578                     /usr/lib/x86_64-linux-gnu/libxcb.so.1.1.0
7fecfeca1000-7fecfeca2000 rw-p 0002b000 00:22 247578                     /usr/lib/x86_64-linux-gnu/libxcb.so.1.1.0
7fecfeca2000-7fecfeca4000 r--p 00000000 00:22 252141                     /usr/lib/x86_64-linux-gnu/libXrender.so.1.3.0
7fecfeca4000-7fecfecab000 r-xp 00002000 00:22 252141                     /usr/lib/x86_64-linux-gnu/libXrender.so.1.3.0
7fecfecab000-7fecfecac000 r--p 00009000 00:22 252141                     /usr/lib/x86_64-linux-gnu/libXrender.so.1.3.0
7fecfecac000-7fecfecad000 r--p 0000a000 00:22 252141                     /usr/lib/x86_64-linux-gnu/libXrender.so.1.3.0
7fecfecad000-7fecfecae000 rw-p 0000b000 00:22 252141                     /usr/lib/x86_64-linux-gnu/libXrender.so.1.3.0
7fecfecae000-7fecfecb4000 r--p 00000000 00:22 1567230                    /usr/lib/x86_64-linux-gnu/libpng16.so.16.54.0
7fecfecb4000-7fecfecdc000 r-xp 00006000 00:22 1567230                    /usr/lib/x86_64-linux-gnu/libpng16.so.16.54.0
7fecfecdc000-7fecfece6000 r--p 0002e000 00:22 1567230                    /usr/lib/x86_64-linux-gnu/libpng16.so.16.54.0
7fecfece6000-7fecfece7000 r--p 00037000 00:22 1567230                    /usr/lib/x86_64-linux-gnu/libpng16.so.16.54.0
7fecfece7000-7fecfece8000 rw-p 00038000 00:22 1567230                    /usr/lib/x86_64-linux-gnu/libpng16.so.16.54.0
7fecfece8000-7fecfeceb000 r--p 00000000 00:22 258574                     /usr/lib/x86_64-linux-gnu/libpcre2-8.so.0.14.0
7fecfeceb000-7fecfed67000 r-xp 00003000 00:22 258574                     /usr/lib/x86_64-linux-gnu/libpcre2-8.so.0.14.0
7fecfed67000-7fecfed92000 r--p 0007f000 00:22 258574                     /usr/lib/x86_64-linux-gnu/libpcre2-8.so.0.14.0
7fecfed92000-7fecfed93000 r--p 000a9000 00:22 258574                     /usr/lib/x86_64-linux-gnu/libpcre2-8.so.0.14.0
7fecfed93000-7fecfed94000 rw-p 000aa000 00:22 258574                     /usr/lib/x86_64-linux-gnu/libpcre2-8.so.0.14.0
7fecfed94000-7fecfed96000 r--p 00000000 00:22 260682                     /usr/lib/x86_64-linux-gnu/libffi.so.8.2.0
7fecfed96000-7fecfeda0000 r-xp 00002000 00:22 260682                     /usr/lib/x86_64-linux-gnu/libffi.so.8.2.0
7fecfeda0000-7fecfeda2000 r--p 0000c000 00:22 260682                     /usr/lib/x86_64-linux-gnu/libffi.so.8.2.0
7fecfeda2000-7fecfeda3000 r--p 0000d000 00:22 260682                     /usr/lib/x86_64-linux-gnu/libffi.so.8.2.0
7fecfeda3000-7fecfeda4000 rw-p 0000e000 00:22 260682                     /usr/lib/x86_64-linux-gnu/libffi.so.8.2.0
7fecfeda4000-7fecfeda6000 r--p 00000000 00:22 979789                     /usr/lib/x86_64-linux-gnu/libgmodule-2.0.so.0.8600.3
7fecfeda6000-7fecfeda8000 r-xp 00002000 00:22 979789                     /usr/lib/x86_64-linux-gnu/libgmodule-2.0.so.0.8600.3
7fecfeda8000-7fecfeda9000 r--p 00004000 00:22 979789                     /usr/lib/x86_64-linux-gnu/libgmodule-2.0.so.0.8600.3
7fecfeda9000-7fecfedaa000 r--p 00004000 00:22 979789                     /usr/lib/x86_64-linux-gnu/libgmodule-2.0.so.0.8600.3
7fecfedaa000-7fecfedab000 rw-p 00005000 00:22 979789                     /usr/lib/x86_64-linux-gnu/libgmodule-2.0.so.0.8600.3
7fecfedab000-7fecfedac000 r--p 00000000 00:22 252104                     /usr/lib/x86_64-linux-gnu/libXinerama.so.1.0.0
7fecfedac000-7fecfedad000 r-xp 00001000 00:22 252104                     /usr/lib/x86_64-linux-gnu/libXinerama.so.1.0.0
7fecfedad000-7fecfedae000 r--p 00002000 00:22 252104                     /usr/lib/x86_64-linux-gnu/libXinerama.so.1.0.0
7fecfedae000-7fecfedaf000 r--p 00002000 00:22 252104                     /usr/lib/x86_64-linux-gnu/libXinerama.so.1.0.0
7fecfedaf000-7fecfedb0000 rw-p 00003000 00:22 252104                     /usr/lib/x86_64-linux-gnu/libXinerama.so.1.0.0
7fecfedb0000-7fecfedb2000 r--p 00000000 00:22 252436                     /usr/lib/x86_64-linux-gnu/libXrandr.so.2.2.0
7fecfedb2000-7fecfedb9000 r-xp 00002000 00:22 252436                     /usr/lib/x86_64-linux-gnu/libXrandr.so.2.2.0
7fecfedb9000-7fecfedbb000 r--p 00009000 00:22 252436                     /usr/lib/x86_64-linux-gnu/libXrandr.so.2.2.0
7fecfedbb000-7fecfedbc000 r--p 0000a000 00:22 252436                     /usr/lib/x86_64-linux-gnu/libXrandr.so.2.2.0
7fecfedbc000-7fecfedbd000 rw-p 0000b000 00:22 252436                     /usr/lib/x86_64-linux-gnu/libXrandr.so.2.2.0
7fecfedbd000-7fecfedbe000 r--p 00000000 00:22 247981                     /usr/lib/x86_64-linux-gnu/libXcomposite.so.1.0.0
7fecfedbe000-7fecfedbf000 r-xp 00001000 00:22 247981                     /usr/lib/x86_64-linux-gnu/libXcomposite.so.1.0.0
7fecfedbf000-7fecfedc0000 r--p 00002000 00:22 247981                     /usr/lib/x86_64-linux-gnu/libXcomposite.so.1.0.0
7fecfedc0000-7fecfedc1000 r--p 00002000 00:22 247981                     /usr/lib/x86_64-linux-gnu/libXcomposite.so.1.0.0
7fecfedc1000-7fecfedc2000 rw-p 00003000 00:22 247981                     /usr/lib/x86_64-linux-gnu/libXcomposite.so.1.0.0
7fecfedc2000-7fecfedc4000 r--p 00000000 00:22 265723                     /usr/lib/x86_64-linux-gnu/libXfixes.so.3.1.0
7fecfedc4000-7fecfedc7000 r-xp 00002000 00:22 265723                     /usr/lib/x86_64-linux-gnu/libXfixes.so.3.1.0
7fecfedc7000-7fecfedc8000 r--p 00005000 00:22 265723                     /usr/lib/x86_64-linux-gnu/libXfixes.so.3.1.0
7fecfedc8000-7fecfedc9000 r--p 00005000 00:22 265723                     /usr/lib/x86_64-linux-gnu/libXfixes.so.3.1.0
7fecfedc9000-7fecfedca000 rw-p 00006000 00:22 265723                     /usr/lib/x86_64-linux-gnu/libXfixes.so.3.1.0
7fecfedca000-7fecfedcd000 r--p 00000000 00:22 266069                     /usr/lib/x86_64-linux-gnu/libXcursor.so.1.0.2
7fecfedcd000-7fecfedd4000 r-xp 00003000 00:22 266069                     /usr/lib/x86_64-linux-gnu/libXcursor.so.1.0.2
7fecfedd4000-7fecfedd6000 r--p 0000a000 00:22 266069                     /usr/lib/x86_64-linux-gnu/libXcursor.so.1.0.2
7fecfedd6000-7fecfedd7000 r--p 0000b000 00:22 266069                     /usr/lib/x86_64-linux-gnu/libXcursor.so.1.0.2
7fecfedd7000-7fecfedd8000 rw-p 0000c000 00:22 266069                     /usr/lib/x86_64-linux-gnu/libXcursor.so.1.0.2
7fecfedd8000-7fecfeddc000 r--p 00000000 00:22 1567514                    /usr/lib/x86_64-linux-gnu/libXext.so.6.4.0
7fecfeddc000-7fecfede7000 r-xp 00004000 00:22 1567514                    /usr/lib/x86_64-linux-gnu/libXext.so.6.4.0
7fecfede7000-7fecfedea000 r--p 0000f000 00:22 1567514                    /usr/lib/x86_64-linux-gnu/libXext.so.6.4.0
7fecfedea000-7fecfedeb000 r--p 00011000 00:22 1567514                    /usr/lib/x86_64-linux-gnu/libXext.so.6.4.0
7fecfedeb000-7fecfedec000 rw-p 00012000 00:22 1567514                    /usr/lib/x86_64-linux-gnu/libXext.so.6.4.0
7fecfedec000-7fecfedef000 r--p 00000000 00:22 254594                     /usr/lib/x86_64-linux-gnu/libXi.so.6.1.0
7fecfedef000-7fecfedfc000 r-xp 00003000 00:22 254594                     /usr/lib/x86_64-linux-gnu/libXi.so.6.1.0
7fecfedfc000-7fecfedfe000 r--p 00010000 00:22 254594                     /usr/lib/x86_64-linux-gnu/libXi.so.6.1.0
7fecfedfe000-7fecfedff000 r--p 00012000 00:22 254594                     /usr/lib/x86_64-linux-gnu/libXi.so.6.1.0
7fecfedff000-7fecfee00000 rw-p 00013000 00:22 254594                     /usr/lib/x86_64-linux-gnu/libXi.so.6.1.0
7fecfee00000-7fecfee44000 r--p 00000000 00:22 979857                     /usr/lib/x86_64-linux-gnu/libgio-2.0.so.0.8600.3
7fecfee44000-7fecfef74000 r-xp 00044000 00:22 979857                     /usr/lib/x86_64-linux-gnu/libgio-2.0.so.0.8600.3
7fecfef74000-7fecfeff3000 r--p 00174000 00:22 979857                     /usr/lib/x86_64-linux-gnu/libgio-2.0.so.0.8600.3
7fecfeff3000-7fecfeffd000 r--p 001f2000 00:22 979857                     /usr/lib/x86_64-linux-gnu/libgio-2.0.so.0.8600.3
7fecfeffd000-7fecfeffe000 rw-p 001fc000 00:22 979857                     /usr/lib/x86_64-linux-gnu/libgio-2.0.so.0.8600.3
7fecfeffe000-7fecff400000 rw-p 00000000 00:00 0 
7fecff400000-7fecff780000 rw-p 00000000 00:00 0 
7fecff780000-7fecff800000 rw-p 00000000 00:00 0 
7fecff800000-7fecff900000 rw-p 00000000 00:00 0 
7fecff900000-7fecffa00000 rw-p 00000000 00:00 0 
7fecffa00000-7fecffb00000 rw-p 00000000 00:00 0 
7fecffb00000-7fecffc00000 rw-p 00000000 00:00 0 
7fecffc00000-7fed00000000 rw-p 00000000 00:00 0 
7fed00000000-7fed00100000 rw-p 00000000 00:00 0 
7fed00100000-7fed00200000 rw-p 00000000 00:00 0 
7fed00200000-7fed00780000 rw-p 00000000 00:00 0 
7fed00780000-7fed00800000 rw-p 00000000 00:00 0 
7fed00800000-7fed00980000 rw-p 00000000 00:00 0 
7fed00980000-7fed00b00000 rw-p 00000000 00:00 0 
7fed00b00000-7fed00b80000 rw-p 00000000 00:00 0 
7fed00b80000-7fed00d00000 rw-p 00000000 00:00 0 
7fed00d00000-7fed00e00000 rw-p 00000000 00:00 0 
7fed00e00000-7fed01d80000 rw-p 00000000 00:00 0 
7fed01d80000-7fed01e00000 rw-p 00000000 00:00 0 
7fed01e00000-7fed02200000 rw-p 00000000 00:00 0 
7fed02200000-7fed02300000 rw-p 00000000 00:00 0 
7fed02300000-7fed02400000 rw-p 00000000 00:00 0 
7fed02400000-7fed02500000 rw-p 00000000 00:00 0 
7fed02500000-7fed02600000 rw-p 00000000 00:00 0 
7fed02600000-7fed026f0000 rw-p 00000000 00:00 0 
7fed026f0000-7fed02700000 ---p 00000000 00:00 0 
7fed02700000-7fed027d0000 rw-p 00000000 00:00 0 
7fed027d0000-7fed03000000 ---p 00000000 00:00 0 
7fed03000000-7fed03ca0000 rw-p 00001000 00:22 622086                     /app/jre/lib/server/classes.jsa
7fed03ca0000-7fed04000000 ---p 00000000 00:00 0 
7fed04000000-7fed04040000 rw-p 00000000 00:00 0 
7fed04040000-7fed04100000 rw-p 00000000 00:00 0 
7fed04100000-7fed04240000 rw-p 00000000 00:00 0 
7fed04240000-7fed04280000 rw-p 00000000 00:00 0 
7fed04280000-7fed043c0000 rw-p 00000000 00:00 0 
7fed043c0000-7fed04780000 rw-p 00000000 00:00 0 
7fed04780000-7fed047e0000 rw-p 00000000 00:00 0 
7fed047e0000-7fed04810000 rw-p 00000000 00:00 0 
7fed04810000-7fed04840000 ---p 00000000 00:00 0 
7fed04840000-7fed04850000 rw-p 00000000 00:00 0 
7fed04850000-7fed44000000 ---p 00000000 00:00 0 
7fed44000000-7fed44021000 rw-p 00000000 00:00 0 
7fed44021000-7fed48000000 ---p 00000000 00:00 0 
7fed48000000-7fed48021000 rw-p 00000000 00:00 0 
7fed48021000-7fed4c000000 ---p 00000000 00:00 0 
7fed4c000000-7fed4c021000 rw-p 00000000 00:00 0 
7fed4c021000-7fed50000000 ---p 00000000 00:00 0 
7fed50000000-7fed50001000 r--p 00000000 00:22 259643                     /usr/lib/x86_64-linux-gnu/libXdamage.so.1.1.0
7fed50001000-7fed50002000 r-xp 00001000 00:22 259643                     /usr/lib/x86_64-linux-gnu/libXdamage.so.1.1.0
7fed50002000-7fed50003000 r--p 00002000 00:22 259643                     /usr/lib/x86_64-linux-gnu/libXdamage.so.1.1.0
7fed50003000-7fed50004000 r--p 00002000 00:22 259643                     /usr/lib/x86_64-linux-gnu/libXdamage.so.1.1.0
7fed50004000-7fed50005000 rw-p 00003000 00:22 259643                     /usr/lib/x86_64-linux-gnu/libXdamage.so.1.1.0
7fed50005000-7fed50023000 r--p 00000000 00:22 1567325                    /usr/lib/x86_64-linux-gnu/libX11.so.6.4.0
7fed50023000-7fed500bc000 r-xp 0001e000 00:22 1567325                    /usr/lib/x86_64-linux-gnu/libX11.so.6.4.0
7fed500bc000-7fed5014b000 r--p 000b7000 00:22 1567325                    /usr/lib/x86_64-linux-gnu/libX11.so.6.4.0
7fed5014b000-7fed5014e000 r--p 00146000 00:22 1567325                    /usr/lib/x86_64-linux-gnu/libX11.so.6.4.0
7fed5014e000-7fed50152000 rw-p 00149000 00:22 1567325                    /usr/lib/x86_64-linux-gnu/libX11.so.6.4.0
7fed50152000-7fed50158000 r--p 00000000 00:22 266572                     /usr/lib/x86_64-linux-gnu/libwayland-client.so.0.24.0
7fed50158000-7fed5015f000 r-xp 00006000 00:22 266572                     /usr/lib/x86_64-linux-gnu/libwayland-client.so.0.24.0
7fed5015f000-7fed50162000 r--p 0000d000 00:22 266572                     /usr/lib/x86_64-linux-gnu/libwayland-client.so.0.24.0
7fed50162000-7fed50164000 r--p 0000f000 00:22 266572                     /usr/lib/x86_64-linux-gnu/libwayland-client.so.0.24.0
7fed50164000-7fed50165000 rw-p 00011000 00:22 266572                     /usr/lib/x86_64-linux-gnu/libwayland-client.so.0.24.0
7fed50165000-7fed5016b000 r--p 00000000 00:22 253514                     /usr/lib/x86_64-linux-gnu/libxkbcommon.so.0.11.0
7fed5016b000-7fed50197000 r-xp 00006000 00:22 253514                     /usr/lib/x86_64-linux-gnu/libxkbcommon.so.0.11.0
7fed50197000-7fed501be000 r--p 00032000 00:22 253514                     /usr/lib/x86_64-linux-gnu/libxkbcommon.so.0.11.0
7fed501be000-7fed501c0000 r--p 00059000 00:22 253514                     /usr/lib/x86_64-linux-gnu/libxkbcommon.so.0.11.0
7fed501c0000-7fed501c1000 rw-p 0005b000 00:22 253514                     /usr/lib/x86_64-linux-gnu/libxkbcommon.so.0.11.0
7fed501c1000-7fed501c6000 r--p 00000000 00:22 327685                     /usr/lib/x86_64-linux-gnu/libpangocairo-1.0.so.0.5700.0
7fed501c6000-7fed501ce000 r-xp 00005000 00:22 327685                     /usr/lib/x86_64-linux-gnu/libpangocairo-1.0.so.0.5700.0
7fed501ce000-7fed501d0000 r--p 0000d000 00:22 327685                     /usr/lib/x86_64-linux-gnu/libpangocairo-1.0.so.0.5700.0
7fed501d0000-7fed501d1000 r--p 0000f000 00:22 327685                     /usr/lib/x86_64-linux-gnu/libpangocairo-1.0.so.0.5700.0
7fed501d1000-7fed501d2000 rw-p 00010000 00:22 327685                     /usr/lib/x86_64-linux-gnu/libpangocairo-1.0.so.0.5700.0
7fed501d2000-7fed501da000 r--p 00000000 00:22 255343                     /usr/lib/x86_64-linux-gnu/libfontconfig.so.1.16.0
7fed501da000-7fed5020b000 r-xp 00008000 00:22 255343                     /usr/lib/x86_64-linux-gnu/libfontconfig.so.1.16.0
7fed5020b000-7fed50222000 r--p 00039000 00:22 255343                     /usr/lib/x86_64-linux-gnu/libfontconfig.so.1.16.0
7fed50222000-7fed50224000 r--p 00050000 00:22 255343                     /usr/lib/x86_64-linux-gnu/libfontconfig.so.1.16.0
7fed50224000-7fed50225000 rw-p 00052000 00:22 255343                     /usr/lib/x86_64-linux-gnu/libfontconfig.so.1.16.0
7fed50225000-7fed5028a000 r--p 00000000 00:22 278483                     /usr/lib/x86_64-linux-gnu/libepoxy.so.0.0.0
7fed5028a000-7fed502f7000 r-xp 00065000 00:22 278483                     /usr/lib/x86_64-linux-gnu/libepoxy.so.0.0.0
7fed502f7000-7fed5033c000 r--p 000d2000 00:22 278483                     /usr/lib/x86_64-linux-gnu/libepoxy.so.0.0.0
7fed5033c000-7fed50344000 r--p 00117000 00:22 278483                     /usr/lib/x86_64-linux-gnu/libepoxy.so.0.0.0
7fed50344000-7fed5034b000 rw-p 0011f000 00:22 278483                     /usr/lib/x86_64-linux-gnu/libepoxy.so.0.0.0
7fed5034b000-7fed5034d000 r--p 00000000 00:22 266951                     /usr/lib/x86_64-linux-gnu/libfribidi.so.0.4.0
7fed5034d000-7fed50353000 r-xp 00002000 00:22 266951                     /usr/lib/x86_64-linux-gnu/libfribidi.so.0.4.0
7fed50353000-7fed5036a000 r--p 00008000 00:22 266951                     /usr/lib/x86_64-linux-gnu/libfribidi.so.0.4.0
7fed5036a000-7fed5036b000 r--p 0001e000 00:22 266951                     /usr/lib/x86_64-linux-gnu/libfribidi.so.0.4.0
7fed5036b000-7fed5036c000 rw-p 0001f000 00:22 266951                     /usr/lib/x86_64-linux-gnu/libfribidi.so.0.4.0
7fed5036c000-7fed50381000 r--p 00000000 00:22 1632014                    /usr/lib/x86_64-linux-gnu/libcairo.so.2.11804.4
7fed50381000-7fed50478000 r-xp 00015000 00:22 1632014                    /usr/lib/x86_64-linux-gnu/libcairo.so.2.11804.4
7fed50478000-7fed504b5000 r--p 0010c000 00:22 1632014                    /usr/lib/x86_64-linux-gnu/libcairo.so.2.11804.4
7fed504b5000-7fed504b9000 r--p 00148000 00:22 1632014                    /usr/lib/x86_64-linux-gnu/libcairo.so.2.11804.4
7fed504b9000-7fed504bb000 rw-p 0014c000 00:22 1632014                    /usr/lib/x86_64-linux-gnu/libcairo.so.2.11804.4
7fed504bb000-7fed504bc000 rw-p 00000000 00:00 0 
7fed504bc000-7fed504df000 r--p 00000000 00:22 979833                     /usr/lib/x86_64-linux-gnu/libglib-2.0.so.0.8600.3
7fed504df000-7fed50588000 r-xp 00023000 00:22 979833                     /usr/lib/x86_64-linux-gnu/libglib-2.0.so.0.8600.3
7fed50588000-7fed50618000 r--p 000cc000 00:22 979833                     /usr/lib/x86_64-linux-gnu/libglib-2.0.so.0.8600.3
7fed50618000-7fed50619000 r--p 0015c000 00:22 979833                     /usr/lib/x86_64-linux-gnu/libglib-2.0.so.0.8600.3
7fed50619000-7fed5061a000 rw-p 0015d000 00:22 979833                     /usr/lib/x86_64-linux-gnu/libglib-2.0.so.0.8600.3
7fed5061a000-7fed5061b000 rw-p 00000000 00:00 0 
7fed5061b000-7fed5064c000 r--p 00000000 00:22 320088                     /usr/lib/x86_64-linux-gnu/libgdk-3.so.0.2419.32
7fed5064c000-7fed506da000 r-xp 00031000 00:22 320088                     /usr/lib/x86_64-linux-gnu/libgdk-3.so.0.2419.32
7fed506da000-7fed50722000 r--p 000bf000 00:22 320088                     /usr/lib/x86_64-linux-gnu/libgdk-3.so.0.2419.32
7fed50722000-7fed5072c000 r--p 00106000 00:22 320088                     /usr/lib/x86_64-linux-gnu/libgdk-3.so.0.2419.32
7fed5072c000-7fed5072e000 rw-p 00110000 00:22 320088                     /usr/lib/x86_64-linux-gnu/libgdk-3.so.0.2419.32
7fed5072e000-7fed5072f000 rw-p 00000000 00:00 0 
7fed5072f000-7fed50733000 ---p 00000000 00:00 0 
7fed50733000-7fed5082f000 rw-p 00000000 00:00 0 
7fed5082f000-7fed50833000 ---p 00000000 00:00 0 
7fed50833000-7fed5092f000 rw-p 00000000 00:00 0 
7fed5092f000-7fed50933000 ---p 00000000 00:00 0 
7fed50933000-7fed50a2f000 rw-p 00000000 00:00 0 
7fed50a2f000-7fed50a34000 r--p 00000000 00:22 621352                     /app/jre/lib/libjsvml.so
7fed50a34000-7fed50a75000 r-xp 00005000 00:22 621352                     /app/jre/lib/libjsvml.so
7fed50a75000-7fed50afe000 r--p 00046000 00:22 621352                     /app/jre/lib/libjsvml.so
7fed50afe000-7fed50aff000 r--p 000ce000 00:22 621352                     /app/jre/lib/libjsvml.so
7fed50aff000-7fed50b00000 rw-p 000cf000 00:22 621352                     /app/jre/lib/libjsvml.so
7fed50b00000-7fed50b04000 ---p 00000000 00:00 0 
7fed50b04000-7fed50c00000 rw-p 00000000 00:00 0 
7fed50c00000-7fed50c04000 ---p 00000000 00:00 0 
7fed50c04000-7fed50d00000 rw-p 00000000 00:00 0 
7fed50d00000-7fed50d04000 ---p 00000000 00:00 0 
7fed50d04000-7fed50e00000 rw-p 00000000 00:00 0 
7fed50e00000-7fed50e04000 ---p 00000000 00:00 0 
7fed50e04000-7fed50f00000 rw-p 00000000 00:00 0 
7fed50f00000-7fed50f04000 ---p 00000000 00:00 0 
7fed50f04000-7fed51000000 rw-p 00000000 00:00 0 
7fed51000000-7fed51004000 ---p 00000000 00:00 0 
7fed51004000-7fed51100000 rw-p 00000000 00:00 0 
7fed51100000-7fed51104000 ---p 00000000 00:00 0 
7fed51104000-7fed51200000 rw-p 00000000 00:00 0 
7fed51200000-7fed51478000 r--p 00000000 00:22 244541                     /usr/share/runtime/locale/pt/lib/pt_BR.utf8/LC_COLLATE
7fed51478000-7fed51479000 r--s 00000000 00:22 648366                     /run/host/fonts-cache/a1059391c956b3cbc42a78cac70f430a-le64.cache-9
7fed51479000-7fed5147b000 r--p 00000000 00:22 255147                     /usr/lib/x86_64-linux-gnu/libwayland-cursor.so.0.24.0
7fed5147b000-7fed5147d000 r-xp 00002000 00:22 255147                     /usr/lib/x86_64-linux-gnu/libwayland-cursor.so.0.24.0
7fed5147d000-7fed5147e000 r--p 00004000 00:22 255147                     /usr/lib/x86_64-linux-gnu/libwayland-cursor.so.0.24.0
7fed5147e000-7fed5147f000 r--p 00004000 00:22 255147                     /usr/lib/x86_64-linux-gnu/libwayland-cursor.so.0.24.0
7fed5147f000-7fed51483000 rw-p 00005000 00:22 255147                     /usr/lib/x86_64-linux-gnu/libwayland-cursor.so.0.24.0
7fed51483000-7fed51497000 r--p 00000000 00:22 321405                     /usr/lib/x86_64-linux-gnu/libpango-1.0.so.0.5700.0
7fed51497000-7fed514d6000 r-xp 00014000 00:22 321405                     /usr/lib/x86_64-linux-gnu/libpango-1.0.so.0.5700.0
7fed514d6000-7fed514f0000 r--p 00053000 00:22 321405                     /usr/lib/x86_64-linux-gnu/libpango-1.0.so.0.5700.0
7fed514f0000-7fed514f4000 r--p 0006d000 00:22 321405                     /usr/lib/x86_64-linux-gnu/libpango-1.0.so.0.5700.0
7fed514f4000-7fed514f5000 rw-p 00071000 00:22 321405                     /usr/lib/x86_64-linux-gnu/libpango-1.0.so.0.5700.0
7fed514f5000-7fed518f9000 rw-p 00000000 00:00 0 
7fed518f9000-7fed54021000 rw-p 00000000 00:00 0 
7fed54021000-7fed58000000 ---p 00000000 00:00 0 
7fed58000000-7fed58021000 rw-p 00000000 00:00 0 
7fed58021000-7fed5c000000 ---p 00000000 00:00 0 
7fed5c000000-7fed5c021000 rw-p 00000000 00:00 0 
7fed5c021000-7fed60000000 ---p 00000000 00:00 0 
7fed60000000-7fed60001000 r--s 00000000 00:22 648364                     /run/host/fonts-cache/aa02322cc1375fea2382deabf4339973-le64.cache-9
7fed60001000-7fed60002000 r--s 00000000 00:22 648352                     /run/host/fonts-cache/0f80fa86029ae75a63f21d682b864529-le64.cache-9
7fed60002000-7fed60003000 r--s 00000000 00:22 259927                     /usr/lib/fontconfig/cache/03a3974e20a7d4a4c13001180806a005-le64.cache-9
7fed60003000-7fed60007000 r--p 00000000 00:22 979797                     /usr/lib/x86_64-linux-gnu/libcairo-gobject.so.2.11804.4
7fed60007000-7fed60009000 r-xp 00004000 00:22 979797                     /usr/lib/x86_64-linux-gnu/libcairo-gobject.so.2.11804.4
7fed60009000-7fed6000b000 r--p 00006000 00:22 979797                     /usr/lib/x86_64-linux-gnu/libcairo-gobject.so.2.11804.4
7fed6000b000-7fed6000d000 r--p 00008000 00:22 979797                     /usr/lib/x86_64-linux-gnu/libcairo-gobject.so.2.11804.4
7fed6000d000-7fed6000e000 rw-p 0000a000 00:22 979797                     /usr/lib/x86_64-linux-gnu/libcairo-gobject.so.2.11804.4
7fed6000e000-7fed6001e000 r--p 00000000 00:22 979807                     /usr/lib/x86_64-linux-gnu/libgobject-2.0.so.0.8600.3
7fed6001e000-7fed60056000 r-xp 00010000 00:22 979807                     /usr/lib/x86_64-linux-gnu/libgobject-2.0.so.0.8600.3
7fed60056000-7fed6006f000 r--p 00048000 00:22 979807                     /usr/lib/x86_64-linux-gnu/libgobject-2.0.so.0.8600.3
7fed6006f000-7fed60072000 r--p 00061000 00:22 979807                     /usr/lib/x86_64-linux-gnu/libgobject-2.0.so.0.8600.3
7fed60072000-7fed60073000 rw-p 00064000 00:22 979807                     /usr/lib/x86_64-linux-gnu/libgobject-2.0.so.0.8600.3
7fed60073000-7fed6007c000 r--p 00000000 00:22 321379                     /usr/lib/x86_64-linux-gnu/libgdk_pixbuf-2.0.so.0.4400.4
7fed6007c000-7fed60097000 r-xp 00009000 00:22 321379                     /usr/lib/x86_64-linux-gnu/libgdk_pixbuf-2.0.so.0.4400.4
7fed60097000-7fed600a0000 r--p 00024000 00:22 321379                     /usr/lib/x86_64-linux-gnu/libgdk_pixbuf-2.0.so.0.4400.4
7fed600a0000-7fed600a2000 r--p 0002c000 00:22 321379                     /usr/lib/x86_64-linux-gnu/libgdk_pixbuf-2.0.so.0.4400.4
7fed600a2000-7fed600a3000 rw-p 0002e000 00:22 321379                     /usr/lib/x86_64-linux-gnu/libgdk_pixbuf-2.0.so.0.4400.4
7fed600a3000-7fed600fd000 r--p 00000000 00:22 244421                     /usr/share/runtime/locale/pt/lib/pt_BR.utf8/LC_CTYPE
7fed600fd000-7fed60400000 rw-p 00000000 00:00 0 
7fed60400000-7fed61490000 rwxp 00000000 00:00 0 
7fed61490000-7fed67937000 ---p 00000000 00:00 0 
7fed67937000-7fed67ba7000 rwxp 00000000 00:00 0 
7fed67ba7000-7fed67ec9000 ---p 00000000 00:00 0 
7fed67ec9000-7fed68409000 rwxp 00000000 00:00 0 
7fed68409000-7fed6f400000 ---p 00000000 00:00 0 
7fed6f400000-7fed77eb6000 r--s 00000000 00:22 622095                     /app/jre/lib/modules
7fed77eb6000-7fed77eb7000 r--p 00000000 00:22 266434                     /usr/lib/x86_64-linux-gnu/libwayland-egl.so.1.24.0
7fed77eb7000-7fed77eb8000 r-xp 00001000 00:22 266434                     /usr/lib/x86_64-linux-gnu/libwayland-egl.so.1.24.0
7fed77eb8000-7fed77eb9000 r--p 00002000 00:22 266434                     /usr/lib/x86_64-linux-gnu/libwayland-egl.so.1.24.0
7fed77eb9000-7fed77eba000 r--p 00002000 00:22 266434                     /usr/lib/x86_64-linux-gnu/libwayland-egl.so.1.24.0
7fed77eba000-7fed77ebb000 rw-p 00003000 00:22 266434                     /usr/lib/x86_64-linux-gnu/libwayland-egl.so.1.24.0
7fed77ebb000-7fed77ec6000 r--s 00000000 00:22 328412                     /usr/lib/fontconfig/cache/d36ace0aa75499b8b7d4acf63583e147-le64.cache-9
7fed77ec6000-7fed77eca000 r--p 00000000 00:22 621748                     /app/bin/plugins/org.eclipse.equinox.launcher.gtk.linux.x86_64_1.2.1500.v20250801-0854/eclipse_11916.so
7fed77eca000-7fed77ed4000 r-xp 00004000 00:22 621748                     /app/bin/plugins/org.eclipse.equinox.launcher.gtk.linux.x86_64_1.2.1500.v20250801-0854/eclipse_11916.so
7fed77ed4000-7fed77ed7000 r--p 0000e000 00:22 621748                     /app/bin/plugins/org.eclipse.equinox.launcher.gtk.linux.x86_64_1.2.1500.v20250801-0854/eclipse_11916.so
7fed77ed7000-7fed77ed8000 r--p 00010000 00:22 621748                     /app/bin/plugins/org.eclipse.equinox.launcher.gtk.linux.x86_64_1.2.1500.v20250801-0854/eclipse_11916.so
7fed77ed8000-7fed77ed9000 rw-p 00011000 00:22 621748                     /app/bin/plugins/org.eclipse.equinox.launcher.gtk.linux.x86_64_1.2.1500.v20250801-0854/eclipse_11916.so
7fed77ed9000-7fed77eda000 rw-p 00000000 00:00 0 
7fed77eda000-7fed77eff000 r--p 00000000 00:22 244597                     /usr/share/runtime/locale/pt/share/pt_BR/LC_MESSAGES/libc.mo
7fed77eff000-7fed78000000 rw-p 00000000 00:00 0 
7fed78000000-7fed7a1ba000 rw-p 00000000 00:00 0 
7fed7a1ba000-7fed7c000000 ---p 00000000 00:00 0 
7fed7c000000-7fed7c003000 r--s 00000000 00:22 327505                     /usr/lib/fontconfig/cache/f5ba2f9035ab2123193e051572841afb-le64.cache-9
7fed7c003000-7fed7c004000 r--p 00000000 00:22 1567197                    /usr/lib/x86_64-linux-gnu/libdl.so.2
7fed7c004000-7fed7c005000 r-xp 00001000 00:22 1567197                    /usr/lib/x86_64-linux-gnu/libdl.so.2
7fed7c005000-7fed7c006000 r--p 00002000 00:22 1567197                    /usr/lib/x86_64-linux-gnu/libdl.so.2
7fed7c006000-7fed7c007000 r--p 00002000 00:22 1567197                    /usr/lib/x86_64-linux-gnu/libdl.so.2
7fed7c007000-7fed7c008000 rw-p 00003000 00:22 1567197                    /usr/lib/x86_64-linux-gnu/libdl.so.2
7fed7c008000-7fed7c00b000 r--p 00000000 00:22 622044                     /app/jre/lib/libzip.so
7fed7c00b000-7fed7c010000 r-xp 00003000 00:22 622044                     /app/jre/lib/libzip.so
7fed7c010000-7fed7c012000 r--p 00008000 00:22 622044                     /app/jre/lib/libzip.so
7fed7c012000-7fed7c013000 r--p 00009000 00:22 622044                     /app/jre/lib/libzip.so
7fed7c013000-7fed7c014000 rw-p 0000a000 00:22 622044                     /app/jre/lib/libzip.so
7fed7c014000-7fed7c017000 r--p 00000000 00:22 621510                     /app/jre/lib/libnet.so
7fed7c017000-7fed7c01f000 r-xp 00003000 00:22 621510                     /app/jre/lib/libnet.so
7fed7c01f000-7fed7c021000 r--p 0000b000 00:22 621510                     /app/jre/lib/libnet.so
7fed7c021000-7fed7c022000 r--p 0000c000 00:22 621510                     /app/jre/lib/libnet.so
7fed7c022000-7fed7c023000 rw-p 0000d000 00:22 621510                     /app/jre/lib/libnet.so
7fed7c023000-7fed7c0ff000 rw-p 00000000 00:00 0 
7fed7c0ff000-7fed7c200000 rw-p 00000000 00:00 0 
7fed7c200000-7fed7c388000 rw-p 00000000 00:00 0 
7fed7c388000-7fed7d1f8000 ---p 00000000 00:00 0 
7fed7d1f8000-7fed7d231000 rw-p 00000000 00:00 0 
7fed7d231000-7fed7d3ff000 ---p 00000000 00:00 0 
7fed7d3ff000-7fed7d431000 rw-p 00000000 00:00 0 
7fed7d431000-7fed7d5ff000 ---p 00000000 00:00 0 
7fed7d5ff000-7fed7d600000 rw-p 00000000 00:00 0 
7fed7d600000-7fed7d602000 r--s 00000000 00:22 267759                     /usr/lib/fontconfig/cache/2c15b964dc7095bc30a4b7f5ba49e433-le64.cache-9
7fed7d602000-7fed7d603000 r--p 00000000 00:22 1567238                    /usr/lib/x86_64-linux-gnu/libpthread.so.0
7fed7d603000-7fed7d604000 r-xp 00001000 00:22 1567238                    /usr/lib/x86_64-linux-gnu/libpthread.so.0
7fed7d604000-7fed7d605000 r--p 00002000 00:22 1567238                    /usr/lib/x86_64-linux-gnu/libpthread.so.0
7fed7d605000-7fed7d606000 r--p 00002000 00:22 1567238                    /usr/lib/x86_64-linux-gnu/libpthread.so.0
7fed7d606000-7fed7d607000 rw-p 00003000 00:22 1567238                    /usr/lib/x86_64-linux-gnu/libpthread.so.0
7fed7d607000-7fed7d60f000 r--p 00000000 00:22 621961                     /app/jre/lib/libnio.so
7fed7d60f000-7fed7d619000 r-xp 00008000 00:22 621961                     /app/jre/lib/libnio.so
7fed7d619000-7fed7d61d000 r--p 00012000 00:22 621961                     /app/jre/lib/libnio.so
7fed7d61d000-7fed7d61e000 r--p 00016000 00:22 621961                     /app/jre/lib/libnio.so
7fed7d61e000-7fed7d61f000 rw-p 00017000 00:22 621961                     /app/jre/lib/libnio.so
7fed7d61f000-7fed7d720000 rw-p 00000000 00:00 0 
7fed7d720000-7fed7e135000 rw-p 00000000 00:00 0 
7fed7e135000-7fed7e215000 ---p 00000000 00:00 0 
7fed7e215000-7fed7e237000 rw-p 00000000 00:00 0 
7fed7e237000-7fed7e300000 ---p 00000000 00:00 0 
7fed7e300000-7fed7e304000 ---p 00000000 00:00 0 
7fed7e304000-7fed7e400000 rw-p 00000000 00:00 0 
7fed7e400000-7fed7e4aa000 r--p 00000000 00:22 278490                     /usr/lib/x86_64-linux-gnu/libstdc++.so.6.0.34
7fed7e4aa000-7fed7e602000 r-xp 000aa000 00:22 278490                     /usr/lib/x86_64-linux-gnu/libstdc++.so.6.0.34
7fed7e602000-7fed7e694000 r--p 00202000 00:22 278490                     /usr/lib/x86_64-linux-gnu/libstdc++.so.6.0.34
7fed7e694000-7fed7e6a3000 r--p 00294000 00:22 278490                     /usr/lib/x86_64-linux-gnu/libstdc++.so.6.0.34
7fed7e6a3000-7fed7e6a6000 rw-p 002a3000 00:22 278490                     /usr/lib/x86_64-linux-gnu/libstdc++.so.6.0.34
7fed7e6a6000-7fed7e6aa000 rw-p 00000000 00:00 0 
7fed7e6aa000-7fed7e6ac000 r--s 00000000 00:22 259351                     /usr/lib/fontconfig/cache/f458595079eccb276a92599de377ec67-le64.cache-9
7fed7e6ac000-7fed7e6ad000 rw-p 00000000 00:00 0 
7fed7e6ad000-7fed7e6ae000 rw-p 00000000 00:00 0 
7fed7e6ae000-7fed7e6af000 r--p 00000000 00:22 244327                     /usr/share/runtime/locale/pt/lib/pt_BR.utf8/LC_NUMERIC
7fed7e6af000-7fed7e6b0000 r--p 00000000 00:22 244362                     /usr/share/runtime/locale/pt/lib/pt_BR.utf8/LC_TIME
7fed7e6b0000-7fed7e6b1000 r--p 00000000 00:22 244324                     /usr/share/runtime/locale/pt/lib/pt_BR.utf8/LC_MONETARY
7fed7e6b1000-7fed7e6b2000 r--p 00000000 00:22 244444                     /usr/share/runtime/locale/pt/lib/pt_BR.utf8/LC_MESSAGES/SYS_LC_MESSAGES
7fed7e6b2000-7fed7e6b3000 r--p 00000000 00:22 244325                     /usr/share/runtime/locale/pt/lib/pt_BR.utf8/LC_PAPER
7fed7e6b3000-7fed7e6b4000 r--p 00000000 00:22 244397                     /usr/share/runtime/locale/pt/lib/pt_BR.utf8/LC_NAME
7fed7e6b4000-7fed7e6b5000 r--p 00000000 00:22 244335                     /usr/share/runtime/locale/pt/lib/pt_BR.utf8/LC_ADDRESS
7fed7e6b5000-7fed7e6b6000 r--p 00000000 00:22 244413                     /usr/share/runtime/locale/pt/lib/pt_BR.utf8/LC_TELEPHONE
7fed7e6b6000-7fed7e6b7000 r--p 00000000 00:22 244381                     /usr/share/runtime/locale/pt/lib/pt_BR.utf8/LC_MEASUREMENT
7fed7e6b7000-7fed7e6be000 r--s 00000000 00:22 251572                     /usr/lib/x86_64-linux-gnu/gconv/gconv-modules.cache
7fed7e6be000-7fed7e701000 rw-p 00000000 00:00 0 
7fed7e701000-7fed7e713000 r--p 00000000 00:22 270736                     /usr/lib/x86_64-linux-gnu/libm.so.6
7fed7e713000-7fed7e79c000 r-xp 00012000 00:22 270736                     /usr/lib/x86_64-linux-gnu/libm.so.6
7fed7e79c000-7fed7e7fe000 r--p 0009b000 00:22 270736                     /usr/lib/x86_64-linux-gnu/libm.so.6
7fed7e7fe000-7fed7e7ff000 r--p 000fc000 00:22 270736                     /usr/lib/x86_64-linux-gnu/libm.so.6
7fed7e7ff000-7fed7e800000 rw-p 000fd000 00:22 270736                     /usr/lib/x86_64-linux-gnu/libm.so.6
7fed7e800000-7fed7eaaa000 r--p 00000000 00:22 621019                     /app/jre/lib/server/libjvm.so
7fed7eaaa000-7fed7fa75000 r-xp 002aa000 00:22 621019                     /app/jre/lib/server/libjvm.so
7fed7fa75000-7fed7fdef000 r--p 01275000 00:22 621019                     /app/jre/lib/server/libjvm.so
7fed7fdef000-7fed7fec5000 r--p 015ef000 00:22 621019                     /app/jre/lib/server/libjvm.so
7fed7fec5000-7fed7fef5000 rw-p 016c5000 00:22 621019                     /app/jre/lib/server/libjvm.so
7fed7fef5000-7fed7ff5b000 rw-p 00000000 00:00 0 
7fed7ff5b000-7fed7ff5c000 r--p 00000000 00:22 244407                     /usr/share/runtime/locale/pt/lib/pt_BR.utf8/LC_IDENTIFICATION
7fed7ff5c000-7fed7ffa2000 rw-p 00000000 00:00 0 
7fed7ffa2000-7fed7ffa9000 ---p 00000000 00:00 0 
7fed7ffa9000-7fed7ffb7000 r--p 00000000 00:22 621651                     /app/jre/lib/libjava.so
7fed7ffb7000-7fed7ffc7000 r-xp 0000e000 00:22 621651                     /app/jre/lib/libjava.so
7fed7ffc7000-7fed7ffcc000 r--p 0001e000 00:22 621651                     /app/jre/lib/libjava.so
7fed7ffcc000-7fed7ffcd000 r--p 00023000 00:22 621651                     /app/jre/lib/libjava.so
7fed7ffcd000-7fed7ffce000 rw-p 00024000 00:22 621651                     /app/jre/lib/libjava.so
7fed7ffce000-7fed7ffcf000 rw-p 00000000 00:00 0 
7fed7ffcf000-7fed7ffd7000 rw-s 00000000 00:4c 1214                       /tmp/hsperfdata_jalapc/18
7fed7ffd7000-7fed7ffdb000 r--p 00000000 00:22 261077                     /usr/lib/x86_64-linux-gnu/libgcc_s.so.1
7fed7ffdb000-7fed7fffe000 r-xp 00004000 00:22 261077                     /usr/lib/x86_64-linux-gnu/libgcc_s.so.1
7fed7fffe000-7fed80002000 r--p 00027000 00:22 261077                     /usr/lib/x86_64-linux-gnu/libgcc_s.so.1
7fed80002000-7fed80003000 r--p 0002a000 00:22 261077                     /usr/lib/x86_64-linux-gnu/libgcc_s.so.1
7fed80003000-7fed80004000 rw-p 0002b000 00:22 261077                     /usr/lib/x86_64-linux-gnu/libgcc_s.so.1
7fed80004000-7fed80007000 rw-p 00000000 00:00 0 
7fed80007000-7fed8000a000 r--p 00000000 00:22 259380                     /usr/lib/x86_64-linux-gnu/libz.so.1.3.1
7fed8000a000-7fed80019000 r-xp 00003000 00:22 259380                     /usr/lib/x86_64-linux-gnu/libz.so.1.3.1
7fed80019000-7fed8001f000 r--p 00012000 00:22 259380                     /usr/lib/x86_64-linux-gnu/libz.so.1.3.1
7fed8001f000-7fed80020000 r--p 00018000 00:22 259380                     /usr/lib/x86_64-linux-gnu/libz.so.1.3.1
7fed80020000-7fed80021000 rw-p 00019000 00:22 259380                     /usr/lib/x86_64-linux-gnu/libz.so.1.3.1
7fed80021000-7fed80049000 r--p 00000000 00:22 1567423                    /usr/lib/x86_64-linux-gnu/libc.so.6
7fed80049000-7fed801be000 r-xp 00028000 00:22 1567423                    /usr/lib/x86_64-linux-gnu/libc.so.6
7fed801be000-7fed8020d000 r--p 0019d000 00:22 1567423                    /usr/lib/x86_64-linux-gnu/libc.so.6
7fed8020d000-7fed80211000 r--p 001eb000 00:22 1567423                    /usr/lib/x86_64-linux-gnu/libc.so.6
7fed80211000-7fed80213000 rw-p 001ef000 00:22 1567423                    /usr/lib/x86_64-linux-gnu/libc.so.6
7fed80213000-7fed80220000 rw-p 00000000 00:00 0 
7fed80220000-7fed80221000 ---p 00000000 00:00 0 
7fed80221000-7fed80222000 r--p 00000000 00:00 0 
7fed80222000-7fed80223000 ---p 00000000 00:00 0 
7fed80223000-7fed80225000 r--p 00000000 00:22 620939                     /app/jre/lib/libjimage.so
7fed80225000-7fed80228000 r-xp 00002000 00:22 620939                     /app/jre/lib/libjimage.so
7fed80228000-7fed80229000 r--p 00005000 00:22 620939                     /app/jre/lib/libjimage.so
7fed80229000-7fed8022a000 r--p 00006000 00:22 620939                     /app/jre/lib/libjimage.so
7fed8022a000-7fed8022b000 rw-p 00007000 00:22 620939                     /app/jre/lib/libjimage.so
7fed8022b000-7fed8022e000 r--p 00000000 00:22 621634                     /app/jre/lib/libjli.so
7fed8022e000-7fed80239000 r-xp 00003000 00:22 621634                     /app/jre/lib/libjli.so
7fed80239000-7fed8023c000 r--p 0000e000 00:22 621634                     /app/jre/lib/libjli.so
7fed8023c000-7fed8023d000 r--p 00011000 00:22 621634                     /app/jre/lib/libjli.so
7fed8023d000-7fed8023e000 rw-p 00012000 00:22 621634                     /app/jre/lib/libjli.so
7fed8023e000-7fed80240000 rw-p 00000000 00:00 0 
7fed80240000-7fed80244000 r--p 00000000 00:00 0                          [vvar]
7fed80244000-7fed80246000 r--p 00000000 00:00 0                          [vvar_vclock]
7fed80246000-7fed80248000 r-xp 00000000 00:00 0                          [vdso]
7fed80248000-7fed80249000 r--p 00000000 00:22 1567191                    /usr/lib/x86_64-linux-gnu/ld-linux-x86-64.so.2
7fed80249000-7fed80273000 r-xp 00001000 00:22 1567191                    /usr/lib/x86_64-linux-gnu/ld-linux-x86-64.so.2
7fed80273000-7fed8027e000 r--p 0002b000 00:22 1567191                    /usr/lib/x86_64-linux-gnu/ld-linux-x86-64.so.2
7fed8027e000-7fed80280000 r--p 00036000 00:22 1567191                    /usr/lib/x86_64-linux-gnu/ld-linux-x86-64.so.2
7fed80280000-7fed80281000 rw-p 00038000 00:22 1567191                    /usr/lib/x86_64-linux-gnu/ld-linux-x86-64.so.2
7fed80281000-7fed80282000 rw-p 00000000 00:00 0 
7ffd2aa25000-7ffd2aa47000 rw-p 00000000 00:00 0                          [stack]
ffffffffff600000-ffffffffff601000 --xp 00000000 00:00 0                  [vsyscall]
Total number of mappings: 932

JVMTI agents: none


VM Arguments:
jvm_args: -XX:+IgnoreUnrecognizedVMOptions -Dosgi.requiredJavaVersion=21 -Dfile.encoding=UTF-8 --add-modules=ALL-DEFAULT --add-opens=java.base/java.io=ALL-UNNAMED --add-opens=java.base/java.lang=ALL-UNNAMED --add-opens=java.base/java.lang.reflect=ALL-UNNAMED --add-opens=java.base/java.net=ALL-UNNAMED --add-opens=java.base/java.nio=ALL-UNNAMED --add-opens=java.base/java.nio.charset=ALL-UNNAMED --add-opens=java.base/java.text=ALL-UNNAMED --add-opens=java.base/java.time=ALL-UNNAMED --add-opens=java.base/java.util=ALL-UNNAMED --add-opens=java.base/java.util.concurrent=ALL-UNNAMED --add-opens=java.base/java.util.concurrent.atomic=ALL-UNNAMED --add-opens=java.base/jdk.internal.vm=ALL-UNNAMED --add-opens=java.base/jdk.internal.misc=ALL-UNNAMED --add-opens=java.base/sun.nio.ch=ALL-UNNAMED --add-opens=java.base/sun.nio.fs=ALL-UNNAMED --add-opens=java.base/sun.security.ssl=ALL-UNNAMED --add-opens=java.base/sun.security.action=ALL-UNNAMED --add-opens=java.base/sun.security.util=ALL-UNNAMED --add-opens=java.security.jgss/sun.security.jgss=ALL-UNNAMED --add-opens=java.security.jgss/sun.security.krb5=ALL-UNNAMED --add-opens=java.desktop/java.awt=ALL-UNNAMED --add-opens=java.desktop/java.awt.peer=ALL-UNNAMED --add-opens=java.sql/java.sql=ALL-UNNAMED -Xms64m -Xmx1024m 
java_command: /app/bin//plugins/org.eclipse.equinox.launcher_1.7.100.v20251111-0406.jar -os linux -ws gtk -arch x86_64 -showsplash -launcher /app/bin/dbeaver -name Dbeaver --launcher.library /app/bin//plugins/org.eclipse.equinox.launcher.gtk.linux.x86_64_1.2.1500.v20250801-0854/eclipse_11916.so -startup /app/bin//plugins/org.eclipse.equinox.launcher_1.7.100.v20251111-0406.jar --launcher.overrideVmargs -exitdata 98004 /home/jalapc/Downloads/uri2621/2621.sql -vm /app/jre/bin/java -vmargs -XX:+IgnoreUnrecognizedVMOptions -Dosgi.requiredJavaVersion=21 -Dfile.encoding=UTF-8 --add-modules=ALL-DEFAULT --add-opens=java.base/java.io=ALL-UNNAMED --add-opens=java.base/java.lang=ALL-UNNAMED --add-opens=java.base/java.lang.reflect=ALL-UNNAMED --add-opens=java.base/java.net=ALL-UNNAMED --add-opens=java.base/java.nio=ALL-UNNAMED --add-opens=java.base/java.nio.charset=ALL-UNNAMED --add-opens=java.base/java.text=ALL-UNNAMED --add-opens=java.base/java.time=ALL-UNNAMED --add-opens=java.base/java.util=ALL-UNNAMED --add-opens=java.base/java.util.concurrent=ALL-UNNAMED --add-opens=java.base/java.util.concurrent.atomic=ALL-UNNAMED --add-opens=java.base/jdk.internal.vm=ALL-UNNAMED --add-opens=java.base/jdk.internal.misc=ALL-UNNAMED --add-opens=java.base/sun.nio.ch=ALL-UNNAMED --add-opens=java.base/sun.nio.fs=ALL-UNNAMED --add-opens=java.base/sun.security.ssl=ALL-UNNAMED --add-opens=java.base/sun.security.action=ALL-UNNAMED --add-opens=java.base/sun.security.util=ALL-UNNAMED --add-opens=java.security.jgss/sun.security.jgss=ALL-UNNAMED --add-opens=java.security.jgss/sun.security.krb5=ALL-UNNAMED --add-opens=java.desktop/java.awt=ALL-UNNAMED --add-opens=java.desktop/java.awt.peer=ALL-UNNAMED --add-opens=java.sql/java.sql=ALL-UNNAMED -Xms64m -Xmx1024m -jar /app/bin//plugins/org.eclipse.equinox.launcher_1.7.100.v20251111-0406.jar
java_class_path (initial): /app/bin//plugins/org.eclipse.equinox.launcher_1.7.100.v20251111-0406.jar
Launcher Type: SUN_STANDARD

[Global flags]
     intx CICompilerCount                          = 4                                         {product} {ergonomic}
     uint ConcGCThreads                            = 3                                         {product} {ergonomic}
     uint G1ConcRefinementThreads                  = 10                                        {product} {ergonomic}
   size_t G1HeapRegionSize                         = 1048576                                   {product} {ergonomic}
    uintx GCDrainStackTargetSize                   = 64                                        {product} {ergonomic}
     bool IgnoreUnrecognizedVMOptions              = true                                      {product} {command line}
   size_t InitialHeapSize                          = 67108864                                  {product} {command line}
   size_t MarkStackSize                            = 4194304                                   {product} {ergonomic}
   size_t MaxHeapSize                              = 1073741824                                {product} {command line}
   size_t MaxNewSize                               = 643825664                                 {product} {ergonomic}
   size_t MinHeapDeltaBytes                        = 1048576                                   {product} {ergonomic}
   size_t MinHeapSize                              = 67108864                                  {product} {command line}
    uintx NonNMethodCodeHeapSize                   = 5839372                                {pd product} {ergonomic}
    uintx NonProfiledCodeHeapSize                  = 122909434                              {pd product} {ergonomic}
    uintx ProfiledCodeHeapSize                     = 122909434                              {pd product} {ergonomic}
    uintx ReservedCodeCacheSize                    = 251658240                              {pd product} {ergonomic}
     bool SegmentedCodeCache                       = true                                      {product} {ergonomic}
   size_t SoftMaxHeapSize                          = 1073741824                             {manageable} {ergonomic}
     bool UseCompressedOops                        = true                           {product lp64_product} {ergonomic}
     bool UseG1GC                                  = true                                      {product} {ergonomic}

Logging:
Log output configuration:
 #0: stdout all=warning uptime,level,tags foldmultilines=false
 #1: stderr all=off uptime,level,tags foldmultilines=false

Release file:
IMPLEMENTOR="Flathub"
IMPLEMENTOR_VERSION="25.08"
JAVA_RUNTIME_VERSION="21.0.9"
JAVA_VERSION="21.0.9"
JAVA_VERSION_DATE="2025-10-21"
LIBC="gnu"
MODULES="java.base java.compiler java.datatransfer java.xml java.prefs java.desktop java.instrument java.logging java.management java.security.sasl java.naming java.rmi java.management.rmi java.net.http java.scripting java.security.jgss java.transaction.xa java.sql java.sql.rowset java.xml.crypto java.se java.smartcardio jdk.accessibility jdk.internal.jvmstat jdk.attach jdk.charsets jdk.internal.opt jdk.zipfs jdk.compiler jdk.crypto.ec jdk.crypto.cryptoki jdk.dynalink jdk.internal.ed jdk.editpad jdk.hotspot.agent jdk.httpserver jdk.incubator.vector jdk.internal.le jdk.internal.vm.ci jdk.internal.vm.compiler jdk.internal.vm.compiler.management jdk.jartool jdk.javadoc jdk.jcmd jdk.management jdk.management.agent jdk.jconsole jdk.jdeps jdk.jdwp.agent jdk.jdi jdk.jfr jdk.jlink jdk.jpackage jdk.jshell jdk.jsobject jdk.jstatd jdk.localedata jdk.management.jfr jdk.naming.dns jdk.naming.rmi jdk.net jdk.nio.mapmode jdk.random jdk.sctp jdk.security.auth jdk.security.jgss jdk.unsupported jdk.unsupported.desktop jdk.xml.dom"
OS_ARCH="x86_64"
OS_NAME="Linux"
SOURCE=""

Environment Variables:
PATH=/app/clients/bin:/app/jre/bin:/usr/bin:/app/bin
XDG_CACHE_HOME=/home/jalapc/.var/app/io.dbeaver.DBeaverCommunity/cache
XDG_CONFIG_HOME=/home/jalapc/.var/app/io.dbeaver.DBeaverCommunity/config
LD_LIBRARY_PATH=
SHELL=/bin/sh
LANG=pt_BR.UTF-8
TERM=dumb

Active Locale:
LC_ALL=pt_BR.UTF-8
LC_COLLATE=pt_BR.UTF-8
LC_CTYPE=pt_BR.UTF-8
LC_MESSAGES=pt_BR.UTF-8
LC_MONETARY=pt_BR.UTF-8
LC_NUMERIC=pt_BR.UTF-8
LC_TIME=pt_BR.UTF-8

Signal Handlers:
   SIGSEGV: 0x00007fed7f95e200 in libjvm.so+18211328, mask=11100100010111111101111111111110, flags=SA_RESTART|SA_SIGINFO, unblocked
    SIGBUS: 0x00007fed7f95e200 in libjvm.so+18211328, mask=11100100010111111101111111111110, flags=SA_RESTART|SA_SIGINFO, unblocked
    SIGFPE: 0x00007fed7f95e200 in libjvm.so+18211328, mask=11100100010111111101111111111110, flags=SA_RESTART|SA_SIGINFO, unblocked
   SIGPIPE: SIG_IGN, mask=00000000000010000000000000000000, flags=SA_RESTART, blocked
  *** Handler was modified!
  *** Expected: 0x00007fed7f7b9570 in libjvm.so+16487792, mask=11100100110111111111111111111110, flags=SA_RESTART|SA_SIGINFO
   SIGXFSZ: 0x00007fed7f7b9570 in libjvm.so+16487792, mask=11100100010111111101111111111110, flags=SA_RESTART|SA_SIGINFO, blocked
    SIGILL: 0x00007fed7f95e200 in libjvm.so+18211328, mask=11100100010111111101111111111110, flags=SA_RESTART|SA_SIGINFO, unblocked
   SIGUSR2: 0x00007fed7f7bafe0 in libjvm.so+16494560, mask=00000000000000000000000000000000, flags=SA_RESTART|SA_SIGINFO, blocked
    SIGHUP: 0x00007fed7f7b87f0 in libjvm.so+16484336, mask=11100100010111111101111111111110, flags=SA_RESTART|SA_SIGINFO, blocked
    SIGINT: 0x00007fed7f7b87f0 in libjvm.so+16484336, mask=11100100010111111101111111111110, flags=SA_RESTART|SA_SIGINFO, blocked
   SIGTERM: 0x00007fed7f7b87f0 in libjvm.so+16484336, mask=11100100010111111101111111111110, flags=SA_RESTART|SA_SIGINFO, blocked
   SIGQUIT: 0x00007fed7f7b87f0 in libjvm.so+16484336, mask=11100100010111111101111111111110, flags=SA_RESTART|SA_SIGINFO, blocked
   SIGTRAP: 0x00007fed7f95e200 in libjvm.so+18211328, mask=11100100010111111101111111111110, flags=SA_RESTART|SA_SIGINFO, unblocked


Periodic native trim disabled

---------------  S Y S T E M  ---------------

OS:
NAME=GNOME
VERSION="49 (Flatpak runtime)"
VERSION_ID=49
ID=org.gnome.Platform
ID_LIKE=org.freedesktop.platform
PRETTY_NAME="GNOME 49 (Flatpak runtime)"
BUG_REPORT_URL="https://gitlab.gnome.org/GNOME/gnome-build-meta/-/issues/new"
HOME_URL="https://www.gnome.org/"
uname: Linux 6.18.7-200.fc43.x86_64 #1 SMP PREEMPT_DYNAMIC Fri Jan 23 16:42:34 UTC 2026 x86_64
OS uptime: 0 days 2:32 hours
libc: glibc 2.42 NPTL 2.42 
rlimit (soft/hard): STACK 8192k/infinity , CORE infinity/infinity , NPROC 127029/127029 , NOFILE 1048576/1048576 , AS infinity/infinity , CPU infinity/infinity , DATA infinity/infinity , FSIZE infinity/infinity , MEMLOCK 8192k/8192k
load average: 7,00 4,05 3,23

/proc/meminfo:
MemTotal:       32583024 kB
MemFree:         2520412 kB
MemAvailable:   17313732 kB
Buffers:            4160 kB
Cached:         17713728 kB
SwapCached:            0 kB
Active:         19929984 kB
Inactive:        6414244 kB
Active(anon):   11440544 kB
Inactive(anon):        0 kB
Active(file):    8489440 kB
Inactive(file):  6414244 kB
Unevictable:     2445632 kB
Mlocked:             408 kB
SwapTotal:       8388604 kB
SwapFree:        8388604 kB
Zswap:                 0 kB
Zswapped:              0 kB
Dirty:              7604 kB
Writeback:             0 kB
AnonPages:      11072392 kB
Mapped:          3409848 kB
Shmem:           3321208 kB
KReclaimable:     361460 kB
Slab:             726628 kB
SReclaimable:     361460 kB
SUnreclaim:       365168 kB
KernelStack:       45968 kB
PageTables:       154512 kB
SecPageTables:      2056 kB
NFS_Unstable:          0 kB
Bounce:                0 kB
WritebackTmp:          0 kB
CommitLimit:    24680116 kB
Committed_AS:   53366944 kB
VmallocTotal:   34359738367 kB
VmallocUsed:      130936 kB
VmallocChunk:          0 kB
Percpu:            12960 kB
HardwareCorrupted:     0 kB
AnonHugePages:         0 kB
ShmemHugePages:  2195456 kB
ShmemPmdMapped:        0 kB
FileHugePages:         0 kB
FilePmdMapped:         0 kB
CmaTotal:              0 kB
CmaFree:               0 kB
Unaccepted:            0 kB
Balloon:               0 kB
HugePages_Total:       0
HugePages_Free:        0
HugePages_Rsvd:        0
HugePages_Surp:        0
Hugepagesize:       2048 kB
Hugetlb:               0 kB
DirectMap4k:      350204 kB
DirectMap2M:     6721536 kB
DirectMap1G:    26214400 kB

/sys/kernel/mm/transparent_hugepage/enabled: <Not Available>
/sys/kernel/mm/transparent_hugepage/hpage_pmd_size: <Not Available>
/sys/kernel/mm/transparent_hugepage/defrag (defrag/compaction efforts parameter): <Not Available>

Process Memory:
Virtual Size: 8566104K (peak: 8573696K)
Resident Set Size: 422040K (peak: 422040K) (anon: 344736K, file: 62028K, shmem: 15276K)
Swapped out: 0K
C-Heap outstanding allocations: 84832K, retained: 80255K
glibc malloc tunables: (default)

/proc/sys/kernel/threads-max (system-wide limit on the number of threads): 254058
/proc/sys/vm/max_map_count (maximum number of memory map areas a process may have): 1048576
/proc/sys/vm/swappiness (control to define how aggressively the kernel swaps out anonymous memory): 60
/proc/sys/kernel/pid_max (system-wide limit on number of process identifiers): 4194304

container information not found.
Steal ticks since vm start: 0
Steal ticks percentage since vm start:  0,000

CPU: total 12 (initial active 12) (12 cores per cpu, 1 threads per core) family 6 model 154 stepping 4 microcode 0x437, cx8, cmov, fxsr, mmx, 3dnowpref, sse, sse2, sse3, ssse3, sse4.1, sse4.2, popcnt, lzcnt, tsc, tscinvbit, avx, avx2, aes, erms, clmul, bmi1, bmi2, adx, sha, fma, vzeroupper, clflush, clflushopt, clwb, serialize, rdtscp, rdpid, fsrm, f16c, pku, ospke, cet_ibt, cet_ss
CPU Model and flags from /proc/cpuinfo:
model name	: 12th Gen Intel(R) Core(TM) i5-1235U
flags		: fpu vme de pse tsc msr pae mce cx8 apic sep mtrr pge mca cmov pat pse36 clflush dts acpi mmx fxsr sse sse2 ss ht tm pbe syscall nx pdpe1gb rdtscp lm constant_tsc art arch_perfmon pebs bts rep_good nopl xtopology nonstop_tsc cpuid aperfmperf tsc_known_freq pni pclmulqdq dtes64 monitor ds_cpl vmx smx est tm2 ssse3 sdbg fma cx16 xtpr pdcm pcid sse4_1 sse4_2 x2apic movbe popcnt tsc_deadline_timer aes xsave avx f16c rdrand lahf_lm abm 3dnowprefetch cpuid_fault epb cat_l2 cdp_l2 ssbd ibrs ibpb stibp ibrs_enhanced tpr_shadow flexpriority ept vpid ept_ad fsgsbase tsc_adjust bmi1 avx2 smep bmi2 erms invpcid rdt_a rdseed adx smap clflushopt clwb intel_pt sha_ni xsaveopt xsavec xgetbv1 xsaves split_lock_detect user_shstk avx_vnni dtherm arat pln pts hwp hwp_notify hwp_act_window hwp_epp hwp_pkg_req hfi vnmi umip pku ospke waitpkg gfni vaes vpclmulqdq rdpid movdiri movdir64b fsrm md_clear serialize arch_lbr ibt flush_l1d arch_capabilities

Online cpus: 0-11
Offline cpus: 
BIOS frequency limitation: <Not Available>
Frequency switch latency (ns): 0
Available cpu frequencies: <Not Available>
Current governor: powersave
Core performance/turbo boost: <Not Available>

Memory: 4k page, physical 32583024k(17313732k free), swap 8388604k(8388604k free)
Page Sizes: 4k

vm_info: OpenJDK 64-Bit Server VM (21.0.9) for linux-amd64 JRE (21.0.9), built on 2011-11-11T11:11:11Z by "flatbld" with gcc 15.2.0

END.
