#
# A fatal error has been detected by the Java Runtime Environment:
#
#  SIGSEGV (0xb) at pc=0x00007fc2f9719743, pid=18, tid=19
#
# JRE version: OpenJDK Runtime Environment 25.08 (21.0.9) (build 21.0.9)
# Java VM: OpenJDK 64-Bit Server VM 25.08 (21.0.9, mixed mode, sharing, tiered, compressed oops, compressed class ptrs, g1 gc, linux-amd64)
# Problematic frame:
# C  [libgtk-3.so.0+0x519743]  gtk_widget_get_style_context+0x23
#
# Core dump will be written. Default location: Core dumps may be processed with "/usr/lib/systemd/systemd-coredump %P %u %g %s %t %c %h %d %F" (or dumping to /home/jalapc/Downloads/uri2611/core.18)
#
# If you would like to submit a bug report, please visit:
#   https://github.com/flathub/org.freedesktop.Sdk.Extension.openjdk21/issues
# The crash happened outside the Java Virtual Machine in native code.
# See problematic frame for where to report the bug.
#

---------------  S U M M A R Y ------------

Command Line: -XX:+IgnoreUnrecognizedVMOptions -Dosgi.requiredJavaVersion=21 -Dfile.encoding=UTF-8 --add-modules=ALL-DEFAULT --add-opens=java.base/java.io=ALL-UNNAMED --add-opens=java.base/java.lang=ALL-UNNAMED --add-opens=java.base/java.lang.reflect=ALL-UNNAMED --add-opens=java.base/java.net=ALL-UNNAMED --add-opens=java.base/java.nio=ALL-UNNAMED --add-opens=java.base/java.nio.charset=ALL-UNNAMED --add-opens=java.base/java.text=ALL-UNNAMED --add-opens=java.base/java.time=ALL-UNNAMED --add-opens=java.base/java.util=ALL-UNNAMED --add-opens=java.base/java.util.concurrent=ALL-UNNAMED --add-opens=java.base/java.util.concurrent.atomic=ALL-UNNAMED --add-opens=java.base/jdk.internal.vm=ALL-UNNAMED --add-opens=java.base/jdk.internal.misc=ALL-UNNAMED --add-opens=java.base/sun.nio.ch=ALL-UNNAMED --add-opens=java.base/sun.nio.fs=ALL-UNNAMED --add-opens=java.base/sun.security.ssl=ALL-UNNAMED --add-opens=java.base/sun.security.action=ALL-UNNAMED --add-opens=java.base/sun.security.util=ALL-UNNAMED --add-opens=java.security.jgss/sun.security.jgss=ALL-UNNAMED --add-opens=java.security.jgss/sun.security.krb5=ALL-UNNAMED --add-opens=java.desktop/java.awt=ALL-UNNAMED --add-opens=java.desktop/java.awt.peer=ALL-UNNAMED --add-opens=java.sql/java.sql=ALL-UNNAMED -Xms64m -Xmx1024m /app/bin//plugins/org.eclipse.equinox.launcher_1.7.100.v20251111-0406.jar -os linux -ws gtk -arch x86_64 -showsplash -launcher /app/bin/dbeaver -name Dbeaver --launcher.library /app/bin//plugins/org.eclipse.equinox.launcher.gtk.linux.x86_64_1.2.1500.v20250801-0854/eclipse_11916.so -startup /app/bin//plugins/org.eclipse.equinox.launcher_1.7.100.v20251111-0406.jar --launcher.overrideVmargs -exitdata 68038 /home/jalapc/Downloads/uri2611/2611.sql -vm /app/jre/bin/java -vmargs -XX:+IgnoreUnrecognizedVMOptions -Dosgi.requiredJavaVersion=21 -Dfile.encoding=UTF-8 --add-modules=ALL-DEFAULT --add-opens=java.base/java.io=ALL-UNNAMED --add-opens=java.base/java.lang=ALL-UNNAMED --add-opens=java.base/java.lang.reflect=ALL-UNNAMED --add-opens=java.base/java.net=ALL-UNNAMED --add-opens=java.base/java.nio=ALL-UNNAMED --add-opens=java.base/java.nio.charset=ALL-UNNAMED --add-opens=java.base/java.text=ALL-UNNAMED --add-opens=java.base/java.time=ALL-UNNAMED --add-opens=java.base/java.util=ALL-UNNAMED --add-opens=java.base/java.util.concurrent=ALL-UNNAMED --add-opens=java.base/java.util.concurrent.atomic=ALL-UNNAMED --add-opens=java.base/jdk.internal.vm=ALL-UNNAMED --add-opens=java.base/jdk.internal.misc=ALL-UNNAMED --add-opens=java.base/sun.nio.ch=ALL-UNNAMED --add-opens=java.base/sun.nio.fs=ALL-UNNAMED --add-opens=java.base/sun.security.ssl=ALL-UNNAMED --add-opens=java.base/sun.security.action=ALL-UNNAMED --add-opens=java.base/sun.security.util=ALL-UNNAMED --add-opens=java.security.jgss/sun.security.jgss=ALL-UNNAMED --add-opens=java.security.jgss/sun.security.krb5=ALL-UNNAMED --add-opens=java.desktop/java.awt=ALL-UNNAMED --add-opens=java.desktop/java.awt.peer=ALL-UNNAMED --add-opens=java.sql/java.sql=ALL-UNNAMED -Xms64m -Xmx1024m -jar /app/bin//plugins/org.eclipse.equinox.launcher_1.7.100.v20251111-0406.jar

Host: 12th Gen Intel(R) Core(TM) i5-1235U, 12 cores, 31G, GNOME 49 (Flatpak runtime)
Time: Mon Feb  2 08:31:30 2026 -03 elapsed time: 14.639929 seconds (0d 0h 0m 14s)

---------------  T H R E A D  ---------------

Current thread (0x00007fc36c01bf60):  JavaThread "main"             [_thread_in_native, id=19, stack(0x00007fc371900000,0x00007fc371a00000) (1024K)]

Stack: [0x00007fc371900000,0x00007fc371a00000],  sp=0x00007fc3719fda60,  free space=1014k
Native frames: (J=compiled Java code, j=interpreted, Vv=VM code, C=native code)
C  [libgtk-3.so.0+0x519743]  gtk_widget_get_style_context+0x23
C  [libswt-pi3-gtk-4971r15.so+0x49d18]  Java_org_eclipse_swt_internal_gtk_GTK_gtk_1widget_1get_1style_1context+0xc
j  org.eclipse.swt.widgets.Display.initializeSystemColors()V+27
J 9146 c1 org.eclipse.swt.widgets.Display.runSettings()Z (76 bytes) @ 0x00007fc355674674 [0x00007fc355674560+0x0000000000000114]
J 9122 c1 org.eclipse.swt.widgets.Display.readAndDispatch()Z (88 bytes) @ 0x00007fc355665c3c [0x00007fc355665ae0+0x000000000000015c]
j  org.eclipse.e4.ui.internal.workbench.swt.PartRenderingEngine$5.run()V+564
j  org.eclipse.core.databinding.observable.Realm.runWithDefault(Lorg/eclipse/core/databinding/observable/Realm;Ljava/lang/Runnable;)V+12
j  org.eclipse.e4.ui.internal.workbench.swt.PartRenderingEngine.run(Lorg/eclipse/e4/ui/model/application/MApplicationElement;Lorg/eclipse/e4/core/contexts/IEclipseContext;)Ljava/lang/Object;+57
j  org.eclipse.e4.ui.internal.workbench.E4Workbench.createAndRunUI(Lorg/eclipse/e4/ui/model/application/MApplicationElement;)V+20
j  org.eclipse.ui.internal.Workbench.lambda$3(Lorg/eclipse/swt/widgets/Display;Lorg/eclipse/ui/application/WorkbenchAdvisor;[I)V+334
j  org.eclipse.ui.internal.Workbench$$Lambda+0x00007fc2fc374e48.run()V+12
j  org.eclipse.core.databinding.observable.Realm.runWithDefault(Lorg/eclipse/core/databinding/observable/Realm;Ljava/lang/Runnable;)V+12
j  org.eclipse.ui.internal.Workbench.createAndRunWorkbench(Lorg/eclipse/swt/widgets/Display;Lorg/eclipse/ui/application/WorkbenchAdvisor;)I+16
j  org.eclipse.ui.PlatformUI.createAndRunWorkbench(Lorg/eclipse/swt/widgets/Display;Lorg/eclipse/ui/application/WorkbenchAdvisor;)I+2
j  org.jkiss.dbeaver.ui.app.standalone.DBeaverApplication.start(Lorg/eclipse/equinox/app/IApplicationContext;)Ljava/lang/Object;+669
j  org.eclipse.equinox.internal.app.EclipseAppHandle.run(Ljava/lang/Object;)Ljava/lang/Object;+138
j  org.eclipse.core.runtime.internal.adaptor.EclipseAppLauncher.runApplication(Ljava/lang/Object;)Ljava/lang/Object;+85
j  org.eclipse.core.runtime.internal.adaptor.EclipseAppLauncher.start(Ljava/lang/Object;)Ljava/lang/Object;+79
j  org.eclipse.core.runtime.adaptor.EclipseStarter.run(Ljava/lang/Object;)Ljava/lang/Object;+99
j  org.eclipse.core.runtime.adaptor.EclipseStarter.run([Ljava/lang/String;Ljava/lang/Runnable;)Ljava/lang/Object;+132
J 580 c1 java.lang.invoke.DirectMethodHandle$Holder.invokeStatic(Ljava/lang/Object;Ljava/lang/Object;Ljava/lang/Object;)Ljava/lang/Object; java.base@21.0.9 (15 bytes) @ 0x00007fc3544cb1ec [0x00007fc3544caee0+0x000000000000030c]
j  java.lang.invoke.LambdaForm$MH+0x00007fc2fc018800.invoke(Ljava/lang/Object;Ljava/lang/Object;Ljava/lang/Object;Ljava/lang/Object;)Ljava/lang/Object;+54 java.base@21.0.9
j  java.lang.invoke.LambdaForm$MH+0x00007fc2fc018c00.invokeExact_MT(Ljava/lang/Object;Ljava/lang/Object;Ljava/lang/Object;Ljava/lang/Object;Ljava/lang/Object;)Ljava/lang/Object;+22 java.base@21.0.9
j  jdk.internal.reflect.DirectMethodHandleAccessor.invokeImpl(Ljava/lang/Object;[Ljava/lang/Object;)Ljava/lang/Object;+72 java.base@21.0.9
j  jdk.internal.reflect.DirectMethodHandleAccessor.invoke(Ljava/lang/Object;[Ljava/lang/Object;)Ljava/lang/Object;+23 java.base@21.0.9
j  java.lang.reflect.Method.invoke(Ljava/lang/Object;[Ljava/lang/Object;)Ljava/lang/Object;+102 java.base@21.0.9
j  org.eclipse.equinox.launcher.Main.invokeFramework([Ljava/lang/String;[Ljava/net/URL;)V+155
j  org.eclipse.equinox.launcher.Main.basicRun([Ljava/lang/String;)V+191
j  org.eclipse.equinox.launcher.Main.run([Ljava/lang/String;)I+4
j  org.eclipse.equinox.launcher.Main.main([Ljava/lang/String;)V+10
v  ~StubRoutines::call_stub 0x00007fc35b937cc6
V  [libjvm.so+0x9f7db3]
V  [libjvm.so+0xaa8722]
V  [libjvm.so+0xaab413]
C  [libjli.so+0x69dd]
C  [libjli.so+0x994d]
C  [libc.so.6+0x9a56a]
Java frames: (J=compiled Java code, j=interpreted, Vv=VM code)
J 7654  org.eclipse.swt.internal.gtk.GTK.gtk_widget_get_style_context(J)J (0 bytes) @ 0x00007fc35c393d79 [0x00007fc35c393d20+0x0000000000000059]
j  org.eclipse.swt.widgets.Display.initializeSystemColors()V+27
J 9146 c1 org.eclipse.swt.widgets.Display.runSettings()Z (76 bytes) @ 0x00007fc355674674 [0x00007fc355674560+0x0000000000000114]
J 9122 c1 org.eclipse.swt.widgets.Display.readAndDispatch()Z (88 bytes) @ 0x00007fc355665c3c [0x00007fc355665ae0+0x000000000000015c]
j  org.eclipse.e4.ui.internal.workbench.swt.PartRenderingEngine$5.run()V+564
j  org.eclipse.core.databinding.observable.Realm.runWithDefault(Lorg/eclipse/core/databinding/observable/Realm;Ljava/lang/Runnable;)V+12
j  org.eclipse.e4.ui.internal.workbench.swt.PartRenderingEngine.run(Lorg/eclipse/e4/ui/model/application/MApplicationElement;Lorg/eclipse/e4/core/contexts/IEclipseContext;)Ljava/lang/Object;+57
j  org.eclipse.e4.ui.internal.workbench.E4Workbench.createAndRunUI(Lorg/eclipse/e4/ui/model/application/MApplicationElement;)V+20
j  org.eclipse.ui.internal.Workbench.lambda$3(Lorg/eclipse/swt/widgets/Display;Lorg/eclipse/ui/application/WorkbenchAdvisor;[I)V+334
j  org.eclipse.ui.internal.Workbench$$Lambda+0x00007fc2fc374e48.run()V+12
j  org.eclipse.core.databinding.observable.Realm.runWithDefault(Lorg/eclipse/core/databinding/observable/Realm;Ljava/lang/Runnable;)V+12
j  org.eclipse.ui.internal.Workbench.createAndRunWorkbench(Lorg/eclipse/swt/widgets/Display;Lorg/eclipse/ui/application/WorkbenchAdvisor;)I+16
j  org.eclipse.ui.PlatformUI.createAndRunWorkbench(Lorg/eclipse/swt/widgets/Display;Lorg/eclipse/ui/application/WorkbenchAdvisor;)I+2
j  org.jkiss.dbeaver.ui.app.standalone.DBeaverApplication.start(Lorg/eclipse/equinox/app/IApplicationContext;)Ljava/lang/Object;+669
j  org.eclipse.equinox.internal.app.EclipseAppHandle.run(Ljava/lang/Object;)Ljava/lang/Object;+138
j  org.eclipse.core.runtime.internal.adaptor.EclipseAppLauncher.runApplication(Ljava/lang/Object;)Ljava/lang/Object;+85
j  org.eclipse.core.runtime.internal.adaptor.EclipseAppLauncher.start(Ljava/lang/Object;)Ljava/lang/Object;+79
j  org.eclipse.core.runtime.adaptor.EclipseStarter.run(Ljava/lang/Object;)Ljava/lang/Object;+99
j  org.eclipse.core.runtime.adaptor.EclipseStarter.run([Ljava/lang/String;Ljava/lang/Runnable;)Ljava/lang/Object;+132
J 580 c1 java.lang.invoke.DirectMethodHandle$Holder.invokeStatic(Ljava/lang/Object;Ljava/lang/Object;Ljava/lang/Object;)Ljava/lang/Object; java.base@21.0.9 (15 bytes) @ 0x00007fc3544cb1ec [0x00007fc3544caee0+0x000000000000030c]
j  java.lang.invoke.LambdaForm$MH+0x00007fc2fc018800.invoke(Ljava/lang/Object;Ljava/lang/Object;Ljava/lang/Object;Ljava/lang/Object;)Ljava/lang/Object;+54 java.base@21.0.9
j  java.lang.invoke.LambdaForm$MH+0x00007fc2fc018c00.invokeExact_MT(Ljava/lang/Object;Ljava/lang/Object;Ljava/lang/Object;Ljava/lang/Object;Ljava/lang/Object;)Ljava/lang/Object;+22 java.base@21.0.9
j  jdk.internal.reflect.DirectMethodHandleAccessor.invokeImpl(Ljava/lang/Object;[Ljava/lang/Object;)Ljava/lang/Object;+72 java.base@21.0.9
j  jdk.internal.reflect.DirectMethodHandleAccessor.invoke(Ljava/lang/Object;[Ljava/lang/Object;)Ljava/lang/Object;+23 java.base@21.0.9
j  java.lang.reflect.Method.invoke(Ljava/lang/Object;[Ljava/lang/Object;)Ljava/lang/Object;+102 java.base@21.0.9
j  org.eclipse.equinox.launcher.Main.invokeFramework([Ljava/lang/String;[Ljava/net/URL;)V+155
j  org.eclipse.equinox.launcher.Main.basicRun([Ljava/lang/String;)V+191
j  org.eclipse.equinox.launcher.Main.run([Ljava/lang/String;)I+4
j  org.eclipse.equinox.launcher.Main.main([Ljava/lang/String;)V+10
v  ~StubRoutines::call_stub 0x00007fc35b937cc6

siginfo: si_signo: 11 (SIGSEGV), si_code: 128 (SI_KERNEL), si_addr: 0x0000000000000000

Registers:
RAX=0x0100030b0000000b, RBX=0x00007fc36c1916e0, RCX=0x00007fc2f1208000, RDX=0x0000000000000000
RSP=0x00007fc3719fda60, RBP=0x00007fc3719fda70, RSI=0x00007fc36c23b8f0, RDI=0x00007fc36c1916e0
R8 =0x00007fc3709ff97b, R9 =0x00000000c17e47c0, R10=0x00007fc35c393d79, R11=0x00007fc35c393d40
R12=0x0000000000000000, R13=0x00007fc3719fdae8, R14=0x00007fc3719fdac0, R15=0x00007fc36c01bf60
RIP=0x00007fc2f9719743, EFLAGS=0x0000000000010202, CSGSFS=0x002b000000000033, ERR=0x0000000000000000
  TRAPNO=0x000000000000000d

XMM[0]=0xc44a88d8c44a8910 0xc44a8948c17e47f0
XMM[1]=0x0000000000000000 0x00007fc36c01bf60
XMM[2]=0x0000000000000000 0x00007fc2f0f65154
XMM[3]=0x0000000000000000 0x0000000000000000
XMM[4]=0x0000000000000000 0x0000000000000000
XMM[5]=0x0000000000000000 0x0000000000000000
XMM[6]=0x0000000000000000 0x0000000000000000
XMM[7]=0x0000000000000000 0x0000000000000000
XMM[8]=0x0003f40000078000 0x0003da0000073f00
XMM[9]=0x0003d90000000100 0x0002e20000000000
XMM[10]=0x0007800000073f00 0x0007800000000000
XMM[11]=0x00073f0000000000 0x0000000000016d00
XMM[12]=0x0000000000000000 0x0000000000000000
XMM[13]=0x0035000a000a000a 0x000e000300030003
XMM[14]=0x0000000000000000 0x3fe2b91dea88421e
XMM[15]=0x0000000000000000 0x0000000000000000
  MXCSR=0x00001fa2


Register to memory mapping:

RAX=0x0100030b0000000b is an unknown value
RBX=0x00007fc36c1916e0 points into unknown readable memory: 0x0100030b0000000b | 0b 00 00 00 0b 03 00 01
RCX=0x00007fc2f1208000 is pointing into metadata
RDX=0x0 is null
RSP=0x00007fc3719fda60 is pointing into the stack for thread: 0x00007fc36c01bf60
RBP=0x00007fc3719fda70 is pointing into the stack for thread: 0x00007fc36c01bf60
RSI=0x00007fc36c23b8f0 points into unknown readable memory: 0x0000000000000000 | 00 00 00 00 00 00 00 00
RDI=0x00007fc36c1916e0 points into unknown readable memory: 0x0100030b0000000b | 0b 00 00 00 0b 03 00 01
R8 =0x00007fc3709ff97b points into unknown readable memory: 02 02 02 02 02
R9 =0x00000000c17e47c0 is an oop: java.lang.String 
{0x00000000c17e47c0} - klass: 'java/lang/String'
 - string: "white"
 - ---- fields (total size 3 words):
 - private 'hash' 'I' @12  113101865 (0x06bdcc29)
 - private final 'coder' 'B' @16  0 (0x00)
 - private 'hashIsZero' 'Z' @17  false (0x00)
 - injected 'flags' 'B' @18  0 (0x00)
 - private final 'value' '[B' @20  [B{0x00000000c17e47d8} (0xc17e47d8)
R10=0x00007fc35c393d79 is at entry_point+89 in (nmethod*)0x00007fc35c393b90
Compiled method (n/a) 14645 7654     n 0       org.eclipse.swt.internal.gtk.GTK::gtk_widget_get_style_context (native)
 total in heap  [0x00007fc35c393b90,0x00007fc35c393f08] = 888
 relocation     [0x00007fc35c393ce8,0x00007fc35c393d20] = 56
 main code      [0x00007fc35c393d20,0x00007fc35c393efb] = 475
 stub code      [0x00007fc35c393efb,0x00007fc35c393f00] = 5
 oops           [0x00007fc35c393f00,0x00007fc35c393f08] = 8
R11=0x00007fc35c393d40 is at entry_point+32 in (nmethod*)0x00007fc35c393b90
Compiled method (n/a) 14645 7654     n 0       org.eclipse.swt.internal.gtk.GTK::gtk_widget_get_style_context (native)
 total in heap  [0x00007fc35c393b90,0x00007fc35c393f08] = 888
 relocation     [0x00007fc35c393ce8,0x00007fc35c393d20] = 56
 main code      [0x00007fc35c393d20,0x00007fc35c393efb] = 475
 stub code      [0x00007fc35c393efb,0x00007fc35c393f00] = 5
 oops           [0x00007fc35c393f00,0x00007fc35c393f08] = 8
R12=0x0 is null
R13=0x00007fc3719fdae8 is pointing into the stack for thread: 0x00007fc36c01bf60
R14=0x00007fc3719fdac0 is pointing into the stack for thread: 0x00007fc36c01bf60
R15=0x00007fc36c01bf60 is a thread

Top of Stack: (sp=0x00007fc3719fda60)
0x00007fc3719fda60:   00007fc2f12592c0 0000000000000000
0x00007fc3719fda70:   00007fc3719fdad0 00007fc2f8365d18
0x00007fc3719fda80:   00007fc35b93f2a8 00007fc35c393dea
0x00007fc3719fda90:   0000000000000001 00007fc3719fda98
0x00007fc3719fdaa0:   00007fc2f0f5b6df 0000000000000002
0x00007fc3719fdab0:   00007fc2f1208000 0000000000000000
0x00007fc3719fdac0:   00000000c439edf8 00007fc2f0f5b708
0x00007fc3719fdad0:   00007fc3719fdb40 00007fc35b93f25e
0x00007fc3719fdae0:   00007fc35b93f25e 00007fc36c1916e0
0x00007fc3719fdaf0:   0000000000000000 00007fc3719fdaf8
0x00007fc3719fdb00:   00007fc2f0f5995b 0000000000000004
0x00007fc3719fdb10:   00007fc2f1208000 00007fc2f3485d30
0x00007fc3719fdb20:   00000000c43abf40 00007fc2f0f599e0
0x00007fc3719fdb30:   00007fc3719fdae8 00007fc3719fdb70
0x00007fc3719fdb40:   00007fc3719fdcb8 00007fc355674674
0x00007fc3719fdb50:   0000000000000000 0000000000000000
0x00007fc3719fdb60:   00000000c43ac148 00007fc355674674
0x00007fc3719fdb70:   0000000000000000 00007fc3719fdb90
0x00007fc3719fdb80:   00007fc3719fdbe8 00007fc35b93f180
0x00007fc3719fdb90:   00000000c43ac148 00000000c48ce918
0x00007fc3719fdba0:   00007fc3719fdba0 00007fc2f1000679
0x00007fc3719fdbb0:   00000000c43ac148 00007fc2f1a2d0c0
0x00007fc3719fdbc0:   0000000000000000 00000000c4268550
0x00007fc3719fdbd0:   00000000c43ac148 00000000c43c9278
0x00007fc3719fdbe0:   00007fc3719fdcb8 00007fc355665c3c
0x00007fc3719fdbf0:   00007fc2f2d2aa20 00007fc3556732ab
0x00007fc3719fdc00:   00007fc2fc4141f8 0000000000000001
0x00007fc3719fdc10:   00007fc2f2068965 0000000000000003
0x00007fc3719fdc20:   00007fc2f2068ae8 0000000000000000
0x00007fc3719fdc30:   00000000c43ac148 00000000c2282ca8
0x00007fc3719fdc40:   0000000100000000 00007fc3719fdc60
0x00007fc3719fdc50:   00007fc3719fdcb8 00007fc35b93f2a8 

Instructions: (pc=0x00007fc2f9719743)
0x00007fc2f9719643:   0b 00 48 89 df 48 89 c6 e8 50 7a ff ff 48 8d 65
0x00007fc2f9719653:   d8 48 89 df 48 8d 35 f9 d6 0d 00 5b 41 5c 41 5d
0x00007fc2f9719663:   41 5e 41 5f 5d e9 23 d1 ff ff 0f 1f 00 f3 0f 1e
0x00007fc2f9719673:   fa 55 48 89 e5 53 48 83 ec 08 48 85 ff 74 2e 48
0x00007fc2f9719683:   89 fb e8 f6 06 ff ff 48 39 03 74 0f 48 89 c6 48
0x00007fc2f9719693:   89 df e8 e6 19 d1 ff 85 c0 74 12 48 8b 83 20 03
0x00007fc2f97196a3:   00 00 48 8b 5d f8 48 8b 40 18 c9 c3 90 48 8d 15
0x00007fc2f97196b3:   91 6f 10 00 48 8d 35 b2 b7 14 00 48 8d 3d a9 19
0x00007fc2f97196c3:   0c 00 e8 d6 b2 d0 ff 48 8b 5d f8 31 c0 c9 c3 0f
0x00007fc2f97196d3:   1f 00 66 66 2e 0f 1f 84 00 00 00 00 00 f3 0f 1e
0x00007fc2f97196e3:   fa 8b 35 c2 bb 22 00 31 d2 31 c0 e9 cd d5 d0 ff
0x00007fc2f97196f3:   66 90 66 66 2e 0f 1f 84 00 00 00 00 00 f3 0f 1e
0x00007fc2f9719703:   fa 48 8b 47 18 48 8b 40 40 c3 0f 1f 00 f3 0f 1e
0x00007fc2f9719713:   fa 48 8b 47 18 48 8b 40 48 c3 0f 1f 00 f3 0f 1e
0x00007fc2f9719723:   fa 55 48 89 e5 41 54 53 48 85 ff 74 40 48 89 fb
0x00007fc2f9719733:   e8 48 06 ff ff 48 89 c6 48 8b 03 48 85 c0 74 05
0x00007fc2f9719743:   48 39 30 74 0c 48 89 df e8 80 06 d1 ff 85 c0 74
0x00007fc2f9719753:   1c 4c 8b 63 18 49 8b 44 24 48 48 85 c0 74 36 5b
0x00007fc2f9719763:   41 5c 5d c3 66 0f 1f 84 00 00 00 00 00 48 8d 15
0x00007fc2f9719773:   ce 7e 0c 00 48 8d 35 d2 b6 14 00 48 8d 3d e9 18
0x00007fc2f9719783:   0c 00 e8 16 b2 d0 ff 5b 31 c0 41 5c 5d c3 0f 1f
0x00007fc2f9719793:   80 00 00 00 00 49 8b 7c 24 40 e8 ae 50 f4 ff 49
0x00007fc2f97197a3:   8b 74 24 28 49 89 44 24 48 48 89 c7 e8 bc 5d f4
0x00007fc2f97197b3:   ff 41 0f b7 34 24 49 8b 7c 24 48 81 e6 ff 1f 00
0x00007fc2f97197c3:   00 e8 97 5e f4 ff 48 89 df e8 5f 4f ff ff 49 8b
0x00007fc2f97197d3:   7c 24 48 89 c6 e8 c3 5f f4 ff 48 89 df e8 2b 4b
0x00007fc2f97197e3:   ff ff 48 85 c0 74 0d 49 8b 7c 24 48 48 89 c6 e8
0x00007fc2f97197f3:   19 6f f4 ff 48 89 df e8 a1 0e ff ff 48 85 c0 74
0x00007fc2f9719803:   0d 49 8b 7c 24 48 48 89 c6 e8 ef 70 f4 ff 49 8b
0x00007fc2f9719813:   bc 24 d0 00 00 00 48 85 ff 74 17 48 8b 47 18 48
0x00007fc2f9719823:   8b 70 48 48 85 f6 74 1d 49 8b 7c 24 48 e8 1b 63
0x00007fc2f9719833:   f4 ff 48 8b 43 18 5b 41 5c 5d 48 8b 40 48 c3 66 


Stack slot to memory mapping:

stack at sp + 0 slots: {method} {0x00007fc2f12592c0} 'gtk_widget_get_style_context' '(J)J' in 'org/eclipse/swt/internal/gtk/GTK'
stack at sp + 1 slots: 0x0 is null
stack at sp + 2 slots: 0x00007fc3719fdad0 is pointing into the stack for thread: 0x00007fc36c01bf60
stack at sp + 3 slots: 0x00007fc2f8365d18: Java_org_eclipse_swt_internal_gtk_GTK_gtk_1widget_1get_1style_1context+0x000000000000000c in /home/jalapc/.eclipse/487352054_linux_gtk_x86_64/configuration/org.eclipse.osgi/153/0/.cp/libswt-pi3-gtk-4971r15.so at 0x00007fc2f831c000
stack at sp + 4 slots: 0x00007fc35b93f2a8 is at code_begin+1480 in an Interpreter codelet
return entry points  [0x00007fc35b93ece0, 0x00007fc35b93f880]  2976 bytes
stack at sp + 5 slots: 0x00007fc35c393dea is at entry_point+202 in (nmethod*)0x00007fc35c393b90
Compiled method (n/a) 14653 7654     n 0       org.eclipse.swt.internal.gtk.GTK::gtk_widget_get_style_context (native)
 total in heap  [0x00007fc35c393b90,0x00007fc35c393f08] = 888
 relocation     [0x00007fc35c393ce8,0x00007fc35c393d20] = 56
 main code      [0x00007fc35c393d20,0x00007fc35c393efb] = 475
 stub code      [0x00007fc35c393efb,0x00007fc35c393f00] = 5
 oops           [0x00007fc35c393f00,0x00007fc35c393f08] = 8
stack at sp + 6 slots: 0x0000000000000001 is an unknown value
stack at sp + 7 slots: 0x00007fc3719fda98 is pointing into the stack for thread: 0x00007fc36c01bf60


Compiled method (c1) 14654 9146       3       org.eclipse.swt.widgets.Display::runSettings (76 bytes)
 total in heap  [0x00007fc355674310,0x00007fc355675170] = 3680
 relocation     [0x00007fc355674468,0x00007fc355674560] = 248
 main code      [0x00007fc355674560,0x00007fc355674e68] = 2312
 stub code      [0x00007fc355674e68,0x00007fc355674f28] = 192
 oops           [0x00007fc355674f28,0x00007fc355674f30] = 8
 metadata       [0x00007fc355674f30,0x00007fc355674f58] = 40
 scopes data    [0x00007fc355674f58,0x00007fc355675030] = 216
 scopes pcs     [0x00007fc355675030,0x00007fc355675150] = 288
 dependencies   [0x00007fc355675150,0x00007fc355675158] = 8
 nul chk table  [0x00007fc355675158,0x00007fc355675170] = 24

[Constant Pool (empty)]

[MachCode]
[Entry Point]
  # {method} {0x00007fc2f0f5fc70} 'runSettings' '()Z' in 'org/eclipse/swt/widgets/Display'
  #           [sp+0x80]  (sp of caller)
  0x00007fc355674560: 448b 5608 | 49bb 0000 | 00fb c27f | 0000 4d03 | d34c 3bd0 

  0x00007fc355674574: ;   {runtime_call ic_miss_stub}
  0x00007fc355674574: 0f85 060b | 3106 660f | 1f44 0000 
[Verified Entry Point]
  0x00007fc355674580: 8984 2400 | c0fe ff55 | 4883 ec70 | 4181 7f20 | 0800 0000 

  0x00007fc355674594: ;   {runtime_call StubRoutines (final stubs)}
  0x00007fc355674594: 7405 e8e5 

  0x00007fc355674598: ;   {metadata(method data for {method} {0x00007fc2f0f5fc70} 'runSettings' '()Z' in 'org/eclipse/swt/widgets/Display')}
  0x00007fc355674598: 6e2f 0648 | bf10 4648 | f3c2 7f00 | 008b 9ff4 | 0000 0083 | c302 899f | f400 0000 | 81e3 fe07 
  0x00007fc3556745b8: 0000 85db | 0f84 c207 | 0000 0fbe | be5c 0200 

  0x00007fc3556745c8: ;   {metadata(method data for {method} {0x00007fc2f0f5fc70} 'runSettings' '()Z' in 'org/eclipse/swt/widgets/Display')}
  0x00007fc3556745c8: 0085 ff48 | bf10 4648 | f3c2 7f00 | 0048 c7c3 | 4801 0000 | 7407 48c7 | c338 0100 | 0048 8b04 
  0x00007fc3556745e8: 1f48 8d40 | 0148 8904 | 1f0f 8475 | 0700 00c6 | 865c 0200 | 0000 488b 

  0x00007fc355674600: ;   {metadata(method data for {method} {0x00007fc2f0f5fc70} 'runSettings' '()Z' in 'org/eclipse/swt/widgets/Display')}
  0x00007fc355674600: fe48 bb10 | 4648 f3c2 

  0x00007fc355674608: ;   {metadata('org/eclipse/swt/widgets/Display')}
  0x00007fc355674608: 7f00 0049 | ba60 691c | fcc2 7f00 | 004c 8993 | 6801 0000 | 4883 8370 | 0100 0001 | 488b fe48 
  0x00007fc355674628: 8bf7 4889 

  0x00007fc35567462c: ;   {optimized virtual_call}
  0x00007fc35567462c: 7c24 40e8 

  0x00007fc355674630: ; ImmutableOopMap {[64]=Oop }
                      ;*invokevirtual saveResources {reexecute=0 rethrow=0 return_oop=0}
                      ; - org.eclipse.swt.widgets.Display::runSettings@15 (line 5161)
  0x00007fc355674630: 3908 0000 

  0x00007fc355674634: ;   {other}
  0x00007fc355674634: 0f1f 8400 | 2403 0000 | 488b 7424 

  0x00007fc355674640: ;   {metadata(method data for {method} {0x00007fc2f0f5fc70} 'runSettings' '()Z' in 'org/eclipse/swt/widgets/Display')}
  0x00007fc355674640: 4048 bf10 | 4648 f3c2 

  0x00007fc355674648: ;   {metadata('org/eclipse/swt/widgets/Display')}
  0x00007fc355674648: 7f00 0049 | ba60 691c | fcc2 7f00 | 004c 8997 | a001 0000 | 4883 87a8 | 0100 0001 | 488b 7424 
  0x00007fc355674668: 4066 0f1f 

  0x00007fc35567466c: ;   {optimized virtual_call}
  0x00007fc35567466c: 4400 00e8 

  0x00007fc355674670: ; ImmutableOopMap {[64]=Oop }
                      ;*invokevirtual initializeSystemColors {reexecute=0 rethrow=0 return_oop=0}
                      ; - org.eclipse.swt.widgets.Display::runSettings@19 (line 5162)
  0x00007fc355674670: 0908 0000 

  0x00007fc355674674: ;   {other}
  0x00007fc355674674: 0f1f 8400 | 6403 0001 | 488b 7424 

  0x00007fc355674680: ;   {metadata(method data for {method} {0x00007fc2f0f5fc70} 'runSettings' '()Z' in 'org/eclipse/swt/widgets/Display')}
  0x00007fc355674680: 4048 ba10 | 4648 f3c2 

  0x00007fc355674688: ;   {metadata('org/eclipse/swt/widgets/Display')}
  0x00007fc355674688: 7f00 0049 | ba60 691c | fcc2 7f00 | 004c 8992 | d801 0000 | 4883 82e0 | 0100 0001 | ba27 0000 
  0x00007fc3556746a8: ;   {oop(nullptr)}
  0x00007fc3556746a8: 0048 b900 | 0000 0000 | 0000 0048 | 8b74 2440 | 0f1f 8000 

  0x00007fc3556746bc: ;   {optimized virtual_call}
  0x00007fc3556746bc: 0000 00e8 

  0x00007fc3556746c0: ; ImmutableOopMap {[64]=Oop }
                      ;*invokevirtual sendEvent {reexecute=0 rethrow=0 return_oop=0}
                      ; - org.eclipse.swt.widgets.Display::runSettings@26 (line 5163)
  0x00007fc3556746c0: bc0c 3106 

  0x00007fc3556746c4: ;   {other}
  0x00007fc3556746c4: 0f1f 8400 | b403 0002 | 488b 7424 

  0x00007fc3556746d0: ;   {metadata(method data for {method} {0x00007fc2f0f5fc70} 'runSettings' '()Z' in 'org/eclipse/swt/widgets/Display')}
  0x00007fc3556746d0: 4048 bf10 | 4648 f3c2 

  0x00007fc3556746d8: ;   {metadata('org/eclipse/swt/widgets/Display')}
  0x00007fc3556746d8: 7f00 0049 | ba60 691c | fcc2 7f00 | 004c 8997 | 1002 0000 | 4883 8718 | 0200 0001 | 488b 7424 
  0x00007fc3556746f8: 4066 0f1f 

  0x00007fc3556746fc: ;   {optimized virtual_call}
  0x00007fc3556746fc: 4400 00e8 

  0x00007fc355674700: ; ImmutableOopMap {}
                      ;*invokevirtual getShells {reexecute=0 rethrow=0 return_oop=0}
                      ; - org.eclipse.swt.widgets.Display::runSettings@30 (line 5164)
  0x00007fc355674700: 7c0c 3106 

  0x00007fc355674704: ;   {other}
  0x00007fc355674704: 0f1f 8400 | f403 0003 | 4889 4424 

  0x00007fc355674710: ;   {metadata(method data for {method} {0x00007fc2f0f5fc70} 'runSettings' '()Z' in 'org/eclipse/swt/widgets/Display')}
  0x00007fc355674710: 5848 be10 | 4648 f3c2 | 7f00 00ff | 8638 0200 | 00bf 0000 | 0000 6690 

  0x00007fc355674728: ; implicit exception: dispatches to 0x00007fc355674da5
  0x00007fc355674728: 8b70 0c3b | febb 0200 | 0000 7c05 | bb00 0000 

  0x00007fc355674738: ;   {metadata(method data for {method} {0x00007fc2f0f5fc70} 'runSettings' '()Z' in 'org/eclipse/swt/widgets/Display')}
  0x00007fc355674738: 0048 ba10 | 4648 f3c2 | 7f00 008b | 8af8 0000 | 0003 cb89 | 8af8 0000 | 0085 db75 | 05b9 0200 
  0x00007fc355674758: 0000 81e1 | fe3f 0000 | 85c9 0f84 | 4206 0000 | 4d8b 9750 

  0x00007fc35567476c: ; ImmutableOopMap {rax=Oop [88]=Oop }
                      ;*if_icmplt {reexecute=1 rethrow=0 return_oop=0}
                      ; - (reexecute) org.eclipse.swt.widgets.Display::runSettings@71 (line 5165)
                      ;   {poll}
  0x00007fc35567476c: 0400 0041 | 8502 3bfe 

  0x00007fc355674774: ;   {metadata(method data for {method} {0x00007fc2f0f5fc70} 'runSettings' '()Z' in 'org/eclipse/swt/widgets/Display')}
  0x00007fc355674774: 48be 1046 | 48f3 c27f | 0000 48c7 | c360 0300 | 007d 0748 | c7c3 5003 | 0000 488b | 141e 488d 
  0x00007fc355674794: 5201 4889 | 141e 0f8d | b405 0000 | 4863 f78b | 5cb0 1048 | 895c 2448 

  0x00007fc3556747ac: ; implicit exception: dispatches to 0x00007fc355674dcb
  0x00007fc3556747ac: 483b 0348 

  0x00007fc3556747b0: ;   {metadata(method data for {method} {0x00007fc2f0f5fc70} 'runSettings' '()Z' in 'org/eclipse/swt/widgets/Display')}
  0x00007fc3556747b0: 8bf3 48ba | 1046 48f3 | c27f 0000 | 8b76 0849 | ba00 0000 | fbc2 7f00 | 0049 03f2 | 483b b260 
  0x00007fc3556747d0: 0200 0075 | 0d48 8382 | 6802 0000 | 01e9 6000 | 0000 483b | b270 0200 | 0075 0d48 | 8382 7802 
  0x00007fc3556747f0: 0000 01e9 | 4a00 0000 | 4883 ba60 | 0200 0000 | 7517 4889 | b260 0200 | 0048 c782 | 6802 0000 
  0x00007fc355674810: 0100 0000 | e929 0000 | 0048 83ba | 7002 0000 | 0075 1748 | 89b2 7002 | 0000 48c7 | 8278 0200 
  0x00007fc355674830: 0001 0000 | 00e9 0800 | 0000 4883 | 8250 0200 

  0x00007fc355674840: ;   {metadata(method data for {method} {0x00007fc2f0e79bb0} 'isDisposed' '()Z' in 'org/eclipse/swt/widgets/Widget')}
  0x00007fc355674840: 0001 48be | a09d 48f2 | c27f 0000 | 8b96 f400 | 0000 83c2 | 0289 96f4 | 0000 0081 | e2fe ff1f 
  0x00007fc355674860: 0085 d20f | 8467 0500 | 008b 7318 | 83e6 0185 

  0x00007fc355674870: ;   {metadata(method data for {method} {0x00007fc2f0e79bb0} 'isDisposed' '()Z' in 'org/eclipse/swt/widgets/Widget')}
  0x00007fc355674870: f648 bea0 | 9d48 f2c2 | 7f00 0048 | c7c2 3801 | 0000 7407 | 48c7 c248 | 0100 0048 | 8b0c 1648 
  0x00007fc355674890: 8d49 0148 | 890c 160f | 840a 0000 | 00be 0100 | 0000 e905 | 0000 00be | 0000 0000 

  0x00007fc3556748ac: ;   {metadata(method data for {method} {0x00007fc2f0f5fc70} 'runSettings' '()Z' in 'org/eclipse/swt/widgets/Display')}
  0x00007fc3556748ac: 85f6 48be | 1046 48f3 | c27f 0000 | 48c7 c288 | 0200 0075 | 0748 c7c2 | 9802 0000 | 488b 0c16 
  0x00007fc3556748cc: 488d 4901 | 4889 0c16 | 897c 2450 | 0f85 6604 | 0000 488b 

  0x00007fc3556748e0: ;   {metadata(method data for {method} {0x00007fc2f0f5fc70} 'runSettings' '()Z' in 'org/eclipse/swt/widgets/Display')}
  0x00007fc3556748e0: f348 ba10 | 4648 f3c2 | 7f00 008b | 7608 49ba | 0000 00fb | c27f 0000 | 4903 f248 | 3bb2 b802 
  0x00007fc355674900: 0000 750d | 4883 82c0 | 0200 0001 | e960 0000 | 0048 3bb2 | c802 0000 | 750d 4883 | 82d0 0200 
  0x00007fc355674920: 0001 e94a | 0000 0048 | 83ba b802 | 0000 0075 | 1748 89b2 | b802 0000 | 48c7 82c0 | 0200 0001 
  0x00007fc355674940: 0000 00e9 | 2900 0000 | 4883 bac8 | 0200 0000 | 7517 4889 | b2c8 0200 | 0048 c782 | d002 0000 
  0x00007fc355674960: 0100 0000 | e908 0000 | 0048 8382 | a802 0000 | 0148 8bf3 

  0x00007fc355674974: ;   {optimized virtual_call}
  0x00007fc355674974: 6666 90e8 

  0x00007fc355674978: ; ImmutableOopMap {[72]=Oop [88]=Oop }
                      ;*invokevirtual fixStyle {reexecute=0 rethrow=0 return_oop=0}
                      ; - org.eclipse.swt.widgets.Display::runSettings@51 (line 5168)
  0x00007fc355674978: 040a 3106 

  0x00007fc35567497c: ;   {other}
  0x00007fc35567497c: 0f1f 8400 | 6c06 0005 | 488b 5c24 

  0x00007fc355674988: ;   {metadata(method data for {method} {0x00007fc2f0f5fc70} 'runSettings' '()Z' in 'org/eclipse/swt/widgets/Display')}
  0x00007fc355674988: 4848 ba10 | 4648 f3c2 | 7f00 008b | 5b08 49ba | 0000 00fb | c27f 0000 | 4903 da48 | 3b9a f002 
  0x00007fc3556749a8: 0000 750d | 4883 82f8 | 0200 0001 | e960 0000 | 0048 3b9a | 0003 0000 | 750d 4883 | 8208 0300 
  0x00007fc3556749c8: 0001 e94a | 0000 0048 | 83ba f002 | 0000 0075 | 1748 899a | f002 0000 | 48c7 82f8 | 0200 0001 
  0x00007fc3556749e8: 0000 00e9 | 2900 0000 | 4883 ba00 | 0300 0000 | 7517 4889 | 9a00 0300 | 0048 c782 | 0803 0000 
  0x00007fc355674a08: 0100 0000 | e908 0000 | 0048 8382 | e002 0000 | 01ba 0100 | 0000 488b | 7424 480f 

  0x00007fc355674a24: ;   {optimized virtual_call}
  0x00007fc355674a24: 1f40 00e8 

  0x00007fc355674a28: ; ImmutableOopMap {[72]=Oop [88]=Oop }
                      ;*invokevirtual redraw {reexecute=0 rethrow=0 return_oop=0}
                      ; - org.eclipse.swt.widgets.Display::runSettings@56 (line 5169)
  0x00007fc355674a28: 5409 3106 

  0x00007fc355674a2c: ;   {other}
  0x00007fc355674a2c: 0f1f 8400 | 1c07 0006 | 488b 5c24 

  0x00007fc355674a38: ;   {metadata(method data for {method} {0x00007fc2f0f5fc70} 'runSettings' '()Z' in 'org/eclipse/swt/widgets/Display')}
  0x00007fc355674a38: 4848 be10 | 4648 f3c2 | 7f00 008b | 5b08 49ba | 0000 00fb | c27f 0000 | 4903 da48 | 3b9e 2803 
  0x00007fc355674a58: 0000 750d | 4883 8630 | 0300 0001 | e960 0000 | 0048 3b9e | 3803 0000 | 750d 4883 | 8640 0300 
  0x00007fc355674a78: 0001 e94a | 0000 0048 | 83be 2803 | 0000 0075 | 1748 899e | 2803 0000 | 48c7 8630 | 0300 0001 
  0x00007fc355674a98: 0000 00e9 | 2900 0000 | 4883 be38 | 0300 0000 | 7517 4889 | 9e38 0300 | 0048 c786 | 4003 0000 
  0x00007fc355674ab8: 0100 0000 | e908 0000 | 0048 8386 | 1803 0000 

  0x00007fc355674ac8: ;   {metadata(method data for {method} {0x00007fc2f0e9e130} 'layout' '(ZZ)V' in 'org/eclipse/swt/widgets/Composite')}
  0x00007fc355674ac8: 0148 be80 | 6748 f3c2 | 7f00 008b | bef4 0000 | 0083 c702 | 89be f400 | 0000 81e7 | feff 1f00 
  0x00007fc355674ae8: 85ff 0f84 | 0103 0000 | 488b 5c24 

  0x00007fc355674af4: ;   {metadata(method data for {method} {0x00007fc2f0e9e130} 'layout' '(ZZ)V' in 'org/eclipse/swt/widgets/Composite')}
  0x00007fc355674af4: 4848 be80 | 6748 f3c2 | 7f00 008b | 5b08 49ba | 0000 00fb | c27f 0000 | 4903 da48 | 3b9e 4801 
  0x00007fc355674b14: 0000 750d | 4883 8650 | 0100 0001 | e960 0000 | 0048 3b9e | 5801 0000 | 750d 4883 | 8660 0100 
  0x00007fc355674b34: 0001 e94a | 0000 0048 | 83be 4801 | 0000 0075 | 1748 899e | 4801 0000 | 48c7 8650 | 0100 0001 
  0x00007fc355674b54: 0000 00e9 | 2900 0000 | 4883 be58 | 0100 0000 | 7517 4889 | 9e58 0100 | 0048 c786 | 6001 0000 
  0x00007fc355674b74: 0100 0000 | e908 0000 | 0048 8386 | 3801 0000 | 0148 8b74 | 2448 0f1f 

  0x00007fc355674b8c: ;   {optimized virtual_call}
  0x00007fc355674b8c: 4400 00e8 

  0x00007fc355674b90: ; ImmutableOopMap {[72]=Oop [88]=Oop }
                      ;*invokevirtual checkWidget {reexecute=0 rethrow=0 return_oop=0}
                      ; - org.eclipse.swt.widgets.Composite::layout@1 (line 1164)
                      ; - org.eclipse.swt.widgets.Display::runSettings@62 (line 5170)
  0x00007fc355674b90: ec07 3106 

  0x00007fc355674b94: ;   {other}
  0x00007fc355674b94: 0f1f 8400 | 8408 0007 | 488b 5c24 | 488b 9308 | 0100 0048 

  0x00007fc355674ba8: ;   {metadata(method data for {method} {0x00007fc2f0e9e130} 'layout' '(ZZ)V' in 'org/eclipse/swt/widgets/Composite')}
  0x00007fc355674ba8: 85d2 48ba | 8067 48f3 | c27f 0000 | 48c7 c170 | 0100 0075 | 0748 c7c1 | 8001 0000 | 488b 340a 
  0x00007fc355674bc8: 488d 7601 | 4889 340a | 0f85 1000 

  0x00007fc355674bd4: ;   {metadata(method data for {method} {0x00007fc2f0e9e130} 'layout' '(ZZ)V' in 'org/eclipse/swt/widgets/Composite')}
  0x00007fc355674bd4: 0000 48ba | 8067 48f3 | c27f 0000 | ff82 9001 | 0000 488b 

  0x00007fc355674be8: ;   {metadata(method data for {method} {0x00007fc2f0e9e130} 'layout' '(ZZ)V' in 'org/eclipse/swt/widgets/Composite')}
  0x00007fc355674be8: d348 b980 | 6748 f3c2 | 7f00 008b | 5208 49ba | 0000 00fb | c27f 0000 | 4903 d248 | 3b91 c001 
  0x00007fc355674c08: 0000 750d | 4883 81c8 | 0100 0001 | e960 0000 | 0048 3b91 | d001 0000 | 750d 4883 | 81d8 0100 
  0x00007fc355674c28: 0001 e94a | 0000 0048 | 83b9 c001 | 0000 0075 | 1748 8991 | c001 0000 | 48c7 81c8 | 0100 0001 
  0x00007fc355674c48: 0000 00e9 | 2900 0000 | 4883 b9d0 | 0100 0000 | 7517 4889 | 91d0 0100 | 0048 c781 | d801 0000 
  0x00007fc355674c68: 0100 0000 | e908 0000 | 0048 8381 | b001 0000 | 01ba 0100 | 0000 b901 | 0000 0048 

  0x00007fc355674c84: ;   {optimized virtual_call}
  0x00007fc355674c84: 8bf3 90e8 

  0x00007fc355674c88: ; ImmutableOopMap {[72]=Oop [88]=Oop }
                      ;*invokevirtual markLayout {reexecute=0 rethrow=0 return_oop=0}
                      ; - org.eclipse.swt.widgets.Composite::layout@19 (line 1166)
                      ; - org.eclipse.swt.widgets.Display::runSettings@62 (line 5170)
  0x00007fc355674c88: f406 3106 

  0x00007fc355674c8c: ;   {other}
  0x00007fc355674c8c: 0f1f 8400 | 7c09 0008 | 488b 5c24 

  0x00007fc355674c98: ;   {metadata(method data for {method} {0x00007fc2f0e9e130} 'layout' '(ZZ)V' in 'org/eclipse/swt/widgets/Composite')}
  0x00007fc355674c98: 4848 ba80 | 6748 f3c2 | 7f00 008b | 5b08 49ba | 0000 00fb | c27f 0000 | 4903 da48 | 3b9a f801 
  0x00007fc355674cb8: 0000 750d | 4883 8200 | 0200 0001 | e960 0000 | 0048 3b9a | 0802 0000 | 750d 4883 | 8210 0200 
  0x00007fc355674cd8: 0001 e94a | 0000 0048 | 83ba f801 | 0000 0075 | 1748 899a | f801 0000 | 48c7 8200 | 0200 0001 
  0x00007fc355674cf8: 0000 00e9 | 2900 0000 | 4883 ba08 | 0200 0000 | 7517 4889 | 9a08 0200 | 0048 c782 | 1002 0000 
  0x00007fc355674d18: 0100 0000 | e908 0000 | 0048 8382 | e801 0000 | 01ba 0100 | 0000 488b | 7424 480f 

  0x00007fc355674d34: ;   {optimized virtual_call}
  0x00007fc355674d34: 1f40 00e8 

  0x00007fc355674d38: ; ImmutableOopMap {[88]=Oop }
                      ;*invokevirtual updateLayout {reexecute=0 rethrow=0 return_oop=0}
                      ; - org.eclipse.swt.widgets.Composite::layout@24 (line 1167)
                      ; - org.eclipse.swt.widgets.Display::runSettings@62 (line 5170)
  0x00007fc355674d38: 4406 3106 

  0x00007fc355674d3c: ;   {other}
  0x00007fc355674d3c: 0f1f 8400 | 2c0a 0009 | 8b7c 2450 | ffc7 488b | 4424 58e9 | d4f9 ffff | b801 0000 | 0048 83c4 
  0x00007fc355674d5c: ;   {poll_return}
  0x00007fc355674d5c: 705d 493b | a748 0400 | 000f 87a7 | 0000 00c3 | b800 0000 | 0048 83c4 

  0x00007fc355674d74: ;   {poll_return}
  0x00007fc355674d74: 705d 493b | a748 0400 | 000f 87a5 | 0000 00c3 

  0x00007fc355674d84: ;   {metadata({method} {0x00007fc2f0f5fc70} 'runSettings' '()Z' in 'org/eclipse/swt/widgets/Display')}
  0x00007fc355674d84: 49ba 70fc | f5f0 c27f | 0000 4c89 | 5424 0848 | c704 24ff 

  0x00007fc355674d98: ;   {runtime_call counter_overflow Runtime1 stub}
  0x00007fc355674d98: ffff ffe8 

  0x00007fc355674d9c: ; ImmutableOopMap {rsi=Oop }
                      ;*synchronization entry
                      ; - org.eclipse.swt.widgets.Display::runSettings@-1 (line 5159)
  0x00007fc355674d9c: e054 3d06 | e91d f8ff 

  0x00007fc355674da4: ;   {runtime_call throw_null_pointer_exception Runtime1 stub}
  0x00007fc355674da4: ffe8 56ef 

  0x00007fc355674da8: ; ImmutableOopMap {rax=Oop [88]=Oop }
                      ;*arraylength {reexecute=0 rethrow=0 return_oop=0}
                      ; - org.eclipse.swt.widgets.Display::runSettings@70 (line 5165)
                      ;   {metadata({method} {0x00007fc2f0f5fc70} 'runSettings' '()Z' in 'org/eclipse/swt/widgets/Display')}
  0x00007fc355674da8: 3c06 49ba | 70fc f5f0 | c27f 0000 | 4c89 5424 | 0848 c704 | 2447 0000 

  0x00007fc355674dc0: ;   {runtime_call counter_overflow Runtime1 stub}
  0x00007fc355674dc0: 00e8 ba54 

  0x00007fc355674dc4: ; ImmutableOopMap {rax=Oop [88]=Oop }
                      ;*if_icmplt {reexecute=1 rethrow=0 return_oop=0}
                      ; - (reexecute) org.eclipse.swt.widgets.Display::runSettings@71 (line 5165)
  0x00007fc355674dc4: 3d06 e99d 

  0x00007fc355674dc8: ;   {runtime_call throw_null_pointer_exception Runtime1 stub}
  0x00007fc355674dc8: f9ff ffe8 

  0x00007fc355674dcc: ; ImmutableOopMap {rax=Oop rbx=Oop [72]=Oop [88]=Oop }
                      ;*invokevirtual isDisposed {reexecute=0 rethrow=0 return_oop=0}
                      ; - org.eclipse.swt.widgets.Display::runSettings@44 (line 5167)
  0x00007fc355674dcc: 30ef 3c06 

  0x00007fc355674dd0: ;   {metadata({method} {0x00007fc2f0e79bb0} 'isDisposed' '()Z' in 'org/eclipse/swt/widgets/Widget')}
  0x00007fc355674dd0: 49ba b09b | e7f0 c27f | 0000 4c89 | 5424 0848 | c704 24ff 

  0x00007fc355674de4: ;   {runtime_call counter_overflow Runtime1 stub}
  0x00007fc355674de4: ffff ffe8 

  0x00007fc355674de8: ; ImmutableOopMap {rax=Oop rbx=Oop [72]=Oop [88]=Oop }
                      ;*synchronization entry
                      ; - org.eclipse.swt.widgets.Widget::isDisposed@-1 (line 1282)
                      ; - org.eclipse.swt.widgets.Display::runSettings@44 (line 5167)
  0x00007fc355674de8: 9454 3d06 | e978 faff 

  0x00007fc355674df0: ;   {metadata({method} {0x00007fc2f0e9e130} 'layout' '(ZZ)V' in 'org/eclipse/swt/widgets/Composite')}
  0x00007fc355674df0: ff49 ba30 | e1e9 f0c2 | 7f00 004c | 8954 2408 | 48c7 0424 | ffff ffff 

  0x00007fc355674e08: ;   {runtime_call counter_overflow Runtime1 stub}
  0x00007fc355674e08: e873 543d 

  0x00007fc355674e0c: ; ImmutableOopMap {[72]=Oop [88]=Oop }
                      ;*synchronization entry
                      ; - org.eclipse.swt.widgets.Composite::layout@-1 (line 1164)
                      ; - org.eclipse.swt.widgets.Display::runSettings@62 (line 5170)
  0x00007fc355674e0c: 06e9 defc 

  0x00007fc355674e10: ;   {internal_word}
  0x00007fc355674e10: ffff 49ba | 5e4d 6755 | c37f 0000 | 4d89 9760 

  0x00007fc355674e20: ;   {runtime_call SafepointBlob}
  0x00007fc355674e20: 0400 00e9 | d871 3106 

  0x00007fc355674e28: ;   {internal_word}
  0x00007fc355674e28: 49ba 764d | 6755 c37f | 0000 4d89 | 9760 0400 

  0x00007fc355674e38: ;   {runtime_call SafepointBlob}
  0x00007fc355674e38: 00e9 c271 | 3106 498b | 87f8 0400 | 0049 c787 | f804 0000 | 0000 0000 | 49c7 8700 | 0500 0000 
  0x00007fc355674e58: 0000 0048 | 83c4 705d 

  0x00007fc355674e60: ;   {runtime_call unwind_exception Runtime1 stub}
  0x00007fc355674e60: e99b df3c | 06f4 f4f4 
[Stub Code]
  0x00007fc355674e68: ;   {no_reloc}
  0x00007fc355674e68: 0f1f 4400 

  0x00007fc355674e6c: ;   {static_stub}
  0x00007fc355674e6c: 0048 bb90 | 1ef6 f0c2 

  0x00007fc355674e74: ;   {runtime_call I2C/C2I adapters}
  0x00007fc355674e74: 7f00 00e9 | e74e 3106 

  0x00007fc355674e7c: ;   {static_stub}
  0x00007fc355674e7c: 9048 bbe0 | 99f5 f0c2 

  0x00007fc355674e84: ;   {runtime_call I2C/C2I adapters}
  0x00007fc355674e84: 7f00 00e9 | d74e 3106 

  0x00007fc355674e8c: ;   {static_stub}
  0x00007fc355674e8c: 9048 bb00 | 0000 0000 

  0x00007fc355674e94: ;   {runtime_call nmethod}
  0x00007fc355674e94: 0000 00e9 | fbff ffff 

  0x00007fc355674e9c: ;   {static_stub}
  0x00007fc355674e9c: 9048 bb00 | 0000 0000 

  0x00007fc355674ea4: ;   {runtime_call nmethod}
  0x00007fc355674ea4: 0000 00e9 | fbff ffff 

  0x00007fc355674eac: ;   {static_stub}
  0x00007fc355674eac: 9048 bb00 | 0000 0000 

  0x00007fc355674eb4: ;   {runtime_call nmethod}
  0x00007fc355674eb4: 0000 00e9 | fbff ffff 

  0x00007fc355674ebc: ;   {static_stub}
  0x00007fc355674ebc: 9048 bb00 | 0000 0000 

  0x00007fc355674ec4: ;   {runtime_call nmethod}
  0x00007fc355674ec4: 0000 00e9 | fbff ffff 

  0x00007fc355674ecc: ;   {static_stub}
  0x00007fc355674ecc: 9048 bb00 | 0000 0000 

  0x00007fc355674ed4: ;   {runtime_call nmethod}
  0x00007fc355674ed4: 0000 00e9 | fbff ffff 

  0x00007fc355674edc: ;   {static_stub}
  0x00007fc355674edc: 9048 bb00 | 0000 0000 

  0x00007fc355674ee4: ;   {runtime_call nmethod}
  0x00007fc355674ee4: 0000 00e9 | fbff ffff 

  0x00007fc355674eec: ;   {static_stub}
  0x00007fc355674eec: 9048 bb00 | 0000 0000 

  0x00007fc355674ef4: ;   {runtime_call nmethod}
  0x00007fc355674ef4: 0000 00e9 | fbff ffff 
[Exception Handler]
  0x00007fc355674efc: ;   {runtime_call handle_exception_from_callee Runtime1 stub}
  0x00007fc355674efc: e8ff 143d 

  0x00007fc355674f00: ;   {external_word}
  0x00007fc355674f00: 0648 bfa2 | e107 73c3 | 7f00 0048 

  0x00007fc355674f0c: ;   {runtime_call}
  0x00007fc355674f0c: 83e4 f0e8 | 1c20 4a1d 

  0x00007fc355674f14: ;   {section_word}
  0x00007fc355674f14: f449 ba15 | 4f67 55c3 | 7f00 0041 

  0x00007fc355674f20: ;   {runtime_call DeoptimizationBlob}
  0x00007fc355674f20: 52e9 7a63 | 3106 f4f4 
[/MachCode]


Compiled method (c1) 14693 9122       3       org.eclipse.swt.widgets.Display::readAndDispatch (88 bytes)
 total in heap  [0x00007fc355665890,0x00007fc3556662b8] = 2600
 relocation     [0x00007fc3556659e8,0x00007fc355665ad8] = 240
 main code      [0x00007fc355665ae0,0x00007fc355666058] = 1400
 stub code      [0x00007fc355666058,0x00007fc355666118] = 192
 oops           [0x00007fc355666118,0x00007fc355666120] = 8
 metadata       [0x00007fc355666120,0x00007fc355666148] = 40
 scopes data    [0x00007fc355666148,0x00007fc3556661c0] = 120
 scopes pcs     [0x00007fc3556661c0,0x00007fc3556662a0] = 224
 dependencies   [0x00007fc3556662a0,0x00007fc3556662a8] = 8
 nul chk table  [0x00007fc3556662a8,0x00007fc3556662b8] = 16

[Constant Pool (empty)]

[MachCode]
[Entry Point]
  # {method} {0x00007fc2f0f5db18} 'readAndDispatch' '()Z' in 'org/eclipse/swt/widgets/Display'
  #           [sp+0x70]  (sp of caller)
  0x00007fc355665ae0: 448b 5608 | 49bb 0000 | 00fb c27f | 0000 4d03 | d34c 3bd0 

  0x00007fc355665af4: ;   {runtime_call ic_miss_stub}
  0x00007fc355665af4: 0f85 86f5 | 3106 660f | 1f44 0000 
[Verified Entry Point]
  0x00007fc355665b00: 8984 2400 | c0fe ff55 | 4883 ec60 | 4181 7f20 | 0800 0000 

  0x00007fc355665b14: ;   {runtime_call StubRoutines (final stubs)}
  0x00007fc355665b14: 7405 e865 

  0x00007fc355665b18: ;   {metadata(method data for {method} {0x00007fc2f0f5db18} 'readAndDispatch' '()Z' in 'org/eclipse/swt/widgets/Display')}
  0x00007fc355665b18: 5930 0648 | bf10 4248 | f3c2 7f00 | 008b 9ff4 | 0000 0083 | c302 899f | f400 0000 | 81e3 fe07 
  0x00007fc355665b38: 0000 85db | 0f84 6204 | 0000 488b 

  0x00007fc355665b44: ;   {metadata(method data for {method} {0x00007fc2f0f5db18} 'readAndDispatch' '()Z' in 'org/eclipse/swt/widgets/Display')}
  0x00007fc355665b44: fe48 bb10 | 4248 f3c2 

  0x00007fc355665b4c: ;   {metadata('org/eclipse/swt/widgets/Display')}
  0x00007fc355665b4c: 7f00 0049 | ba60 691c | fcc2 7f00 | 004c 8993 | 4801 0000 | 4883 8350 | 0100 0001 | 488b fe48 
  0x00007fc355665b6c: 8bf7 4889 | 7c24 400f 

  0x00007fc355665b74: ;   {optimized virtual_call}
  0x00007fc355665b74: 1f40 00e8 

  0x00007fc355665b78: ; ImmutableOopMap {[64]=Oop }
                      ;*invokevirtual checkDevice {reexecute=0 rethrow=0 return_oop=0}
                      ; - org.eclipse.swt.widgets.Display::readAndDispatch@1 (line 4532)
  0x00007fc355665b78: c4cb aaff 

  0x00007fc355665b7c: ;   {other}
  0x00007fc355665b7c: 0f1f 8400 | ec02 0000 | 488b 7424 

  0x00007fc355665b88: ;   {metadata(method data for {method} {0x00007fc2f0f5db18} 'readAndDispatch' '()Z' in 'org/eclipse/swt/widgets/Display')}
  0x00007fc355665b88: 4048 bf10 | 4248 f3c2 

  0x00007fc355665b90: ;   {metadata('org/eclipse/swt/widgets/Display')}
  0x00007fc355665b90: 7f00 0049 | ba60 691c | fcc2 7f00 | 004c 8997 | 8001 0000 | 4883 8788 | 0100 0001 | 488b 7424 
  0x00007fc355665bb0: 4066 0f1f 

  0x00007fc355665bb4: ;   {optimized virtual_call}
  0x00007fc355665bb4: 4400 00e8 

  0x00007fc355665bb8: ; ImmutableOopMap {[64]=Oop }
                      ;*invokevirtual runSkin {reexecute=0 rethrow=0 return_oop=0}
                      ; - org.eclipse.swt.widgets.Display::readAndDispatch@5 (line 4533)
  0x00007fc355665bb8: 0490 ecff 

  0x00007fc355665bbc: ;   {other}
  0x00007fc355665bbc: 0f1f 8400 | 2c03 0001 | 488b 7424 

  0x00007fc355665bc8: ;   {metadata(method data for {method} {0x00007fc2f0f5db18} 'readAndDispatch' '()Z' in 'org/eclipse/swt/widgets/Display')}
  0x00007fc355665bc8: 4048 bf10 | 4248 f3c2 

  0x00007fc355665bd0: ;   {metadata('org/eclipse/swt/widgets/Display')}
  0x00007fc355665bd0: 7f00 0049 | ba60 691c | fcc2 7f00 | 004c 8997 | b801 0000 | 4883 87c0 | 0100 0001 | 488b 7424 
  0x00007fc355665bf0: 4066 0f1f 

  0x00007fc355665bf4: ;   {optimized virtual_call}
  0x00007fc355665bf4: 4400 00e8 

  0x00007fc355665bf8: ; ImmutableOopMap {[64]=Oop }
                      ;*invokevirtual runDeferredLayouts {reexecute=0 rethrow=0 return_oop=0}
                      ; - org.eclipse.swt.widgets.Display::readAndDispatch@10 (line 4534)
  0x00007fc355665bf8: a4f4 ffff 

  0x00007fc355665bfc: ;   {other}
  0x00007fc355665bfc: 0f1f 8400 | 6c03 0002 | 488b 7424 

  0x00007fc355665c08: ;   {metadata(method data for {method} {0x00007fc2f0f5db18} 'readAndDispatch' '()Z' in 'org/eclipse/swt/widgets/Display')}
  0x00007fc355665c08: 4048 bf10 | 4248 f3c2 

  0x00007fc355665c10: ;   {metadata('org/eclipse/swt/widgets/Display')}
  0x00007fc355665c10: 7f00 0049 | ba60 691c | fcc2 7f00 | 004c 8997 | f001 0000 | 4883 87f8 | 0100 0001 | 488b 7424 
  0x00007fc355665c30: 4066 0f1f 

  0x00007fc355665c34: ;   {optimized virtual_call}
  0x00007fc355665c34: 4400 00e8 

  0x00007fc355665c38: ; ImmutableOopMap {[64]=Oop }
                      ;*invokevirtual runSettings {reexecute=0 rethrow=0 return_oop=0}
                      ; - org.eclipse.swt.widgets.Display::readAndDispatch@18 (line 4536)
  0x00007fc355665c38: 44e9 0000 

  0x00007fc355665c3c: ;   {other}
  0x00007fc355665c3c: 0f1f 8400 | ac03 0003 | 488b 7424 

  0x00007fc355665c48: ;   {metadata(method data for {method} {0x00007fc2f0f5db18} 'readAndDispatch' '()Z' in 'org/eclipse/swt/widgets/Display')}
  0x00007fc355665c48: 4048 bf10 | 4248 f3c2 

  0x00007fc355665c50: ;   {metadata('org/eclipse/swt/widgets/Display')}
  0x00007fc355665c50: 7f00 0049 | ba60 691c | fcc2 7f00 | 004c 8997 | 2802 0000 | 4883 8730 | 0200 0001 | 488b 7424 
  0x00007fc355665c70: 4089 4424 

  0x00007fc355665c74: ;   {optimized virtual_call}
  0x00007fc355665c74: 4866 90e8 

  0x00007fc355665c78: ; ImmutableOopMap {[64]=Oop }
                      ;*invokevirtual runPopups {reexecute=0 rethrow=0 return_oop=0}
                      ; - org.eclipse.swt.widgets.Display::readAndDispatch@25 (line 4537)
  0x00007fc355665c78: 44f7 0000 

  0x00007fc355665c7c: ;   {other}
  0x00007fc355665c7c: 0f1f 8400 | ec03 0004 | 8b74 2448 

  0x00007fc355665c88: ;   {metadata(method data for {method} {0x00007fc2f0f5db18} 'readAndDispatch' '()Z' in 'org/eclipse/swt/widgets/Display')}
  0x00007fc355665c88: 480b f048 | bf10 4248 | f3c2 7f00 | 00ff 8750 | 0200 0089 

  0x00007fc355665c9c: ;   {metadata(method data for {method} {0x00007fc2f0f5db18} 'readAndDispatch' '()Z' in 'org/eclipse/swt/widgets/Display')}
  0x00007fc355665c9c: 7424 4c48 | bf10 4248 | f3c2 7f00 | 0048 8387 | 9802 0000 | 0166 0f1f 

  0x00007fc355665cb4: ;   {static_call}
  0x00007fc355665cb4: 4400 00e8 

  0x00007fc355665cb8: ; ImmutableOopMap {[64]=Oop }
                      ;*invokestatic gtk_events_pending {reexecute=0 rethrow=0 return_oop=0}
                      ; - org.eclipse.swt.widgets.Display::readAndDispatch@48 (line 4542)
  0x00007fc355665cb8: 046d e106 

  0x00007fc355665cbc: ;   {other}
  0x00007fc355665cbc: 0f1f 8400 | 2c04 0005 | 0b44 244c 

  0x00007fc355665cc8: ;   {metadata(method data for {method} {0x00007fc2f0f5db18} 'readAndDispatch' '()Z' in 'org/eclipse/swt/widgets/Display')}
  0x00007fc355665cc8: 48be 1042 | 48f3 c27f | 0000 4883 | 86a8 0200 | 0001 be00 | 0000 0089 | 4424 500f 

  0x00007fc355665ce4: ;   {static_call}
  0x00007fc355665ce4: 1f40 00e8 

  0x00007fc355665ce8: ; ImmutableOopMap {[64]=Oop }
                      ;*invokestatic gtk_main_iteration_do {reexecute=0 rethrow=0 return_oop=0}
                      ; - org.eclipse.swt.widgets.Display::readAndDispatch@54 (line 4543)
  0x00007fc355665ce8: 5407 e106 

  0x00007fc355665cec: ;   {other}
  0x00007fc355665cec: 0f1f 8400 | 5c04 0006 | 8b44 2450 

  0x00007fc355665cf8: ;   {metadata(method data for {method} {0x00007fc2f0f5db18} 'readAndDispatch' '()Z' in 'org/eclipse/swt/widgets/Display')}
  0x00007fc355665cf8: 85c0 48ba | 1042 48f3 | c27f 0000 | 48c7 c6c8 | 0200 0075 | 0748 c7c6 | b802 0000 | 488b 3c32 
  0x00007fc355665d18: 488d 7f01 | 4889 3c32 | 488b 7424 | 400f 852a | 0200 0048 

  0x00007fc355665d2c: ;   {metadata(method data for {method} {0x00007fc2f0f5db18} 'readAndDispatch' '()Z' in 'org/eclipse/swt/widgets/Display')}
  0x00007fc355665d2c: 8bd6 48bf | 1042 48f3 | c27f 0000 | 8b52 0849 | ba00 0000 | fbc2 7f00 | 0049 03d2 | 483b 9720 
  0x00007fc355665d4c: 0300 0075 | 0d48 8387 | 2803 0000 | 01e9 6000 | 0000 483b | 9730 0300 | 0075 0d48 | 8387 3803 
  0x00007fc355665d6c: 0000 01e9 | 4a00 0000 | 4883 bf20 | 0300 0000 | 7517 4889 | 9720 0300 | 0048 c787 | 2803 0000 
  0x00007fc355665d8c: 0100 0000 | e929 0000 | 0048 83bf | 3003 0000 | 0075 1748 | 8997 3003 | 0000 48c7 | 8738 0300 
  0x00007fc355665dac: 0001 0000 | 00e9 0800 | 0000 4883 | 8710 0300 | 0001 0fbe | 5643 83e2 

  0x00007fc355665dc4: ;   {metadata(method data for {method} {0x00007fc2f0f5db18} 'readAndDispatch' '()Z' in 'org/eclipse/swt/widgets/Display')}
  0x00007fc355665dc4: 0185 d248 | ba10 4248 | f3c2 7f00 | 0048 c7c7 | 4803 0000 | 7507 48c7 | c758 0300 | 0048 8b1c 
  0x00007fc355665de4: 3a48 8d5b | 0148 891c | 3a0f 8532 | 0100 0048 

  0x00007fc355665df4: ;   {metadata(method data for {method} {0x00007fc2f0f5db18} 'readAndDispatch' '()Z' in 'org/eclipse/swt/widgets/Display')}
  0x00007fc355665df4: 8bd6 48bf | 1042 48f3 | c27f 0000 

  0x00007fc355665e00: ;   {metadata('org/eclipse/swt/widgets/Display')}
  0x00007fc355665e00: 49ba 6069 | 1cfc c27f | 0000 4c89 | 9778 0300 | 0048 8387 | 8003 0000 

  0x00007fc355665e18: ;   {metadata(method data for {method} {0x00007fc2f0f5f720} 'runAsyncMessages' '(Z)Z' in 'org/eclipse/swt/widgets/Display')}
  0x00007fc355665e18: 0148 ba40 | 3e47 f3c2 | 7f00 008b | baf4 0000 | 0083 c702 | 89ba f400 | 0000 81e7 | feff 1f00 
  0x00007fc355665e38: 85ff 0f84 | 8501 0000 | 8bb6 0003 | 0000 483b | 0648 8bd6 

  0x00007fc355665e4c: ;   {metadata(method data for {method} {0x00007fc2f0f5f720} 'runAsyncMessages' '(Z)Z' in 'org/eclipse/swt/widgets/Display')}
  0x00007fc355665e4c: 48bf 403e | 47f3 c27f | 0000 8b52 | 0849 ba00 | 0000 fbc2 | 7f00 0049 | 03d2 483b | 9748 0100 
  0x00007fc355665e6c: 0075 0d48 | 8387 5001 | 0000 01e9 | 6000 0000 | 483b 9758 | 0100 0075 | 0d48 8387 | 6001 0000 
  0x00007fc355665e8c: 01e9 4a00 | 0000 4883 | bf48 0100 | 0000 7517 | 4889 9748 | 0100 0048 | c787 5001 | 0000 0100 
  0x00007fc355665eac: 0000 e929 | 0000 0048 | 83bf 5801 | 0000 0075 | 1748 8997 | 5801 0000 | 48c7 8760 | 0100 0001 
  0x00007fc355665ecc: 0000 00e9 | 0800 0000 | 4883 8738 | 0100 0001 | ba00 0000 | 0066 0f1f 

  0x00007fc355665ee4: ;   {optimized virtual_call}
  0x00007fc355665ee4: 4400 00e8 

  0x00007fc355665ee8: ; ImmutableOopMap {}
                      ;*invokevirtual runAsyncMessages {reexecute=0 rethrow=0 return_oop=0}
                      ; - org.eclipse.swt.widgets.Display::runAsyncMessages@5 (line 5084)
                      ; - org.eclipse.swt.widgets.Display::readAndDispatch@78 (line 4549)
  0x00007fc355665ee8: c101 0000 

  0x00007fc355665eec: ;   {other}
  0x00007fc355665eec: 0f1f 8400 | 5c06 0007 | 83e0 0185 

  0x00007fc355665ef8: ;   {metadata(method data for {method} {0x00007fc2f0f5db18} 'readAndDispatch' '()Z' in 'org/eclipse/swt/widgets/Display')}
  0x00007fc355665ef8: c048 b810 | 4248 f3c2 | 7f00 0048 | c7c6 b003 | 0000 7407 | 48c7 c6a0 | 0300 0048 | 8b3c 3048 
  0x00007fc355665f18: 8d7f 0148 | 893c 300f | 8418 0000 | 00b8 0100 | 0000 4883 

  0x00007fc355665f2c: ;   {poll_return}
  0x00007fc355665f2c: c460 5d49 | 3ba7 4804 | 0000 0f87 | af00 0000 | c3b8 0000 | 0000 4883 

  0x00007fc355665f44: ;   {poll_return}
  0x00007fc355665f44: c460 5d49 | 3ba7 4804 | 0000 0f87 | ad00 0000 | c348 8bfe 

  0x00007fc355665f58: ;   {metadata(method data for {method} {0x00007fc2f0f5db18} 'readAndDispatch' '()Z' in 'org/eclipse/swt/widgets/Display')}
  0x00007fc355665f58: 48bb 1042 | 48f3 c27f 

  0x00007fc355665f60: ;   {metadata('org/eclipse/swt/widgets/Display')}
  0x00007fc355665f60: 0000 49ba | 6069 1cfc | c27f 0000 | 4c89 93e8 | 0200 0048 | 8383 f002 | 0000 010f 

  0x00007fc355665f7c: ;   {optimized virtual_call}
  0x00007fc355665f7c: 1f40 00e8 

  0x00007fc355665f80: ; ImmutableOopMap {}
                      ;*invokevirtual runDeferredEvents {reexecute=0 rethrow=0 return_oop=0}
                      ; - org.eclipse.swt.widgets.Display::readAndDispatch@63 (line 4546)
  0x00007fc355665f80: 3901 0000 

  0x00007fc355665f84: ;   {other}
  0x00007fc355665f84: 0f1f 8400 | f406 0008 | b801 0000 | 0048 83c4 

  0x00007fc355665f94: ;   {poll_return}
  0x00007fc355665f94: 605d 493b | a748 0400 | 000f 8774 | 0000 00c3 

  0x00007fc355665fa4: ;   {metadata({method} {0x00007fc2f0f5db18} 'readAndDispatch' '()Z' in 'org/eclipse/swt/widgets/Display')}
  0x00007fc355665fa4: 49ba 18db | f5f0 c27f | 0000 4c89 | 5424 0848 | c704 24ff 

  0x00007fc355665fb8: ;   {runtime_call counter_overflow Runtime1 stub}
  0x00007fc355665fb8: ffff ffe8 

  0x00007fc355665fbc: ; ImmutableOopMap {rsi=Oop }
                      ;*synchronization entry
                      ; - org.eclipse.swt.widgets.Display::readAndDispatch@-1 (line 4532)
  0x00007fc355665fbc: c042 3e06 | e97d fbff 

  0x00007fc355665fc4: ;   {metadata({method} {0x00007fc2f0f5f720} 'runAsyncMessages' '(Z)Z' in 'org/eclipse/swt/widgets/Display')}
  0x00007fc355665fc4: ff49 ba20 | f7f5 f0c2 | 7f00 004c | 8954 2408 | 48c7 0424 | ffff ffff 

  0x00007fc355665fdc: ;   {runtime_call counter_overflow Runtime1 stub}
  0x00007fc355665fdc: e89f 423e 

  0x00007fc355665fe0: ; ImmutableOopMap {rsi=Oop }
                      ;*synchronization entry
                      ; - org.eclipse.swt.widgets.Display::runAsyncMessages@-1 (line 5084)
                      ; - org.eclipse.swt.widgets.Display::readAndDispatch@78 (line 4549)
  0x00007fc355665fe0: 06e9 5afe 

  0x00007fc355665fe4: ;   {runtime_call throw_null_pointer_exception Runtime1 stub}
  0x00007fc355665fe4: ffff e815 

  0x00007fc355665fe8: ; ImmutableOopMap {rsi=Oop }
                      ;*invokevirtual runAsyncMessages {reexecute=0 rethrow=0 return_oop=0}
                      ; - org.eclipse.swt.widgets.Display::runAsyncMessages@5 (line 5084)
                      ; - org.eclipse.swt.widgets.Display::readAndDispatch@78 (line 4549)
                      ;   {internal_word}
  0x00007fc355665fe8: dd3d 0649 | ba2f 5f66 | 55c3 7f00 | 004d 8997 | 6004 0000 

  0x00007fc355665ffc: ;   {runtime_call SafepointBlob}
  0x00007fc355665ffc: e9ff 5f32 

  0x00007fc355666000: ;   {internal_word}
  0x00007fc355666000: 0649 ba47 | 5f66 55c3 | 7f00 004d | 8997 6004 

  0x00007fc355666010: ;   {runtime_call SafepointBlob}
  0x00007fc355666010: 0000 e9e9 

  0x00007fc355666014: ;   {internal_word}
  0x00007fc355666014: 5f32 0649 | ba96 5f66 | 55c3 7f00 | 004d 8997 | 6004 0000 

  0x00007fc355666028: ;   {runtime_call SafepointBlob}
  0x00007fc355666028: e9d3 5f32 | 0649 8b87 | f804 0000 | 49c7 87f8 | 0400 0000 | 0000 0049 | c787 0005 | 0000 0000 
  0x00007fc355666048: 0000 4883 

  0x00007fc35566604c: ;   {runtime_call unwind_exception Runtime1 stub}
  0x00007fc35566604c: c460 5de9 | accd 3d06 | f4f4 f4f4 
[Stub Code]
  0x00007fc355666058: ;   {no_reloc}
  0x00007fc355666058: 0f1f 4400 

  0x00007fc35566605c: ;   {static_stub}
  0x00007fc35566605c: 0048 bb00 | 0000 0000 

  0x00007fc355666064: ;   {runtime_call nmethod}
  0x00007fc355666064: 0000 00e9 | fbff ffff 

  0x00007fc35566606c: ;   {static_stub}
  0x00007fc35566606c: 9048 bb00 | 0000 0000 

  0x00007fc355666074: ;   {runtime_call nmethod}
  0x00007fc355666074: 0000 00e9 | fbff ffff 

  0x00007fc35566607c: ;   {static_stub}
  0x00007fc35566607c: 9048 bb00 | 0000 0000 

  0x00007fc355666084: ;   {runtime_call nmethod}
  0x00007fc355666084: 0000 00e9 | fbff ffff 

  0x00007fc35566608c: ;   {static_stub}
  0x00007fc35566608c: 9048 bb70 | fcf5 f0c2 

  0x00007fc355666094: ;   {runtime_call I2C/C2I adapters}
  0x00007fc355666094: 7f00 00e9 | c73c 3206 

  0x00007fc35566609c: ;   {static_stub}
  0x00007fc35566609c: 9048 bb28 | fbf5 f0c2 

  0x00007fc3556660a4: ;   {runtime_call I2C/C2I adapters}
  0x00007fc3556660a4: 7f00 00e9 | b73c 3206 

  0x00007fc3556660ac: ;   {static_stub}
  0x00007fc3556660ac: 9048 bb38 | fdea f0c2 

  0x00007fc3556660b4: ;   {runtime_call I2C/C2I adapters}
  0x00007fc3556660b4: 7f00 00e9 | aa45 3206 

  0x00007fc3556660bc: ;   {static_stub}
  0x00007fc3556660bc: 9048 bb80 | f8f5 f0c2 

  0x00007fc3556660c4: ;   {runtime_call I2C/C2I adapters}
  0x00007fc3556660c4: 7f00 00e9 | 973c 3206 

  0x00007fc3556660cc: ;   {static_stub}
  0x00007fc3556660cc: 48bb 0000 | 0000 0000 

  0x00007fc3556660d4: ;   {runtime_call nmethod}
  0x00007fc3556660d4: 0000 e9fb 

  0x00007fc3556660d8: ;   {static_stub}
  0x00007fc3556660d8: ffff ff48 | bb00 0000 | 0000 0000 

  0x00007fc3556660e4: ;   {runtime_call nmethod}
  0x00007fc3556660e4: 00e9 fbff 

  0x00007fc3556660e8: ;   {runtime_call handle_exception_from_callee Runtime1 stub}
  0x00007fc3556660e8: ffff e811 

  0x00007fc3556660ec: ;   {external_word}
  0x00007fc3556660ec: 033e 0648 | bfa2 e107 | 73c3 7f00 | 0048 83e4 

  0x00007fc3556660fc: ;   {runtime_call}
  0x00007fc3556660fc: f0e8 2e0e 

  0x00007fc355666100: ;   {section_word}
  0x00007fc355666100: 4b1d f449 | ba03 6166 | 55c3 7f00 

  0x00007fc35566610c: ;   {runtime_call DeoptimizationBlob}
  0x00007fc35566610c: 0041 52e9 | 8c51 3206 | f4f4 f4f4 
[/MachCode]


Compiled method (c1) 14718  580       3       java.lang.invoke.DirectMethodHandle$Holder::invokeStatic (15 bytes)
 total in heap  [0x00007fc3544cad10,0x00007fc3544cb410] = 1792
 relocation     [0x00007fc3544cae68,0x00007fc3544caec8] = 96
 main code      [0x00007fc3544caee0,0x00007fc3544cb2e0] = 1024
 stub code      [0x00007fc3544cb2e0,0x00007fc3544cb330] = 80
 metadata       [0x00007fc3544cb330,0x00007fc3544cb340] = 16
 scopes data    [0x00007fc3544cb340,0x00007fc3544cb388] = 72
 scopes pcs     [0x00007fc3544cb388,0x00007fc3544cb3f8] = 112
 dependencies   [0x00007fc3544cb3f8,0x00007fc3544cb400] = 8
 nul chk table  [0x00007fc3544cb400,0x00007fc3544cb410] = 16

[Constant Pool (empty)]

[MachCode]
[Verified Entry Point]
  # {method} {0x00007fc2fb0b4be0} 'invokeStatic' '(Ljava/lang/Object;Ljava/lang/Object;Ljava/lang/Object;)Ljava/lang/Object;' in 'java/lang/invoke/DirectMethodHandle$Holder'
  # parm0:    rsi:rsi   = 'java/lang/Object'
  # parm1:    rdx:rdx   = 'java/lang/Object'
  # parm2:    rcx:rcx   = 'java/lang/Object'
  #           [sp+0x50]  (sp of caller)
  0x00007fc3544caee0: e99b 3047 | 07fe ff55 | 4883 ec40 | 4181 7f20 | 0800 0000 

  0x00007fc3544caef4: ;   {runtime_call StubRoutines (final stubs)}
  0x00007fc3544caef4: 7405 e885 

  0x00007fc3544caef8: ;   {metadata(method data for {method} {0x00007fc2fb0b4be0} 'invokeStatic' '(Ljava/lang/Object;Ljava/lang/Object;Ljava/lang/Object;)Ljava/lang/Object;' in 'java/lang/invoke/DirectMethodHandle$Holder')}
  0x00007fc3544caef8: 054a 0748 | bf68 3925 | f0c2 7f00 | 0048 8dbf | 4802 0000 | 4885 f675 | 0cf6 0701 | 752f f048 
  0x00007fc3544caf18: 830f 01eb | 288b 5e08 | 49ba 0000 | 00fb c27f | 0000 4903 | da4c 8bd3 | 4833 1f48 | f7c3 fcff 
  0x00007fc3544caf38: ffff 7409 | f6c3 0275 | 0448 830f | 0248 85d2 | 750e f647 | 1001 7532 | f048 834f | 1001 eb2a 
  0x00007fc3544caf58: 8b5a 0849 | ba00 0000 | fbc2 7f00 | 0049 03da | 4c8b d348 | 335f 1048 | f7c3 fcff | ffff 740a 
  0x00007fc3544caf78: f6c3 0275 | 0548 834f 

  0x00007fc3544caf80: ;   {metadata(method data for {method} {0x00007fc2fb0b4be0} 'invokeStatic' '(Ljava/lang/Object;Ljava/lang/Object;Ljava/lang/Object;)Ljava/lang/Object;' in 'java/lang/invoke/DirectMethodHandle$Holder')}
  0x00007fc3544caf80: 1002 48bf | 6839 25f0 | c27f 0000 | 8b9f f400 | 0000 83c3 | 0289 9ff4 | 0000 0081 | e3fe 0700 
  0x00007fc3544cafa0: 0085 db0f | 84a9 0200 

  0x00007fc3544cafa8: ;   {metadata(method data for {method} {0x00007fc2fb0b4be0} 'invokeStatic' '(Ljava/lang/Object;Ljava/lang/Object;Ljava/lang/Object;)Ljava/lang/Object;' in 'java/lang/invoke/DirectMethodHandle$Holder')}
  0x00007fc3544cafa8: 0048 bf68 | 3925 f0c2 | 7f00 0048 | 8dbf 4801 | 0000 4885 | f675 0ef6 | 4708 0175 | 32f0 4883 
  0x00007fc3544cafc8: 4f08 01eb | 2a8b 5e08 | 49ba 0000 | 00fb c27f | 0000 4903 | da4c 8bd3 | 4833 5f08 | 48f7 c3fc 
  0x00007fc3544cafe8: ffff ff74 | 0af6 c302 | 7505 4883 

  0x00007fc3544caff4: ;   {metadata(method data for {method} {0x00007fc2fb0b4be0} 'invokeStatic' '(Ljava/lang/Object;Ljava/lang/Object;Ljava/lang/Object;)Ljava/lang/Object;' in 'java/lang/invoke/DirectMethodHandle$Holder')}
  0x00007fc3544caff4: 4f08 0248 | bf68 3925 | f0c2 7f00 | 0048 8387 | 3801 0000 

  0x00007fc3544cb008: ;   {metadata(method data for {method} {0x00007fc2fb0a3318} 'internalMemberName' '(Ljava/lang/Object;)Ljava/lang/Object;' in 'java/lang/invoke/DirectMethodHandle')}
  0x00007fc3544cb008: 0148 bf28 | 2424 f0c2 | 7f00 008b | 9ff4 0000 | 0083 c302 | 899f f400 | 0000 81e3 | feff 1f00 
  0x00007fc3544cb028: 85db 0f84 | 4302 0000 | 4885 f675 

  0x00007fc3544cb034: ;   {metadata(method data for {method} {0x00007fc2fb0a3318} 'internalMemberName' '(Ljava/lang/Object;)Ljava/lang/Object;' in 'java/lang/invoke/DirectMethodHandle')}
  0x00007fc3544cb034: 1648 bb28 | 2424 f0c2 | 7f00 0080 | 8b31 0100 | 0001 e9cd 

  0x00007fc3544cb048: ;   {metadata('java/lang/invoke/DirectMethodHandle')}
  0x00007fc3544cb048: 0000 0048 | b890 0a0a | fbc2 7f00 | 008b 5e08 | 49ba 0000 | 00fb c27f | 0000 4903 | da48 3b43 
  0x00007fc3544cb068: 400f 858d 

  0x00007fc3544cb06c: ;   {metadata(method data for {method} {0x00007fc2fb0a3318} 'internalMemberName' '(Ljava/lang/Object;)Ljava/lang/Object;' in 'java/lang/invoke/DirectMethodHandle')}
  0x00007fc3544cb06c: 0000 0048 | bb28 2424 | f0c2 7f00 | 008b 4608 | 49ba 0000 | 00fb c27f | 0000 4903 | c248 3b83 
  0x00007fc3544cb08c: 4801 0000 | 750d 4883 | 8350 0100 | 0001 e979 | 0000 0048 | 3b83 5801 | 0000 750d | 4883 8360 
  0x00007fc3544cb0ac: 0100 0001 | e963 0000 | 0048 83bb | 4801 0000 | 0075 1748 | 8983 4801 | 0000 48c7 | 8350 0100 
  0x00007fc3544cb0cc: 0001 0000 | 00e9 4200 | 0000 4883 | bb58 0100 | 0000 7517 | 4889 8358 | 0100 0048 | c783 6001 
  0x00007fc3544cb0ec: 0000 0100 | 0000 e921 | 0000 00e9 | 1c00 0000 

  0x00007fc3544cb0fc: ;   {metadata(method data for {method} {0x00007fc2fb0a3318} 'internalMemberName' '(Ljava/lang/Object;)Ljava/lang/Object;' in 'java/lang/invoke/DirectMethodHandle')}
  0x00007fc3544cb0fc: 48bb 2824 | 24f0 c27f | 0000 4883 | ab38 0100 | 0001 e981 | 0100 00e9 | 0000 0000 

  0x00007fc3544cb118: ; implicit exception: dispatches to 0x00007fc3544cb29d
                      ;   {metadata(method data for {method} {0x00007fc2fb0b4be0} 'invokeStatic' '(Ljava/lang/Object;Ljava/lang/Object;Ljava/lang/Object;)Ljava/lang/Object;' in 'java/lang/invoke/DirectMethodHandle$Holder')}
  0x00007fc3544cb118: 8b7e 2048 | be68 3925 | f0c2 7f00 | 0048 8db6 | 5801 0000 | 4885 ff75 | 0af6 0601 | 7505 f048 
  0x00007fc3544cb138: ;   {metadata(method data for {method} {0x00007fc2fb0b4be0} 'invokeStatic' '(Ljava/lang/Object;Ljava/lang/Object;Ljava/lang/Object;)Ljava/lang/Object;' in 'java/lang/invoke/DirectMethodHandle$Holder')}
  0x00007fc3544cb138: 830e 0148 | be68 3925 | f0c2 7f00 | 0048 8db6 | b001 0000 | 4885 d275 | 0ef6 4608 | 0175 32f0 
  0x00007fc3544cb158: 4883 4e08 | 01eb 2a8b | 5a08 49ba | 0000 00fb | c27f 0000 | 4903 da4c | 8bd3 4833 | 5e08 48f7 
  0x00007fc3544cb178: c3fc ffff | ff74 0af6 | c302 7505 | 4883 4e08 | 0248 85c9 | 750e f646 | 1801 7532 | f048 834e 
  0x00007fc3544cb198: 1801 eb2a | 8b59 0849 | ba00 0000 | fbc2 7f00 | 0049 03da | 4c8b d348 | 335e 1848 | f7c3 fcff 
  0x00007fc3544cb1b8: ffff 740a | f6c3 0275 | 0548 834e 

  0x00007fc3544cb1c4: ;   {metadata(method data for {method} {0x00007fc2fb0b4be0} 'invokeStatic' '(Ljava/lang/Object;Ljava/lang/Object;Ljava/lang/Object;)Ljava/lang/Object;' in 'java/lang/invoke/DirectMethodHandle$Holder')}
  0x00007fc3544cb1c4: 1802 48be | 6839 25f0 | c27f 0000 | 4883 86a0 | 0100 0001 | 488b f248 | 8bd1 488b | cf66 0f1f 
  0x00007fc3544cb1e4: ;   {static_call}
  0x00007fc3544cb1e4: 4400 00e8 

  0x00007fc3544cb1e8: ; ImmutableOopMap {}
                      ;*invokestatic linkToStatic {reexecute=0 rethrow=0 return_oop=0}
                      ; - java.lang.invoke.DirectMethodHandle$Holder::invokeStatic@11
  0x00007fc3544cb1e8: 9404 a007 

  0x00007fc3544cb1ec: ;   {other}
  0x00007fc3544cb1ec: 0f1f 8400 | dc04 0000 

  0x00007fc3544cb1f4: ;   {metadata(method data for {method} {0x00007fc2fb0b4be0} 'invokeStatic' '(Ljava/lang/Object;Ljava/lang/Object;Ljava/lang/Object;)Ljava/lang/Object;' in 'java/lang/invoke/DirectMethodHandle$Holder')}
  0x00007fc3544cb1f4: 48be 6839 | 25f0 c27f | 0000 488d | b6d0 0100 | 0048 85c0 | 750c f606 | 0175 30f0 | 4883 0e01 
  0x00007fc3544cb214: eb29 8b78 | 0849 ba00 | 0000 fbc2 | 7f00 0049 | 03fa 4c8b | d748 333e | 48f7 c7fc | ffff ff74 
  0x00007fc3544cb234: 0a40 f6c7 | 0275 0448 | 830e 0248 | 83c4 405d 

  0x00007fc3544cb244: ;   {poll_return}
  0x00007fc3544cb244: 493b a748 | 0400 000f | 8751 0000 

  0x00007fc3544cb250: ;   {metadata({method} {0x00007fc2fb0b4be0} 'invokeStatic' '(Ljava/lang/Object;Ljava/lang/Object;Ljava/lang/Object;)Ljava/lang/Object;' in 'java/lang/invoke/DirectMethodHandle$Holder')}
  0x00007fc3544cb250: 00c3 49ba | e04b 0bfb | c27f 0000 | 4c89 5424 | 0848 c704 | 24ff ffff 

  0x00007fc3544cb268: ;   {runtime_call counter_overflow Runtime1 stub}
  0x00007fc3544cb268: ffe8 12f0 

  0x00007fc3544cb26c: ; ImmutableOopMap {rsi=Oop rdx=Oop rcx=Oop }
                      ;*synchronization entry
                      ; - java.lang.invoke.DirectMethodHandle$Holder::invokeStatic@-1
  0x00007fc3544cb26c: 5707 e936 

  0x00007fc3544cb270: ;   {metadata({method} {0x00007fc2fb0a3318} 'internalMemberName' '(Ljava/lang/Object;)Ljava/lang/Object;' in 'java/lang/invoke/DirectMethodHandle')}
  0x00007fc3544cb270: fdff ff49 | ba18 330a | fbc2 7f00 | 004c 8954 | 2408 48c7 | 0424 ffff 

  0x00007fc3544cb288: ;   {runtime_call counter_overflow Runtime1 stub}
  0x00007fc3544cb288: ffff e8f1 

  0x00007fc3544cb28c: ; ImmutableOopMap {rsi=Oop rdx=Oop rcx=Oop }
                      ;*synchronization entry
                      ; - java.lang.invoke.DirectMethodHandle::internalMemberName@-1 (line 327)
                      ; - java.lang.invoke.DirectMethodHandle$Holder::invokeStatic@1
  0x00007fc3544cb28c: ef57 07e9 | 9cfd ffff | 4889 3424 

  0x00007fc3544cb298: ;   {runtime_call throw_class_cast_exception Runtime1 stub}
  0x00007fc3544cb298: e863 b757 

  0x00007fc3544cb29c: ; ImmutableOopMap {rdx=Oop rcx=Oop }
                      ;*checkcast {reexecute=0 rethrow=0 return_oop=0}
                      ; - java.lang.invoke.DirectMethodHandle::internalMemberName@1 (line 327)
                      ; - java.lang.invoke.DirectMethodHandle$Holder::invokeStatic@1
                      ;   {runtime_call throw_null_pointer_exception Runtime1 stub}
  0x00007fc3544cb29c: 07e8 5e8a 

  0x00007fc3544cb2a0: ; ImmutableOopMap {rdx=Oop rcx=Oop }
                      ;*getfield member {reexecute=1 rethrow=0 return_oop=0}
                      ; - (reexecute) java.lang.invoke.DirectMethodHandle::internalMemberName@4 (line 327)
                      ; - java.lang.invoke.DirectMethodHandle$Holder::invokeStatic@1
                      ;   {internal_word}
  0x00007fc3544cb2a0: 5707 49ba | 44b2 4c54 | c37f 0000 | 4d89 9760 

  0x00007fc3544cb2b0: ;   {runtime_call SafepointBlob}
  0x00007fc3544cb2b0: 0400 00e9 | 480d 4c07 | 498b 87f8 | 0400 0049 | c787 f804 | 0000 0000 | 0000 49c7 | 8700 0500 
  0x00007fc3544cb2d0: 0000 0000 | 0048 83c4 

  0x00007fc3544cb2d8: ;   {runtime_call unwind_exception Runtime1 stub}
  0x00007fc3544cb2d8: 405d e921 | 7b57 07f4 
[Stub Code]
  0x00007fc3544cb2e0: ;   {no_reloc}
  0x00007fc3544cb2e0: 48bb 0000 | 0000 0000 

  0x00007fc3544cb2e8: ;   {runtime_call nmethod}
  0x00007fc3544cb2e8: 0000 e9fb 

  0x00007fc3544cb2ec: ;   {runtime_call handle_exception_from_callee Runtime1 stub}
  0x00007fc3544cb2ec: ffff ffe8 | 0cb1 5707 

  0x00007fc3544cb2f4: ;   {external_word}
  0x00007fc3544cb2f4: 48bf a2e1 | 0773 c37f | 0000 4883 

  0x00007fc3544cb300: ;   {runtime_call}
  0x00007fc3544cb300: e4f0 e829 | bc64 1ef4 
[Deopt Handler Code]
  0x00007fc3544cb308: ;   {section_word}
  0x00007fc3544cb308: 49ba 08b3 | 4c54 c37f | 0000 4152 

  0x00007fc3544cb314: ;   {runtime_call DeoptimizationBlob}
  0x00007fc3544cb314: e987 ff4b 

  0x00007fc3544cb318: ;   {section_word}
  0x00007fc3544cb318: 0749 ba19 | b34c 54c3 | 7f00 0041 

  0x00007fc3544cb324: ;   {runtime_call DeoptimizationBlob}
  0x00007fc3544cb324: 52e9 76ff | 4b07 f4f4 | f4f4 f4f4 
[/MachCode]


---------------  P R O C E S S  ---------------

Threads class SMR info:
_java_thread_list=0x00007fc1f8038c00, length=34, elements={
0x00007fc36c01bf60, 0x00007fc36c0f9320, 0x00007fc36c0fa890, 0x00007fc36c0fbfe0,
0x00007fc36c0fd620, 0x00007fc36c0febc0, 0x00007fc36c100700, 0x00007fc36c109db0,
0x00007fc36c14d570, 0x00007fc36c14fb60, 0x00007fc36c5bd950, 0x00007fc36c60c5c0,
0x00007fc2a000e1f0, 0x00007fc36c638df0, 0x00007fc36c638480, 0x00007fc2540a8900,
0x00007fc254616e20, 0x00007fc36c64c520, 0x00007fc25006b270, 0x00007fc36c6c92a0,
0x00007fc36ce156a0, 0x00007fc2140011c0, 0x00007fc214002620, 0x00007fc36cf09840,
0x00007fc36cf0e8b0, 0x00007fc20c000fb0, 0x00007fc36d2d1940, 0x00007fc2d412fe10,
0x00007fc36d3cc350, 0x00007fc28c00f2e0, 0x00007fc28c010c60, 0x00007fc36d37d150,
0x00007fc2d4aefd90, 0x00007fc1f8038040
}

Java Threads: ( => current thread )
=>0x00007fc36c01bf60 JavaThread "main"                              [_thread_in_native, id=19, stack(0x00007fc371900000,0x00007fc371a00000) (1024K)]
  0x00007fc36c0f9320 JavaThread "Reference Handler"          daemon [_thread_blocked, id=27, stack(0x00007fc350700000,0x00007fc350800000) (1024K)]
  0x00007fc36c0fa890 JavaThread "Finalizer"                  daemon [_thread_blocked, id=28, stack(0x00007fc350600000,0x00007fc350700000) (1024K)]
  0x00007fc36c0fbfe0 JavaThread "Signal Dispatcher"          daemon [_thread_blocked, id=29, stack(0x00007fc350500000,0x00007fc350600000) (1024K)]
  0x00007fc36c0fd620 JavaThread "Service Thread"             daemon [_thread_blocked, id=30, stack(0x00007fc350400000,0x00007fc350500000) (1024K)]
  0x00007fc36c0febc0 JavaThread "Monitor Deflation Thread"   daemon [_thread_blocked, id=31, stack(0x00007fc350300000,0x00007fc350400000) (1024K)]
  0x00007fc36c100700 JavaThread "C2 CompilerThread0"         daemon [_thread_blocked, id=32, stack(0x00007fc350200000,0x00007fc350300000) (1024K)]
  0x00007fc36c109db0 JavaThread "C1 CompilerThread0"         daemon [_thread_blocked, id=33, stack(0x00007fc350100000,0x00007fc350200000) (1024K)]
  0x00007fc36c14d570 JavaThread "Notification Thread"        daemon [_thread_blocked, id=34, stack(0x00007fc350000000,0x00007fc350100000) (1024K)]
  0x00007fc36c14fb60 JavaThread "Common-Cleaner"             daemon [_thread_blocked, id=35, stack(0x00007fc2faf00000,0x00007fc2fb000000) (1024K)]
  0x00007fc36c5bd950 JavaThread "Active Thread: Equinox Container: ec93bd75-94cf-4fd8-860a-6d5445f9ca59"        [_thread_blocked, id=61, stack(0x00007fc2c41fa000,0x00007fc2c43fb000) (2052K)]
  0x00007fc36c60c5c0 JavaThread "Refresh Thread: Equinox Container: ec93bd75-94cf-4fd8-860a-6d5445f9ca59" daemon [_thread_blocked, id=62, stack(0x00007fc2c43fb000,0x00007fc2c45fc000) (2052K)]
  0x00007fc2a000e1f0 JavaThread "Framework Event Dispatcher: Equinox Container: ec93bd75-94cf-4fd8-860a-6d5445f9ca59" daemon [_thread_blocked, id=70, stack(0x00007fc2ba4fa000,0x00007fc2ba5fa000) (1024K)]
  0x00007fc36c638df0 JavaThread "Start Level: Equinox Container: ec93bd75-94cf-4fd8-860a-6d5445f9ca59" daemon [_thread_blocked, id=71, stack(0x00007fc2ba327000,0x00007fc2ba427000) (1024K)]
  0x00007fc36c638480 JavaThread "Bundle File Closer"         daemon [_thread_blocked, id=72, stack(0x00007fc2ba227000,0x00007fc2ba327000) (1024K)]
  0x00007fc2540a8900 JavaThread "SCR Component Actor"        daemon [_thread_blocked, id=75, stack(0x00007fc2c40fa000,0x00007fc2c41fa000) (1024K)]
  0x00007fc254616e20 JavaThread "EMF Reference Cleaner"      daemon [_thread_blocked, id=78, stack(0x00007fc2b9d24000,0x00007fc2b9e24000) (1024K)]
  0x00007fc36c64c520 JavaThread "Gogo shell"                        [_thread_blocked, id=83, stack(0x00007fc2b9820000,0x00007fc2b9920000) (1024K)]
  0x00007fc25006b270 JavaThread "Worker-JM"                         [_thread_blocked, id=86, stack(0x00007fc2b9720000,0x00007fc2b9820000) (1024K)]
  0x00007fc36c6c92a0 JavaThread "Database navigator events processor"        [_thread_blocked, id=87, stack(0x00007fc2b9620000,0x00007fc2b9720000) (1024K)]
  0x00007fc36ce156a0 JavaThread "DBeaver: DBeaver new version release checker"        [_thread_in_native, id=92, stack(0x00007fc2b8c1e000,0x00007fc2b8e1f000) (2052K)]
  0x00007fc2140011c0 JavaThread "Worker-2"                          [_thread_blocked, id=93, stack(0x00007fc2b8900000,0x00007fc2b8a00000) (1024K)]
  0x00007fc214002620 JavaThread "Worker-3"                          [_thread_blocked, id=94, stack(0x00007fc2b8800000,0x00007fc2b8900000) (1024K)]
  0x00007fc36cf09840 JavaThread "idle-timeout-task"          daemon [_thread_blocked, id=95, stack(0x00007fc2b8700000,0x00007fc2b8800000) (1024K)]
  0x00007fc36cf0e8b0 JavaThread "HTTP-Dispatcher"                   [_thread_in_native, id=96, stack(0x00007fc2b8600000,0x00007fc2b8700000) (1024K)]
  0x00007fc20c000fb0 JavaThread "Worker-4"                          [_thread_blocked, id=97, stack(0x00007fc2b8500000,0x00007fc2b8600000) (1024K)]
  0x00007fc36d2d1940 JavaThread "SWTResourceTracker"         daemon [_thread_blocked, id=98, stack(0x00007fc2b8400000,0x00007fc2b8500000) (1024K)]
  0x00007fc2d412fe10 JavaThread "C2 CompilerThread1"         daemon [_thread_blocked, id=121, stack(0x00007fc2fae00000,0x00007fc2faf00000) (1024K)]
  0x00007fc36d3cc350 JavaThread "EventAdmin Async Event Dispatcher Thread" daemon [_thread_blocked, id=917, stack(0x00007fc2bacfb000,0x00007fc2badfb000) (1024K)]
  0x00007fc28c00f2e0 JavaThread "pool-2-thread-1"                   [_thread_blocked, id=918, stack(0x00007fc2baffb000,0x00007fc2bb0fb000) (1024K)]
  0x00007fc28c010c60 JavaThread "pool-3-thread-1"                   [_thread_blocked, id=919, stack(0x00007fc2ba6fb000,0x00007fc2ba7fb000) (1024K)]
  0x00007fc36d37d150 JavaThread "Java2D Disposer"            daemon [_thread_blocked, id=944, stack(0x00007fc2b9e24000,0x00007fc2b9f24000) (1024K)]
  0x00007fc2d4aefd90 JavaThread "C2 CompilerThread2"         daemon [_thread_in_native, id=1233, stack(0x00007fc2baafb000,0x00007fc2babfb000) (1024K)]
  0x00007fc1f8038040 JavaThread "Worker-5"                          [_thread_blocked, id=1330, stack(0x00007fc2babfb000,0x00007fc2bacfb000) (1024K)]
Total: 34

Other Threads:
  0x00007fc36c0ec100 VMThread "VM Thread"                           [id=26, stack(0x00007fc350b78000,0x00007fc350c78000) (1024K)]
  0x00007fc36c0da650 WatcherThread "VM Periodic Task Thread"        [id=25, stack(0x00007fc350c79000,0x00007fc350d79000) (1024K)]
  0x00007fc36c058240 WorkerThread "GC Thread#0"                     [id=20, stack(0x00007fc370c20000,0x00007fc370d20000) (1024K)]
  0x00007fc2e8008100 WorkerThread "GC Thread#1"                     [id=52, stack(0x00007fc2bb4fe000,0x00007fc2bb5fe000) (1024K)]
  0x00007fc2e800d8c0 WorkerThread "GC Thread#2"                     [id=53, stack(0x00007fc2bb3fd000,0x00007fc2bb4fd000) (1024K)]
  0x00007fc2e800e390 WorkerThread "GC Thread#3"                     [id=54, stack(0x00007fc2bb2fc000,0x00007fc2bb3fc000) (1024K)]
  0x00007fc2e800cbe0 WorkerThread "GC Thread#4"                     [id=69, stack(0x00007fc2ba5fb000,0x00007fc2ba6fb000) (1024K)]
  0x00007fc2e801c0d0 WorkerThread "GC Thread#5"                     [id=76, stack(0x00007fc2b9f25000,0x00007fc2ba025000) (1024K)]
  0x00007fc2e806dee0 WorkerThread "GC Thread#6"                     [id=79, stack(0x00007fc2b9c24000,0x00007fc2b9d24000) (1024K)]
  0x00007fc2e806e840 WorkerThread "GC Thread#7"                     [id=80, stack(0x00007fc2b9b23000,0x00007fc2b9c23000) (1024K)]
  0x00007fc2e806f360 WorkerThread "GC Thread#8"                     [id=81, stack(0x00007fc2b9a22000,0x00007fc2b9b22000) (1024K)]
  0x00007fc2e8070270 WorkerThread "GC Thread#9"                     [id=82, stack(0x00007fc2b9921000,0x00007fc2b9a21000) (1024K)]
  0x00007fc36c061870 ConcurrentGCThread "G1 Main Marker"            [id=21, stack(0x00007fc370700000,0x00007fc370800000) (1024K)]
  0x00007fc36c062820 WorkerThread "G1 Conc#0"                       [id=22, stack(0x00007fc3705ff000,0x00007fc3706ff000) (1024K)]
  0x00007fc344000d50 WorkerThread "G1 Conc#1"                       [id=73, stack(0x00007fc2ba127000,0x00007fc2ba227000) (1024K)]
  0x00007fc3440018b0 WorkerThread "G1 Conc#2"                       [id=74, stack(0x00007fc2ba026000,0x00007fc2ba126000) (1024K)]
  0x00007fc36c0c8280 ConcurrentGCThread "G1 Refine#0"               [id=23, stack(0x00007fc350efc000,0x00007fc350ffc000) (1024K)]
  0x00007fc36c0c9240 ConcurrentGCThread "G1 Service"                [id=24, stack(0x00007fc350dfb000,0x00007fc350efb000) (1024K)]
Total: 18

Threads with active compile tasks:
C2 CompilerThread2  14739 9271       4       sun.security.ec.ECOperations::setDouble (463 bytes)
Total: 1

VM state: not at safepoint (normal execution)

VM Mutex/Monitor currently owned by a thread: None

Heap address: 0x00000000c0000000, size: 1024 MB, Compressed Oops mode: 32-bit

CDS archive(s) mapped at: [0x00007fc2fb000000-0x00007fc2fbca0000-0x00007fc2fbca0000), size 13238272, SharedBaseAddress: 0x00007fc2fb000000, ArchiveRelocationMode: 1.
Compressed class space mapped at: 0x00007fc2fc000000-0x00007fc33c000000, reserved size: 1073741824
Narrow klass base: 0x00007fc2fb000000, Narrow klass shift: 0, Narrow klass range: 0x100000000

GC Precious Log:
 CardTable entry size: 512
 Card Set container configuration: InlinePtr #cards 5 size 8 Array Of Cards #cards 12 size 40 Howl #buckets 4 coarsen threshold 1843 Howl Bitmap #cards 512 size 80 coarsen threshold 460 Card regions per heap region 1 cards per card region 2048
 CPUs: 12 total, 12 available
 Memory: 31819M
 Large Page Support: Disabled
 NUMA Support: Disabled
 Compressed Oops: Enabled (32-bit)
 Heap Region Size: 1M
 Heap Min Capacity: 64M
 Heap Initial Capacity: 64M
 Heap Max Capacity: 1G
 Pre-touch: Disabled
 Parallel Workers: 10
 Concurrent Workers: 3
 Concurrent Refinement Workers: 10
 Periodic GC: Disabled

Heap:
 garbage-first heap   total 167936K, used 56216K [0x00000000c0000000, 0x0000000100000000)
  region size 1024K, 7 young (7168K), 5 survivors (5120K)
 Metaspace       used 61413K, committed 63232K, reserved 1114112K
  class space    used 7258K, committed 8000K, reserved 1048576K

Heap Regions: E=young(eden), S=young(survivor), O=old, HS=humongous(starts), HC=humongous(continues), CS=collection set, F=free, TAMS=top-at-mark-start, PB=parsable bottom
|   0|0x00000000c0000000, 0x00000000c0100000, 0x00000000c0100000|100%| O|  |TAMS 0x00000000c0000000| PB 0x00000000c0000000| Untracked 
|   1|0x00000000c0100000, 0x00000000c0200000, 0x00000000c0200000|100%| O|  |TAMS 0x00000000c0100000| PB 0x00000000c0100000| Untracked 
|   2|0x00000000c0200000, 0x00000000c0200000, 0x00000000c0300000|  0%| F|  |TAMS 0x00000000c0200000| PB 0x00000000c0200000| Untracked 
|   3|0x00000000c0300000, 0x00000000c0400000, 0x00000000c0400000|100%| O|  |TAMS 0x00000000c0300000| PB 0x00000000c0300000| Untracked 
|   4|0x00000000c0400000, 0x00000000c0500000, 0x00000000c0500000|100%| O|  |TAMS 0x00000000c0400000| PB 0x00000000c0400000| Untracked 
|   5|0x00000000c0500000, 0x00000000c0600000, 0x00000000c0600000|100%| O|  |TAMS 0x00000000c0500000| PB 0x00000000c0500000| Untracked 
|   6|0x00000000c0600000, 0x00000000c0600000, 0x00000000c0700000|  0%| F|  |TAMS 0x00000000c0600000| PB 0x00000000c0600000| Untracked 
|   7|0x00000000c0700000, 0x00000000c0700000, 0x00000000c0800000|  0%| F|  |TAMS 0x00000000c0700000| PB 0x00000000c0700000| Untracked 
|   8|0x00000000c0800000, 0x00000000c0800000, 0x00000000c0900000|  0%| F|  |TAMS 0x00000000c0800000| PB 0x00000000c0800000| Untracked 
|   9|0x00000000c0900000, 0x00000000c0a00000, 0x00000000c0a00000|100%| O|  |TAMS 0x00000000c0900000| PB 0x00000000c0900000| Untracked 
|  10|0x00000000c0a00000, 0x00000000c0a00000, 0x00000000c0b00000|  0%| F|  |TAMS 0x00000000c0a00000| PB 0x00000000c0a00000| Untracked 
|  11|0x00000000c0b00000, 0x00000000c0c00000, 0x00000000c0c00000|100%| O|  |TAMS 0x00000000c0b00000| PB 0x00000000c0b00000| Untracked 
|  12|0x00000000c0c00000, 0x00000000c0c00000, 0x00000000c0d00000|  0%| F|  |TAMS 0x00000000c0c00000| PB 0x00000000c0c00000| Untracked 
|  13|0x00000000c0d00000, 0x00000000c0e00000, 0x00000000c0e00000|100%| O|  |TAMS 0x00000000c0d00000| PB 0x00000000c0d00000| Untracked 
|  14|0x00000000c0e00000, 0x00000000c0f00000, 0x00000000c0f00000|100%| O|  |TAMS 0x00000000c0e00000| PB 0x00000000c0e00000| Untracked 
|  15|0x00000000c0f00000, 0x00000000c0f00000, 0x00000000c1000000|  0%| F|  |TAMS 0x00000000c0f00000| PB 0x00000000c0f00000| Untracked 
|  16|0x00000000c1000000, 0x00000000c1100000, 0x00000000c1100000|100%|HS|  |TAMS 0x00000000c1000000| PB 0x00000000c1000000| Complete 
|  17|0x00000000c1100000, 0x00000000c1200000, 0x00000000c1200000|100%| O|  |TAMS 0x00000000c1100000| PB 0x00000000c1100000| Untracked 
|  18|0x00000000c1200000, 0x00000000c1200000, 0x00000000c1300000|  0%| F|  |TAMS 0x00000000c1200000| PB 0x00000000c1200000| Untracked 
|  19|0x00000000c1300000, 0x00000000c1300000, 0x00000000c1400000|  0%| F|  |TAMS 0x00000000c1300000| PB 0x00000000c1300000| Untracked 
|  20|0x00000000c1400000, 0x00000000c1500000, 0x00000000c1500000|100%| O|  |TAMS 0x00000000c1400000| PB 0x00000000c1400000| Untracked 
|  21|0x00000000c1500000, 0x00000000c1500000, 0x00000000c1600000|  0%| F|  |TAMS 0x00000000c1500000| PB 0x00000000c1500000| Untracked 
|  22|0x00000000c1600000, 0x00000000c1700000, 0x00000000c1700000|100%| O|  |TAMS 0x00000000c1600000| PB 0x00000000c1600000| Untracked 
|  23|0x00000000c1700000, 0x00000000c1800000, 0x00000000c1800000|100%| O|  |TAMS 0x00000000c1700000| PB 0x00000000c1700000| Untracked 
|  24|0x00000000c1800000, 0x00000000c1900000, 0x00000000c1900000|100%| O|  |TAMS 0x00000000c1800000| PB 0x00000000c1800000| Untracked 
|  25|0x00000000c1900000, 0x00000000c1a00000, 0x00000000c1a00000|100%| O|  |TAMS 0x00000000c1900000| PB 0x00000000c1900000| Untracked 
|  26|0x00000000c1a00000, 0x00000000c1a00000, 0x00000000c1b00000|  0%| F|  |TAMS 0x00000000c1a00000| PB 0x00000000c1a00000| Untracked 
|  27|0x00000000c1b00000, 0x00000000c1b00000, 0x00000000c1c00000|  0%| F|  |TAMS 0x00000000c1b00000| PB 0x00000000c1b00000| Untracked 
|  28|0x00000000c1c00000, 0x00000000c1d00000, 0x00000000c1d00000|100%| O|  |TAMS 0x00000000c1c00000| PB 0x00000000c1c00000| Untracked 
|  29|0x00000000c1d00000, 0x00000000c1e00000, 0x00000000c1e00000|100%| O|  |TAMS 0x00000000c1d00000| PB 0x00000000c1d00000| Untracked 
|  30|0x00000000c1e00000, 0x00000000c1f00000, 0x00000000c1f00000|100%| O|  |TAMS 0x00000000c1e00000| PB 0x00000000c1e00000| Untracked 
|  31|0x00000000c1f00000, 0x00000000c2000000, 0x00000000c2000000|100%| O|  |TAMS 0x00000000c1f00000| PB 0x00000000c1f00000| Untracked 
|  32|0x00000000c2000000, 0x00000000c2100000, 0x00000000c2100000|100%| O|  |TAMS 0x00000000c2000000| PB 0x00000000c2000000| Untracked 
|  33|0x00000000c2100000, 0x00000000c2200000, 0x00000000c2200000|100%| O|  |TAMS 0x00000000c2100000| PB 0x00000000c2100000| Untracked 
|  34|0x00000000c2200000, 0x00000000c2300000, 0x00000000c2300000|100%| O|  |TAMS 0x00000000c2200000| PB 0x00000000c2200000| Untracked 
|  35|0x00000000c2300000, 0x00000000c2300000, 0x00000000c2400000|  0%| F|  |TAMS 0x00000000c2300000| PB 0x00000000c2300000| Untracked 
|  36|0x00000000c2400000, 0x00000000c2500000, 0x00000000c2500000|100%| O|  |TAMS 0x00000000c2400000| PB 0x00000000c2400000| Untracked 
|  37|0x00000000c2500000, 0x00000000c2500000, 0x00000000c2600000|  0%| F|  |TAMS 0x00000000c2500000| PB 0x00000000c2500000| Untracked 
|  38|0x00000000c2600000, 0x00000000c2600000, 0x00000000c2700000|  0%| F|  |TAMS 0x00000000c2600000| PB 0x00000000c2600000| Untracked 
|  39|0x00000000c2700000, 0x00000000c2700000, 0x00000000c2800000|  0%| F|  |TAMS 0x00000000c2700000| PB 0x00000000c2700000| Untracked 
|  40|0x00000000c2800000, 0x00000000c2800000, 0x00000000c2900000|  0%| F|  |TAMS 0x00000000c2800000| PB 0x00000000c2800000| Untracked 
|  41|0x00000000c2900000, 0x00000000c2900000, 0x00000000c2a00000|  0%| F|  |TAMS 0x00000000c2900000| PB 0x00000000c2900000| Untracked 
|  42|0x00000000c2a00000, 0x00000000c2a00000, 0x00000000c2b00000|  0%| F|  |TAMS 0x00000000c2a00000| PB 0x00000000c2a00000| Untracked 
|  43|0x00000000c2b00000, 0x00000000c2b00000, 0x00000000c2c00000|  0%| F|  |TAMS 0x00000000c2b00000| PB 0x00000000c2b00000| Untracked 
|  44|0x00000000c2c00000, 0x00000000c2c00000, 0x00000000c2d00000|  0%| F|  |TAMS 0x00000000c2c00000| PB 0x00000000c2c00000| Untracked 
|  45|0x00000000c2d00000, 0x00000000c2d00000, 0x00000000c2e00000|  0%| F|  |TAMS 0x00000000c2d00000| PB 0x00000000c2d00000| Untracked 
|  46|0x00000000c2e00000, 0x00000000c2e00000, 0x00000000c2f00000|  0%| F|  |TAMS 0x00000000c2e00000| PB 0x00000000c2e00000| Untracked 
|  47|0x00000000c2f00000, 0x00000000c2f00000, 0x00000000c3000000|  0%| F|  |TAMS 0x00000000c2f00000| PB 0x00000000c2f00000| Untracked 
|  48|0x00000000c3000000, 0x00000000c3058e60, 0x00000000c3100000| 34%| O|  |TAMS 0x00000000c3000000| PB 0x00000000c3000000| Untracked 
|  49|0x00000000c3100000, 0x00000000c3100000, 0x00000000c3200000|  0%| F|  |TAMS 0x00000000c3100000| PB 0x00000000c3100000| Untracked 
|  50|0x00000000c3200000, 0x00000000c3300000, 0x00000000c3300000|100%| O|  |TAMS 0x00000000c3200000| PB 0x00000000c3200000| Untracked 
|  51|0x00000000c3300000, 0x00000000c3400000, 0x00000000c3400000|100%| O|  |TAMS 0x00000000c3300000| PB 0x00000000c3300000| Untracked 
|  52|0x00000000c3400000, 0x00000000c3400000, 0x00000000c3500000|  0%| F|  |TAMS 0x00000000c3400000| PB 0x00000000c3400000| Untracked 
|  53|0x00000000c3500000, 0x00000000c3500000, 0x00000000c3600000|  0%| F|  |TAMS 0x00000000c3500000| PB 0x00000000c3500000| Untracked 
|  54|0x00000000c3600000, 0x00000000c3700000, 0x00000000c3700000|100%| O|  |TAMS 0x00000000c3600000| PB 0x00000000c3600000| Untracked 
|  55|0x00000000c3700000, 0x00000000c3800000, 0x00000000c3800000|100%| O|  |TAMS 0x00000000c3700000| PB 0x00000000c3700000| Untracked 
|  56|0x00000000c3800000, 0x00000000c3900000, 0x00000000c3900000|100%| O|  |TAMS 0x00000000c3800000| PB 0x00000000c3800000| Untracked 
|  57|0x00000000c3900000, 0x00000000c3a00000, 0x00000000c3a00000|100%| O|  |TAMS 0x00000000c3900000| PB 0x00000000c3900000| Untracked 
|  58|0x00000000c3a00000, 0x00000000c3b00000, 0x00000000c3b00000|100%| O|  |TAMS 0x00000000c3a00000| PB 0x00000000c3a00000| Untracked 
|  59|0x00000000c3b00000, 0x00000000c3c00000, 0x00000000c3c00000|100%| O|  |TAMS 0x00000000c3b00000| PB 0x00000000c3b00000| Untracked 
|  60|0x00000000c3c00000, 0x00000000c3d00000, 0x00000000c3d00000|100%| O|  |TAMS 0x00000000c3c00000| PB 0x00000000c3c00000| Untracked 
|  61|0x00000000c3d00000, 0x00000000c3e00000, 0x00000000c3e00000|100%| O|  |TAMS 0x00000000c3d00000| PB 0x00000000c3d00000| Untracked 
|  62|0x00000000c3e00000, 0x00000000c3f00000, 0x00000000c3f00000|100%| O|  |TAMS 0x00000000c3e00000| PB 0x00000000c3e00000| Untracked 
|  63|0x00000000c3f00000, 0x00000000c4000000, 0x00000000c4000000|100%| O|  |TAMS 0x00000000c3f00000| PB 0x00000000c3f00000| Untracked 
|  64|0x00000000c4000000, 0x00000000c4000000, 0x00000000c4100000|  0%| F|  |TAMS 0x00000000c4000000| PB 0x00000000c4000000| Untracked 
|  65|0x00000000c4100000, 0x00000000c4200000, 0x00000000c4200000|100%| O|  |TAMS 0x00000000c4100000| PB 0x00000000c4100000| Untracked 
|  66|0x00000000c4200000, 0x00000000c4300000, 0x00000000c4300000|100%| O|  |TAMS 0x00000000c4200000| PB 0x00000000c4200000| Untracked 
|  67|0x00000000c4300000, 0x00000000c4400000, 0x00000000c4400000|100%| O|  |TAMS 0x00000000c4300000| PB 0x00000000c4300000| Untracked 
|  68|0x00000000c4400000, 0x00000000c4500000, 0x00000000c4500000|100%| O|  |TAMS 0x00000000c4400000| PB 0x00000000c4400000| Untracked 
|  69|0x00000000c4500000, 0x00000000c4600000, 0x00000000c4600000|100%| O|  |TAMS 0x00000000c4500000| PB 0x00000000c4500000| Untracked 
|  70|0x00000000c4600000, 0x00000000c4700000, 0x00000000c4700000|100%| O|  |TAMS 0x00000000c4600000| PB 0x00000000c4600000| Untracked 
|  71|0x00000000c4700000, 0x00000000c4800000, 0x00000000c4800000|100%| O|  |TAMS 0x00000000c4700000| PB 0x00000000c4700000| Untracked 
|  72|0x00000000c4800000, 0x00000000c4900000, 0x00000000c4900000|100%| O|  |TAMS 0x00000000c4800000| PB 0x00000000c4800000| Untracked 
|  73|0x00000000c4900000, 0x00000000c4a00000, 0x00000000c4a00000|100%| O|  |TAMS 0x00000000c4900000| PB 0x00000000c4900000| Untracked 
|  74|0x00000000c4a00000, 0x00000000c4b00000, 0x00000000c4b00000|100%| O|  |TAMS 0x00000000c4a00000| PB 0x00000000c4a00000| Untracked 
|  75|0x00000000c4b00000, 0x00000000c4c00000, 0x00000000c4c00000|100%| O|  |TAMS 0x00000000c4b00000| PB 0x00000000c4b00000| Untracked 
|  76|0x00000000c4c00000, 0x00000000c4d00000, 0x00000000c4d00000|100%| O|  |TAMS 0x00000000c4c00000| PB 0x00000000c4c00000| Untracked 
|  77|0x00000000c4d00000, 0x00000000c4d00000, 0x00000000c4e00000|  0%| F|  |TAMS 0x00000000c4d00000| PB 0x00000000c4d00000| Untracked 
|  78|0x00000000c4e00000, 0x00000000c4e00000, 0x00000000c4f00000|  0%| F|  |TAMS 0x00000000c4e00000| PB 0x00000000c4e00000| Untracked 
|  79|0x00000000c4f00000, 0x00000000c4f00000, 0x00000000c5000000|  0%| F|  |TAMS 0x00000000c4f00000| PB 0x00000000c4f00000| Untracked 
|  80|0x00000000c5000000, 0x00000000c5000000, 0x00000000c5100000|  0%| F|  |TAMS 0x00000000c5000000| PB 0x00000000c5000000| Untracked 
|  81|0x00000000c5100000, 0x00000000c5100000, 0x00000000c5200000|  0%| F|  |TAMS 0x00000000c5100000| PB 0x00000000c5100000| Untracked 
|  82|0x00000000c5200000, 0x00000000c5200000, 0x00000000c5300000|  0%| F|  |TAMS 0x00000000c5200000| PB 0x00000000c5200000| Untracked 
|  83|0x00000000c5300000, 0x00000000c5300000, 0x00000000c5400000|  0%| F|  |TAMS 0x00000000c5300000| PB 0x00000000c5300000| Untracked 
|  84|0x00000000c5400000, 0x00000000c5400000, 0x00000000c5500000|  0%| F|  |TAMS 0x00000000c5400000| PB 0x00000000c5400000| Untracked 
|  85|0x00000000c5500000, 0x00000000c5500000, 0x00000000c5600000|  0%| F|  |TAMS 0x00000000c5500000| PB 0x00000000c5500000| Untracked 
|  86|0x00000000c5600000, 0x00000000c5600000, 0x00000000c5700000|  0%| F|  |TAMS 0x00000000c5600000| PB 0x00000000c5600000| Untracked 
|  87|0x00000000c5700000, 0x00000000c5700000, 0x00000000c5800000|  0%| F|  |TAMS 0x00000000c5700000| PB 0x00000000c5700000| Untracked 
|  88|0x00000000c5800000, 0x00000000c5800000, 0x00000000c5900000|  0%| F|  |TAMS 0x00000000c5800000| PB 0x00000000c5800000| Untracked 
|  89|0x00000000c5900000, 0x00000000c5900000, 0x00000000c5a00000|  0%| F|  |TAMS 0x00000000c5900000| PB 0x00000000c5900000| Untracked 
|  90|0x00000000c5a00000, 0x00000000c5a00000, 0x00000000c5b00000|  0%| F|  |TAMS 0x00000000c5a00000| PB 0x00000000c5a00000| Untracked 
|  91|0x00000000c5b00000, 0x00000000c5b00000, 0x00000000c5c00000|  0%| F|  |TAMS 0x00000000c5b00000| PB 0x00000000c5b00000| Untracked 
|  92|0x00000000c5c00000, 0x00000000c5c00000, 0x00000000c5d00000|  0%| F|  |TAMS 0x00000000c5c00000| PB 0x00000000c5c00000| Untracked 
|  93|0x00000000c5d00000, 0x00000000c5d00000, 0x00000000c5e00000|  0%| F|  |TAMS 0x00000000c5d00000| PB 0x00000000c5d00000| Untracked 
|  94|0x00000000c5e00000, 0x00000000c5e00000, 0x00000000c5f00000|  0%| F|  |TAMS 0x00000000c5e00000| PB 0x00000000c5e00000| Untracked 
|  95|0x00000000c5f00000, 0x00000000c5f00000, 0x00000000c6000000|  0%| F|  |TAMS 0x00000000c5f00000| PB 0x00000000c5f00000| Untracked 
|  96|0x00000000c6000000, 0x00000000c6000000, 0x00000000c6100000|  0%| F|  |TAMS 0x00000000c6000000| PB 0x00000000c6000000| Untracked 
|  97|0x00000000c6100000, 0x00000000c6100000, 0x00000000c6200000|  0%| F|  |TAMS 0x00000000c6100000| PB 0x00000000c6100000| Untracked 
|  98|0x00000000c6200000, 0x00000000c6200000, 0x00000000c6300000|  0%| F|  |TAMS 0x00000000c6200000| PB 0x00000000c6200000| Untracked 
|  99|0x00000000c6300000, 0x00000000c6300000, 0x00000000c6400000|  0%| F|  |TAMS 0x00000000c6300000| PB 0x00000000c6300000| Untracked 
| 100|0x00000000c6400000, 0x00000000c6400000, 0x00000000c6500000|  0%| F|  |TAMS 0x00000000c6400000| PB 0x00000000c6400000| Untracked 
| 101|0x00000000c6500000, 0x00000000c6500000, 0x00000000c6600000|  0%| F|  |TAMS 0x00000000c6500000| PB 0x00000000c6500000| Untracked 
| 102|0x00000000c6600000, 0x00000000c6600000, 0x00000000c6700000|  0%| F|  |TAMS 0x00000000c6600000| PB 0x00000000c6600000| Untracked 
| 103|0x00000000c6700000, 0x00000000c6700000, 0x00000000c6800000|  0%| F|  |TAMS 0x00000000c6700000| PB 0x00000000c6700000| Untracked 
| 104|0x00000000c6800000, 0x00000000c6800000, 0x00000000c6900000|  0%| F|  |TAMS 0x00000000c6800000| PB 0x00000000c6800000| Untracked 
| 105|0x00000000c6900000, 0x00000000c6900000, 0x00000000c6a00000|  0%| F|  |TAMS 0x00000000c6900000| PB 0x00000000c6900000| Untracked 
| 106|0x00000000c6a00000, 0x00000000c6a00000, 0x00000000c6b00000|  0%| F|  |TAMS 0x00000000c6a00000| PB 0x00000000c6a00000| Untracked 
| 107|0x00000000c6b00000, 0x00000000c6b00000, 0x00000000c6c00000|  0%| F|  |TAMS 0x00000000c6b00000| PB 0x00000000c6b00000| Untracked 
| 108|0x00000000c6c00000, 0x00000000c6c00000, 0x00000000c6d00000|  0%| F|  |TAMS 0x00000000c6c00000| PB 0x00000000c6c00000| Untracked 
| 109|0x00000000c6d00000, 0x00000000c6d00000, 0x00000000c6e00000|  0%| F|  |TAMS 0x00000000c6d00000| PB 0x00000000c6d00000| Untracked 
| 110|0x00000000c6e00000, 0x00000000c6e00000, 0x00000000c6f00000|  0%| F|  |TAMS 0x00000000c6e00000| PB 0x00000000c6e00000| Untracked 
| 111|0x00000000c6f00000, 0x00000000c6f00000, 0x00000000c7000000|  0%| F|  |TAMS 0x00000000c6f00000| PB 0x00000000c6f00000| Untracked 
| 112|0x00000000c7000000, 0x00000000c7000000, 0x00000000c7100000|  0%| F|  |TAMS 0x00000000c7000000| PB 0x00000000c7000000| Untracked 
| 113|0x00000000c7100000, 0x00000000c7100000, 0x00000000c7200000|  0%| F|  |TAMS 0x00000000c7100000| PB 0x00000000c7100000| Untracked 
| 114|0x00000000c7200000, 0x00000000c7200000, 0x00000000c7300000|  0%| F|  |TAMS 0x00000000c7200000| PB 0x00000000c7200000| Untracked 
| 115|0x00000000c7300000, 0x00000000c7300000, 0x00000000c7400000|  0%| F|  |TAMS 0x00000000c7300000| PB 0x00000000c7300000| Untracked 
| 116|0x00000000c7400000, 0x00000000c7400000, 0x00000000c7500000|  0%| F|  |TAMS 0x00000000c7400000| PB 0x00000000c7400000| Untracked 
| 117|0x00000000c7500000, 0x00000000c7500000, 0x00000000c7600000|  0%| F|  |TAMS 0x00000000c7500000| PB 0x00000000c7500000| Untracked 
| 118|0x00000000c7600000, 0x00000000c7600000, 0x00000000c7700000|  0%| F|  |TAMS 0x00000000c7600000| PB 0x00000000c7600000| Untracked 
| 119|0x00000000c7700000, 0x00000000c7700000, 0x00000000c7800000|  0%| F|  |TAMS 0x00000000c7700000| PB 0x00000000c7700000| Untracked 
| 120|0x00000000c7800000, 0x00000000c7800000, 0x00000000c7900000|  0%| F|  |TAMS 0x00000000c7800000| PB 0x00000000c7800000| Untracked 
| 121|0x00000000c7900000, 0x00000000c7900000, 0x00000000c7a00000|  0%| F|  |TAMS 0x00000000c7900000| PB 0x00000000c7900000| Untracked 
| 122|0x00000000c7a00000, 0x00000000c7a00000, 0x00000000c7b00000|  0%| F|  |TAMS 0x00000000c7a00000| PB 0x00000000c7a00000| Untracked 
| 123|0x00000000c7b00000, 0x00000000c7b00000, 0x00000000c7c00000|  0%| F|  |TAMS 0x00000000c7b00000| PB 0x00000000c7b00000| Untracked 
| 124|0x00000000c7c00000, 0x00000000c7c00000, 0x00000000c7d00000|  0%| F|  |TAMS 0x00000000c7c00000| PB 0x00000000c7c00000| Untracked 
| 125|0x00000000c7d00000, 0x00000000c7d00000, 0x00000000c7e00000|  0%| F|  |TAMS 0x00000000c7d00000| PB 0x00000000c7d00000| Untracked 
| 126|0x00000000c7e00000, 0x00000000c7e00000, 0x00000000c7f00000|  0%| F|  |TAMS 0x00000000c7e00000| PB 0x00000000c7e00000| Untracked 
| 127|0x00000000c7f00000, 0x00000000c7f00000, 0x00000000c8000000|  0%| F|  |TAMS 0x00000000c7f00000| PB 0x00000000c7f00000| Untracked 
| 128|0x00000000c8000000, 0x00000000c808d310, 0x00000000c8100000| 55%| S|CS|TAMS 0x00000000c8000000| PB 0x00000000c8000000| Complete 
| 129|0x00000000c8100000, 0x00000000c8200000, 0x00000000c8200000|100%| S|CS|TAMS 0x00000000c8100000| PB 0x00000000c8100000| Complete 
| 130|0x00000000c8200000, 0x00000000c8300000, 0x00000000c8300000|100%| S|CS|TAMS 0x00000000c8200000| PB 0x00000000c8200000| Complete 
| 131|0x00000000c8300000, 0x00000000c8400000, 0x00000000c8400000|100%| S|CS|TAMS 0x00000000c8300000| PB 0x00000000c8300000| Complete 
| 132|0x00000000c8400000, 0x00000000c8500000, 0x00000000c8500000|100%| S|CS|TAMS 0x00000000c8400000| PB 0x00000000c8400000| Complete 
| 133|0x00000000c8500000, 0x00000000c8500000, 0x00000000c8600000|  0%| F|  |TAMS 0x00000000c8500000| PB 0x00000000c8500000| Untracked 
| 134|0x00000000c8600000, 0x00000000c8600000, 0x00000000c8700000|  0%| F|  |TAMS 0x00000000c8600000| PB 0x00000000c8600000| Untracked 
| 135|0x00000000c8700000, 0x00000000c8700000, 0x00000000c8800000|  0%| F|  |TAMS 0x00000000c8700000| PB 0x00000000c8700000| Untracked 
| 136|0x00000000c8800000, 0x00000000c8800000, 0x00000000c8900000|  0%| F|  |TAMS 0x00000000c8800000| PB 0x00000000c8800000| Untracked 
| 137|0x00000000c8900000, 0x00000000c8900000, 0x00000000c8a00000|  0%| F|  |TAMS 0x00000000c8900000| PB 0x00000000c8900000| Untracked 
| 138|0x00000000c8a00000, 0x00000000c8a00000, 0x00000000c8b00000|  0%| F|  |TAMS 0x00000000c8a00000| PB 0x00000000c8a00000| Untracked 
| 139|0x00000000c8b00000, 0x00000000c8b00000, 0x00000000c8c00000|  0%| F|  |TAMS 0x00000000c8b00000| PB 0x00000000c8b00000| Untracked 
| 140|0x00000000c8c00000, 0x00000000c8c00000, 0x00000000c8d00000|  0%| F|  |TAMS 0x00000000c8c00000| PB 0x00000000c8c00000| Untracked 
| 141|0x00000000c8d00000, 0x00000000c8d00000, 0x00000000c8e00000|  0%| F|  |TAMS 0x00000000c8d00000| PB 0x00000000c8d00000| Untracked 
| 142|0x00000000c8e00000, 0x00000000c8e00000, 0x00000000c8f00000|  0%| F|  |TAMS 0x00000000c8e00000| PB 0x00000000c8e00000| Untracked 
| 143|0x00000000c8f00000, 0x00000000c8f00000, 0x00000000c9000000|  0%| F|  |TAMS 0x00000000c8f00000| PB 0x00000000c8f00000| Untracked 
| 144|0x00000000c9000000, 0x00000000c9000000, 0x00000000c9100000|  0%| F|  |TAMS 0x00000000c9000000| PB 0x00000000c9000000| Untracked 
| 145|0x00000000c9100000, 0x00000000c9100000, 0x00000000c9200000|  0%| F|  |TAMS 0x00000000c9100000| PB 0x00000000c9100000| Untracked 
| 146|0x00000000c9200000, 0x00000000c9200000, 0x00000000c9300000|  0%| F|  |TAMS 0x00000000c9200000| PB 0x00000000c9200000| Untracked 
| 147|0x00000000c9300000, 0x00000000c9300000, 0x00000000c9400000|  0%| F|  |TAMS 0x00000000c9300000| PB 0x00000000c9300000| Untracked 
| 148|0x00000000c9400000, 0x00000000c9400000, 0x00000000c9500000|  0%| F|  |TAMS 0x00000000c9400000| PB 0x00000000c9400000| Untracked 
| 149|0x00000000c9500000, 0x00000000c9500000, 0x00000000c9600000|  0%| F|  |TAMS 0x00000000c9500000| PB 0x00000000c9500000| Untracked 
| 150|0x00000000c9600000, 0x00000000c9600000, 0x00000000c9700000|  0%| F|  |TAMS 0x00000000c9600000| PB 0x00000000c9600000| Untracked 
| 151|0x00000000c9700000, 0x00000000c9700000, 0x00000000c9800000|  0%| F|  |TAMS 0x00000000c9700000| PB 0x00000000c9700000| Untracked 
| 152|0x00000000c9800000, 0x00000000c9800000, 0x00000000c9900000|  0%| F|  |TAMS 0x00000000c9800000| PB 0x00000000c9800000| Untracked 
| 153|0x00000000c9900000, 0x00000000c9900000, 0x00000000c9a00000|  0%| F|  |TAMS 0x00000000c9900000| PB 0x00000000c9900000| Untracked 
| 154|0x00000000c9a00000, 0x00000000c9a00000, 0x00000000c9b00000|  0%| F|  |TAMS 0x00000000c9a00000| PB 0x00000000c9a00000| Untracked 
| 155|0x00000000c9b00000, 0x00000000c9b00000, 0x00000000c9c00000|  0%| F|  |TAMS 0x00000000c9b00000| PB 0x00000000c9b00000| Untracked 
| 156|0x00000000c9c00000, 0x00000000c9c00000, 0x00000000c9d00000|  0%| F|  |TAMS 0x00000000c9c00000| PB 0x00000000c9c00000| Untracked 
| 157|0x00000000c9d00000, 0x00000000c9d00000, 0x00000000c9e00000|  0%| F|  |TAMS 0x00000000c9d00000| PB 0x00000000c9d00000| Untracked 
| 158|0x00000000c9e00000, 0x00000000c9e00000, 0x00000000c9f00000|  0%| F|  |TAMS 0x00000000c9e00000| PB 0x00000000c9e00000| Untracked 
| 159|0x00000000c9f00000, 0x00000000c9f00000, 0x00000000ca000000|  0%| F|  |TAMS 0x00000000c9f00000| PB 0x00000000c9f00000| Untracked 
| 160|0x00000000ca000000, 0x00000000ca000000, 0x00000000ca100000|  0%| F|  |TAMS 0x00000000ca000000| PB 0x00000000ca000000| Untracked 
|1019|0x00000000ffb00000, 0x00000000ffb74128, 0x00000000ffc00000| 45%| E|  |TAMS 0x00000000ffb00000| PB 0x00000000ffb00000| Complete 
|1022|0x00000000ffe00000, 0x00000000fff00000, 0x00000000fff00000|100%| O|  |TAMS 0x00000000ffe00000| PB 0x00000000ffe00000| Untracked 
|1023|0x00000000fff00000, 0x0000000100000000, 0x0000000100000000|100%| E|CS|TAMS 0x00000000fff00000| PB 0x00000000fff00000| Complete 

Card table byte_map: [0x00007fc370800000,0x00007fc370a00000] _byte_map_base: 0x00007fc370200000

Marking Bits: (CMBitMap*) 0x00007fc36c058d70
 Bits: [0x00007fc353400000, 0x00007fc354400000)

Polling page: 0x00007fc3737ef000

Metaspace:

Usage:
  Non-class:     52,92 MB used.
      Class:      7,09 MB used.
       Both:     60,02 MB used.

Virtual space:
  Non-class space:       64,00 MB reserved,      54,00 MB ( 84%) committed,  1 nodes.
      Class space:        1,00 GB reserved,       7,81 MB ( <1%) committed,  1 nodes.
             Both:        1,06 GB reserved,      61,81 MB (  6%) committed. 

Chunk freelists:
   Non-Class:  9,91 MB
       Class:  8,10 MB
        Both:  18,01 MB

MaxMetaspaceSize: unlimited
CompressedClassSpaceSize: 1,00 GB
Initial GC threshold: 21,00 MB
Current GC threshold: 62,00 MB
CDS: on
 - commit_granule_bytes: 65536.
 - commit_granule_words: 8192.
 - virtual_space_node_default_size: 8388608.
 - enlarge_chunks_in_place: 1.
 - use_allocation_guard: 0.


Internal statistics:

num_allocs_failed_limit: 21.
num_arena_births: 1188.
num_arena_deaths: 0.
num_vsnodes_births: 2.
num_vsnodes_deaths: 0.
num_space_committed: 989.
num_space_uncommitted: 0.
num_chunks_returned_to_freelist: 21.
num_chunks_taken_from_freelist: 3974.
num_chunk_merges: 21.
num_chunk_splits: 2433.
num_chunks_enlarged: 1333.
num_inconsistent_stats: 0.

CodeHeap 'non-profiled nmethods': size=120028Kb used=6087Kb max_used=6087Kb free=113940Kb
 bounds [0x00007fc35bec9000, 0x00007fc35c4c9000, 0x00007fc363400000]
CodeHeap 'profiled nmethods': size=120028Kb used=19164Kb max_used=19164Kb free=100863Kb
 bounds [0x00007fc354400000, 0x00007fc3556c0000, 0x00007fc35b937000]
CodeHeap 'non-nmethods': size=5704Kb used=1958Kb max_used=1994Kb free=3745Kb
 bounds [0x00007fc35b937000, 0x00007fc35bba7000, 0x00007fc35bec9000]
CodeCache: size=245760Kb, used=27209Kb, max_used=27245Kb, free=218548Kb
 total_blobs=9757, nmethods=8789, adapters=872, full_count=0
Compilation: enabled, stopped_count=0, restarted_count=0

Compilation events (20 events):
Event: 14,602 Thread 0x00007fc36c109db0 nmethod 9272 0x00007fc35c4b6810 code [0x00007fc35c4b69a0, 0x00007fc35c4b6a60]
Event: 14,604 Thread 0x00007fc36c109db0 9274       3       org.eclipse.ui.internal.progress.ProgressManager::isCurrentDisplaying (21 bytes)
Event: 14,605 Thread 0x00007fc36c109db0 nmethod 9274 0x00007fc3556b2690 code [0x00007fc3556b2860, 0x00007fc3556b2c48]
Event: 14,610 Thread 0x00007fc36c100700 nmethod 9248 0x00007fc35c4b6b10 code [0x00007fc35c4b6ca0, 0x00007fc35c4b71f0]
Event: 14,612 Thread 0x00007fc36c100700 9275       4       sun.security.ec.ECOperations$PointMultiplier::lookup (84 bytes)
Event: 14,616 Thread 0x00007fc36c109db0 9278       3       org.eclipse.swt.graphics.GC::setBackground (68 bytes)
Event: 14,617 Thread 0x00007fc36c109db0 nmethod 9278 0x00007fc3556b2e10 code [0x00007fc3556b3020, 0x00007fc3556b3618]
Event: 14,621 Thread 0x00007fc36c109db0 9283       3       org.eclipse.swt.widgets.Tree::getId (63 bytes)
Event: 14,621 Thread 0x00007fc36c109db0 nmethod 9283 0x00007fc3556b3890 code [0x00007fc3556b3a60, 0x00007fc3556b3da0]
Event: 14,623 Thread 0x00007fc36c109db0 9284       3       org.eclipse.swt.graphics.GC::setClipping (157 bytes)
Event: 14,624 Thread 0x00007fc36c109db0 nmethod 9284 0x00007fc3556b3f10 code [0x00007fc3556b4160, 0x00007fc3556b4828]
Event: 14,624 Thread 0x00007fc36c109db0 9285       3       org.eclipse.swt.graphics.GC::setCairoClip (110 bytes)
Event: 14,625 Thread 0x00007fc36c109db0 nmethod 9285 0x00007fc3556b4b10 code [0x00007fc3556b4d80, 0x00007fc3556b53d8]
Event: 14,625 Thread 0x00007fc36c109db0 9286       3       sun.security.util.math.intpoly.IntegerPolynomial::get0 (5 bytes)
Event: 14,625 Thread 0x00007fc36c109db0 nmethod 9286 0x00007fc3556b5710 code [0x00007fc3556b58c0, 0x00007fc3556b5bb0]
Event: 14,630 Thread 0x00007fc2d412fe10 nmethod 9257 0x00007fc35c4b8690 code [0x00007fc35c4b8880, 0x00007fc35c4b9170]
Event: 14,630 Thread 0x00007fc2d412fe10 9276       4       sun.security.util.math.intpoly.IntegerPolynomial$MutableElement::setAdditiveInverse (32 bytes)
Event: 14,636 Thread 0x00007fc36c109db0 9287       3       sun.security.ec.ECOperations$PointMultiplier$Secp256R1GeneratorMultiplier::bit (13 bytes)
Event: 14,636 Thread 0x00007fc36c109db0 nmethod 9287 0x00007fc3556b5d10 code [0x00007fc3556b5ea0, 0x00007fc3556b5fc0]
Event: 14,637 Thread 0x00007fc2d412fe10 nmethod 9276 0x00007fc35c4b9690 code [0x00007fc35c4b9820, 0x00007fc35c4b99f0]

GC Heap History (20 events):
Event: 3,222 GC heap before
{Heap before GC invocations=10 (full 0):
 garbage-first heap   total 87040K, used 70242K [0x00000000c0000000, 0x0000000100000000)
  region size 1024K, 16 young (16384K), 2 survivors (2048K)
 Metaspace       used 11943K, committed 12288K, reserved 1114112K
  class space    used 1196K, committed 1344K, reserved 1048576K
}
Event: 3,230 GC heap after
{Heap after GC invocations=11 (full 0):
 garbage-first heap   total 174080K, used 60791K [0x00000000c0000000, 0x0000000100000000)
  region size 1024K, 2 young (2048K), 2 survivors (2048K)
 Metaspace       used 11943K, committed 12288K, reserved 1114112K
  class space    used 1196K, committed 1344K, reserved 1048576K
}
Event: 5,257 GC heap before
{Heap before GC invocations=11 (full 0):
 garbage-first heap   total 174080K, used 119159K [0x00000000c0000000, 0x0000000100000000)
  region size 1024K, 59 young (60416K), 2 survivors (2048K)
 Metaspace       used 14578K, committed 15104K, reserved 1114112K
  class space    used 1457K, committed 1664K, reserved 1048576K
}
Event: 5,273 GC heap after
{Heap after GC invocations=12 (full 0):
 garbage-first heap   total 174080K, used 71338K [0x00000000c0000000, 0x0000000100000000)
  region size 1024K, 8 young (8192K), 8 survivors (8192K)
 Metaspace       used 14578K, committed 15104K, reserved 1114112K
  class space    used 1457K, committed 1664K, reserved 1048576K
}
Event: 6,080 GC heap before
{Heap before GC invocations=12 (full 0):
 garbage-first heap   total 174080K, used 88746K [0x00000000c0000000, 0x0000000100000000)
  region size 1024K, 27 young (27648K), 8 survivors (8192K)
 Metaspace       used 20757K, committed 21504K, reserved 1114112K
  class space    used 2064K, committed 2368K, reserved 1048576K
}
Event: 6,097 GC heap after
{Heap after GC invocations=13 (full 0):
 garbage-first heap   total 174080K, used 75401K [0x00000000c0000000, 0x0000000100000000)
  region size 1024K, 4 young (4096K), 4 survivors (4096K)
 Metaspace       used 20757K, committed 21504K, reserved 1114112K
  class space    used 2064K, committed 2368K, reserved 1048576K
}
Event: 8,715 GC heap before
{Heap before GC invocations=14 (full 0):
 garbage-first heap   total 174080K, used 134793K [0x00000000c0000000, 0x0000000100000000)
  region size 1024K, 62 young (63488K), 4 survivors (4096K)
 Metaspace       used 35092K, committed 36288K, reserved 1114112K
  class space    used 3959K, committed 4544K, reserved 1048576K
}
Event: 8,724 GC heap after
{Heap after GC invocations=15 (full 0):
 garbage-first heap   total 174080K, used 82513K [0x00000000c0000000, 0x0000000100000000)
  region size 1024K, 9 young (9216K), 9 survivors (9216K)
 Metaspace       used 35092K, committed 36288K, reserved 1114112K
  class space    used 3959K, committed 4544K, reserved 1048576K
}
Event: 8,828 GC heap before
{Heap before GC invocations=15 (full 0):
 garbage-first heap   total 174080K, used 84561K [0x00000000c0000000, 0x0000000100000000)
  region size 1024K, 12 young (12288K), 9 survivors (9216K)
 Metaspace       used 35405K, committed 36608K, reserved 1114112K
  class space    used 3994K, committed 4544K, reserved 1048576K
}
Event: 8,836 GC heap after
{Heap after GC invocations=16 (full 0):
 garbage-first heap   total 174080K, used 69030K [0x00000000c0000000, 0x0000000100000000)
  region size 1024K, 2 young (2048K), 2 survivors (2048K)
 Metaspace       used 35405K, committed 36608K, reserved 1114112K
  class space    used 3994K, committed 4544K, reserved 1048576K
}
Event: 8,890 GC heap before
{Heap before GC invocations=16 (full 0):
 garbage-first heap   total 174080K, used 70054K [0x00000000c0000000, 0x0000000100000000)
  region size 1024K, 4 young (4096K), 2 survivors (2048K)
 Metaspace       used 35694K, committed 36928K, reserved 1114112K
  class space    used 4024K, committed 4608K, reserved 1048576K
}
Event: 8,897 GC heap after
{Heap after GC invocations=17 (full 0):
 garbage-first heap   total 174080K, used 56462K [0x00000000c0000000, 0x0000000100000000)
  region size 1024K, 1 young (1024K), 1 survivors (1024K)
 Metaspace       used 35694K, committed 36928K, reserved 1114112K
  class space    used 4024K, committed 4608K, reserved 1048576K
}
Event: 8,932 GC heap before
{Heap before GC invocations=17 (full 0):
 garbage-first heap   total 174080K, used 57486K [0x00000000c0000000, 0x0000000100000000)
  region size 1024K, 3 young (3072K), 1 survivors (1024K)
 Metaspace       used 35866K, committed 37248K, reserved 1114112K
  class space    used 4045K, committed 4672K, reserved 1048576K
}
Event: 8,936 GC heap after
{Heap after GC invocations=18 (full 0):
 garbage-first heap   total 174080K, used 54087K [0x00000000c0000000, 0x0000000100000000)
  region size 1024K, 1 young (1024K), 1 survivors (1024K)
 Metaspace       used 35866K, committed 37248K, reserved 1114112K
  class space    used 4045K, committed 4672K, reserved 1048576K
}
Event: 9,043 GC heap before
{Heap before GC invocations=18 (full 0):
 garbage-first heap   total 174080K, used 58183K [0x00000000c0000000, 0x0000000100000000)
  region size 1024K, 3 young (3072K), 1 survivors (1024K)
 Metaspace       used 36234K, committed 37568K, reserved 1114112K
  class space    used 4081K, committed 4672K, reserved 1048576K
}
Event: 9,046 GC heap after
{Heap after GC invocations=19 (full 0):
 garbage-first heap   total 174080K, used 54013K [0x00000000c0000000, 0x0000000100000000)
  region size 1024K, 1 young (1024K), 1 survivors (1024K)
 Metaspace       used 36234K, committed 37568K, reserved 1114112K
  class space    used 4081K, committed 4672K, reserved 1048576K
}
Event: 13,452 GC heap before
{Heap before GC invocations=20 (full 0):
 garbage-first heap   total 167936K, used 137981K [0x00000000c0000000, 0x0000000100000000)
  region size 1024K, 88 young (90112K), 1 survivors (1024K)
 Metaspace       used 51665K, committed 53376K, reserved 1114112K
  class space    used 6130K, committed 6848K, reserved 1048576K
}
Event: 13,462 GC heap after
{Heap after GC invocations=21 (full 0):
 garbage-first heap   total 167936K, used 62268K [0x00000000c0000000, 0x0000000100000000)
  region size 1024K, 11 young (11264K), 11 survivors (11264K)
 Metaspace       used 51665K, committed 53376K, reserved 1114112K
  class space    used 6130K, committed 6848K, reserved 1048576K
}
Event: 14,585 GC heap before
{Heap before GC invocations=21 (full 0):
 garbage-first heap   total 167936K, used 91964K [0x00000000c0000000, 0x0000000100000000)
  region size 1024K, 41 young (41984K), 11 survivors (11264K)
 Metaspace       used 61376K, committed 63168K, reserved 1114112K
  class space    used 7251K, committed 8000K, reserved 1048576K
}
Event: 14,598 GC heap after
{Heap after GC invocations=22 (full 0):
 garbage-first heap   total 167936K, used 55192K [0x00000000c0000000, 0x0000000100000000)
  region size 1024K, 5 young (5120K), 5 survivors (5120K)
 Metaspace       used 61376K, committed 63168K, reserved 1114112K
  class space    used 7251K, committed 8000K, reserved 1048576K
}

Dll operation events (17 events):
Event: 0,005 Loaded shared library /app/jre/lib/libjava.so
Event: 0,034 Loaded shared library /app/jre/lib/libjsvml.so
Event: 0,061 Loaded shared library /app/jre/lib/libnio.so
Event: 0,062 Loaded shared library /app/jre/lib/libzip.so
Event: 0,156 Loaded shared library /app/jre/lib/libjimage.so
Event: 0,245 Loaded shared library /app/jre/lib/libnet.so
Event: 0,249 Loaded shared library /app/bin/plugins/org.eclipse.equinox.launcher.gtk.linux.x86_64_1.2.1500.v20250801-0854/eclipse_11916.so
Event: 5,671 Loaded shared library /app/jre/lib/libverify.so
Event: 5,973 Loaded shared library /home/jalapc/.eclipse/487352054_linux_gtk_x86_64/configuration/org.eclipse.osgi/153/0/.cp/libswt-gtk-4971r15.so
Event: 5,977 Loaded shared library /home/jalapc/.eclipse/487352054_linux_gtk_x86_64/configuration/org.eclipse.osgi/153/0/.cp/libswt-pi3-gtk-4971r15.so
Event: 6,402 Loaded shared library /home/jalapc/.eclipse/487352054_linux_gtk_x86_64/configuration/org.eclipse.osgi/153/0/.cp/libswt-cairo-gtk-4971r15.so
Event: 7,327 Loaded shared library /home/jalapc/.eclipse/487352054_linux_gtk_x86_64/configuration/org.eclipse.osgi/50/0/.cp/os/linux/x86_64/libunixfile_1_0_0.so
Event: 7,446 Loaded shared library /app/jre/lib/libjaas.so
Event: 7,852 Loaded shared library /app/jre/lib/libextnet.so
Event: 9,065 Loaded shared library /home/jalapc/.eclipse/487352054_linux_gtk_x86_64/configuration/org.eclipse.osgi/153/0/.cp/libswt-atk-gtk-4971r15.so
Event: 13,522 Loaded shared library /app/jre/lib/libawt.so
Event: 13,523 Loaded shared library /app/jre/lib/libawt_headless.so

Deoptimization events (20 events):
Event: 14,514 Thread 0x00007fc36c01bf60 Uncommon trap: trap_request=0xffffff45 fr.pc=0x00007fc35c3730d0 relative=0x0000000000000d10
Event: 14,514 Thread 0x00007fc36c01bf60 Uncommon trap: reason=unstable_if action=reinterpret pc=0x00007fc35c3730d0 method=jdk.internal.org.objectweb.asm.Frame.getAbstractTypeFromDescriptor(Ljdk/internal/org/objectweb/asm/SymbolTable;Ljava/lang/String;I)I @ 189 c2
Event: 14,514 Thread 0x00007fc36c01bf60 DEOPT PACKING pc=0x00007fc35c3730d0 sp=0x00007fc3719fbae0
Event: 14,514 Thread 0x00007fc36c01bf60 DEOPT UNPACKING pc=0x00007fc35b98af99 sp=0x00007fc3719fbaa0 mode 2
Event: 14,516 Thread 0x00007fc36c01bf60 Uncommon trap: trap_request=0xffffffde fr.pc=0x00007fc35c388528 relative=0x00000000000050e8
Event: 14,516 Thread 0x00007fc36c01bf60 Uncommon trap: reason=class_check action=maybe_recompile pc=0x00007fc35c388528 method=java.lang.invoke.MethodHandleImpl.makePairwiseConvertByEditor(Ljava/lang/invoke/MethodHandle;Ljava/lang/invoke/MethodType;ZZ)Ljava/lang/invoke/MethodHandle; @ 229 c2
Event: 14,516 Thread 0x00007fc36c01bf60 DEOPT PACKING pc=0x00007fc35c388528 sp=0x00007fc3719fc290
Event: 14,516 Thread 0x00007fc36c01bf60 DEOPT UNPACKING pc=0x00007fc35b98af99 sp=0x00007fc3719fc268 mode 2
Event: 14,517 Thread 0x00007fc36c01bf60 Uncommon trap: trap_request=0xffffff45 fr.pc=0x00007fc35c3ff288 relative=0x0000000000000168
Event: 14,517 Thread 0x00007fc36c01bf60 Uncommon trap: reason=unstable_if action=reinterpret pc=0x00007fc35c3ff288 method=jdk.internal.org.objectweb.asm.ByteVector.putByteArray([BII)Ljdk/internal/org/objectweb/asm/ByteVector; @ 20 c2
Event: 14,517 Thread 0x00007fc36c01bf60 DEOPT PACKING pc=0x00007fc35c3ff288 sp=0x00007fc3719fbea0
Event: 14,517 Thread 0x00007fc36c01bf60 DEOPT UNPACKING pc=0x00007fc35b98af99 sp=0x00007fc3719fbe70 mode 2
Event: 14,517 Thread 0x00007fc36c01bf60 Uncommon trap: trap_request=0xffffff45 fr.pc=0x00007fc35c3bb6c4 relative=0x0000000000000224
Event: 14,517 Thread 0x00007fc36c01bf60 Uncommon trap: reason=unstable_if action=reinterpret pc=0x00007fc35c3bb6c4 method=jdk.internal.org.objectweb.asm.Label.resolve([BI)Z @ 80 c2
Event: 14,517 Thread 0x00007fc36c01bf60 DEOPT PACKING pc=0x00007fc35c3bb6c4 sp=0x00007fc3719fbec0
Event: 14,517 Thread 0x00007fc36c01bf60 DEOPT UNPACKING pc=0x00007fc35b98af99 sp=0x00007fc3719fbe48 mode 2
Event: 14,521 Thread 0x00007fc36c01bf60 Uncommon trap: trap_request=0xffffff45 fr.pc=0x00007fc35bf6d628 relative=0x0000000000000108
Event: 14,521 Thread 0x00007fc36c01bf60 Uncommon trap: reason=unstable_if action=reinterpret pc=0x00007fc35bf6d628 method=jdk.internal.org.objectweb.asm.ByteVector.putShort(I)Ljdk/internal/org/objectweb/asm/ByteVector; @ 13 c2
Event: 14,521 Thread 0x00007fc36c01bf60 DEOPT PACKING pc=0x00007fc35bf6d628 sp=0x00007fc3719fbc70
Event: 14,521 Thread 0x00007fc36c01bf60 DEOPT UNPACKING pc=0x00007fc35b98af99 sp=0x00007fc3719fbc18 mode 2

Classes loaded (20 events):
Event: 14,530 Loading class sun/security/ssl/ECDHKeyExchange$ECDHEPossession
Event: 14,530 Loading class sun/security/ssl/ECDHKeyExchange$ECDHEPossession done
Event: 14,531 Loading class sun/security/util/math/intpoly/IntegerPolynomialP384
Event: 14,531 Loading class sun/security/util/math/intpoly/IntegerPolynomialP384 done
Event: 14,531 Loading class sun/security/util/math/intpoly/IntegerPolynomialP521
Event: 14,531 Loading class sun/security/util/math/intpoly/IntegerPolynomialP521 done
Event: 14,531 Loading class sun/security/util/math/intpoly/P384OrderField
Event: 14,531 Loading class sun/security/util/math/intpoly/P384OrderField done
Event: 14,532 Loading class sun/security/util/math/intpoly/P521OrderField
Event: 14,532 Loading class sun/security/util/math/intpoly/P521OrderField done
Event: 14,533 Loading class java/security/interfaces/ECPrivateKey
Event: 14,533 Loading class java/security/interfaces/ECPrivateKey done
Event: 14,538 Loading class sun/security/util/math/IntegerModuloP$MultiplicativeInverser$Secp256R1
Event: 14,538 Loading class sun/security/util/math/IntegerModuloP$MultiplicativeInverser$Secp256R1 done
Event: 14,636 Loading class sun/security/ssl/KeyShareExtension$CHKeyShareSpec
Event: 14,636 Loading class sun/security/ssl/KeyShareExtension$CHKeyShareSpec done
Event: 14,637 Loading class sun/security/ssl/OutputRecord$T13PaddingHolder
Event: 14,637 Loading class sun/security/ssl/OutputRecord$T13PaddingHolder done
Event: 14,637 Loading class sun/security/ssl/ContentType
Event: 14,637 Loading class sun/security/ssl/ContentType done

Classes unloaded (0 events):
No events

Classes redefined (0 events):
No events

Internal exceptions (20 events):
Event: 13,519 Thread 0x00007fc36c01bf60 Exception <a 'java/lang/ClassNotFoundException'{0x00000000ffb75418}: sun/awt/resources/spi/awtProvider> (0x00000000ffb75418) 
thrown [src/hotspot/share/classfile/systemDictionary.cpp, line 312]
Event: 13,523 Thread 0x00007fc36c01bf60 Exception <a 'java/io/FileNotFoundException'{0x00000000ffb7f128}> (0x00000000ffb7f128) 
thrown [src/hotspot/share/prims/jni.cpp, line 520]
Event: 13,523 Thread 0x00007fc36c01bf60 Exception <a 'java/io/FileNotFoundException'{0x00000000ffb88a98}> (0x00000000ffb88a98) 
thrown [src/hotspot/share/prims/jni.cpp, line 520]
Event: 13,621 Thread 0x00007fc36c01bf60 Exception <a 'java/lang/NoSuchMethodError'{0x00000000ca0b1e70}: 'float java.lang.invoke.DirectMethodHandle$Holder.invokeInterface(java.lang.Object, java.lang.Object)'> (0x00000000ca0b1e70) 
thrown [src/hotspot/share/interpreter/linkResolver.cpp, line 772]
Event: 13,621 Thread 0x00007fc36c01bf60 Exception <a 'java/lang/IncompatibleClassChangeError'{0x00000000ca0b5708}: Found class java.lang.Object, but interface was expected> (0x00000000ca0b5708) 
thrown [src/hotspot/share/interpreter/linkResolver.cpp, line 840]
Event: 14,273 Thread 0x00007fc36c01bf60 Exception <a 'java/io/FileNotFoundException'{0x00000000c8b4bdf0}> (0x00000000c8b4bdf0) 
thrown [src/hotspot/share/prims/jni.cpp, line 520]
Event: 14,273 Thread 0x00007fc36c01bf60 Exception <a 'java/io/FileNotFoundException'{0x00000000c8b4d0d8}> (0x00000000c8b4d0d8) 
thrown [src/hotspot/share/prims/jni.cpp, line 520]
Event: 14,285 Thread 0x00007fc36c01bf60 Exception <a 'java/io/FileNotFoundException'{0x00000000c8b98fb0}> (0x00000000c8b98fb0) 
thrown [src/hotspot/share/prims/jni.cpp, line 520]
Event: 14,348 Thread 0x00007fc36c01bf60 Implicit null exception at 0x00007fc35c1fc1e7 to 0x00007fc35c1fc254
Event: 14,507 Thread 0x00007fc36c01bf60 Exception <a 'java/lang/NoSuchMethodError'{0x00000000c87697a8}: 'java.lang.Object java.lang.invoke.DirectMethodHandle$Holder.invokeStaticInit(java.lang.Object, java.lang.Object, java.lang.Object, java.lang.Object, java.lang.Object)'> (0x00000000c87697a8) 
thrown [src/hotspot/share/interpreter/linkResolver.cpp, line 772]
Event: 14,509 Thread 0x00007fc36c01bf60 Exception <a 'java/lang/NoSuchMethodError'{0x00000000c87708d8}: 'int java.lang.invoke.DirectMethodHandle$Holder.invokeStaticInit(java.lang.Object, java.lang.Object, java.lang.Object, java.lang.Object, java.lang.Object)'> (0x00000000c87708d8) 
thrown [src/hotspot/share/interpreter/linkResolver.cpp, line 772]
Event: 14,509 Thread 0x00007fc36c01bf60 Exception <a 'java/lang/NoSuchMethodError'{0x00000000c87741a8}: 'int java.lang.invoke.DirectMethodHandle$Holder.invokeStaticInit(java.lang.Object, int)'> (0x00000000c87741a8) 
thrown [src/hotspot/share/interpreter/linkResolver.cpp, line 772]
Event: 14,510 Thread 0x00007fc36c01bf60 Exception <a 'java/lang/NoSuchMethodError'{0x00000000c8777c78}: 'int java.lang.invoke.DirectMethodHandle$Holder.invokeStatic(java.lang.Object, java.lang.Object, java.lang.Object, java.lang.Object, java.lang.Object, java.lang.Object)'> (0x00000000c8777c78) 
thrown [src/hotspot/share/interpreter/linkResolver.cpp, line 772]
Event: 14,510 Thread 0x00007fc36c01bf60 Exception <a 'java/lang/NoSuchMethodError'{0x00000000c877b420}: 'int java.lang.invoke.DirectMethodHandle$Holder.invokeStaticInit(java.lang.Object, java.lang.Object, java.lang.Object, java.lang.Object, java.lang.Object, java.lang.Object)'> (0x00000000c877b420) 
thrown [src/hotspot/share/interpreter/linkResolver.cpp, line 772]
Event: 14,512 Thread 0x00007fc36c01bf60 Exception <a 'java/lang/NoSuchMethodError'{0x00000000c8786e80}: 'java.lang.Object java.lang.invoke.DirectMethodHandle$Holder.invokeStatic(java.lang.Object, int, java.lang.Object, java.lang.Object)'> (0x00000000c8786e80) 
thrown [src/hotspot/share/interpreter/linkResolver.cpp, line 772]
Event: 14,513 Thread 0x00007fc36c01bf60 Exception <a 'java/lang/NoSuchMethodError'{0x00000000c878a680}: 'java.lang.Object java.lang.invoke.DelegatingMethodHandle$Holder.delegate(java.lang.Object, int, java.lang.Object, java.lang.Object)'> (0x00000000c878a680) 
thrown [src/hotspot/share/interpreter/linkResolver.cpp, line 772]
Event: 14,514 Thread 0x00007fc36c01bf60 Implicit null exception at 0x00007fc35c2cea78 to 0x00007fc35c2cee14
Event: 14,517 Thread 0x00007fc36c01bf60 Implicit null exception at 0x00007fc35c3ff175 to 0x00007fc35c3ff26c
Event: 14,520 Thread 0x00007fc36c01bf60 Exception <a 'java/lang/NoSuchMethodError'{0x00000000c87fd750}: 'int java.lang.invoke.DirectMethodHandle$Holder.invokeSpecial(java.lang.Object, java.lang.Object, int)'> (0x00000000c87fd750) 
thrown [src/hotspot/share/interpreter/linkResolver.cpp, line 772]
Event: 14,521 Thread 0x00007fc36c01bf60 Exception <a 'java/lang/NoSuchMethodError'{0x00000000c86054c8}: 'int java.lang.invoke.Invokers$Holder.linkToTargetMethod(java.lang.Object, int, java.lang.Object)'> (0x00000000c86054c8) 
thrown [src/hotspot/share/interpreter/linkResolver.cpp, line 772]

ZGC Phase Switch (0 events):
No events

VM Operations (20 events):
Event: 12,994 Executing VM operation: ICBufferFull
Event: 12,994 Executing VM operation: ICBufferFull done
Event: 13,447 Executing VM operation: HandshakeAllThreads (Deoptimize)
Event: 13,448 Executing VM operation: HandshakeAllThreads (Deoptimize) done
Event: 13,452 Executing VM operation: G1CollectForAllocation (G1 Evacuation Pause)
Event: 13,462 Executing VM operation: G1CollectForAllocation (G1 Evacuation Pause) done
Event: 13,600 Executing VM operation: HandshakeAllThreads (Deoptimize)
Event: 13,600 Executing VM operation: HandshakeAllThreads (Deoptimize) done
Event: 13,637 Executing VM operation: HandshakeAllThreads (Deoptimize)
Event: 13,637 Executing VM operation: HandshakeAllThreads (Deoptimize) done
Event: 14,140 Executing VM operation: ICBufferFull
Event: 14,141 Executing VM operation: ICBufferFull done
Event: 14,289 Executing VM operation: HandshakeAllThreads (Deoptimize)
Event: 14,289 Executing VM operation: HandshakeAllThreads (Deoptimize) done
Event: 14,310 Executing VM operation: HandshakeAllThreads (Deoptimize)
Event: 14,310 Executing VM operation: HandshakeAllThreads (Deoptimize) done
Event: 14,483 Executing VM operation: HandshakeAllThreads (Deoptimize)
Event: 14,483 Executing VM operation: HandshakeAllThreads (Deoptimize) done
Event: 14,585 Executing VM operation: CollectForMetadataAllocation (Metadata GC Threshold)
Event: 14,598 Executing VM operation: CollectForMetadataAllocation (Metadata GC Threshold) done

Memory protections (20 events):
Event: 6,005 Protecting memory [0x00007fc2b9620000,0x00007fc2b9624000] with protection modes 0
Event: 6,696 Protecting memory [0x00007fc2fae00000,0x00007fc2fae04000] with protection modes 0
Event: 6,697 Protecting memory [0x00007fc2b9e24000,0x00007fc2b9e28000] with protection modes 0
Event: 7,371 Protecting memory [0x00007fc2b8c1e000,0x00007fc2b8c22000] with protection modes 0
Event: 7,424 Protecting memory [0x00007fc2b8900000,0x00007fc2b8904000] with protection modes 0
Event: 7,577 Protecting memory [0x00007fc2b8800000,0x00007fc2b8804000] with protection modes 0
Event: 7,868 Protecting memory [0x00007fc2b8700000,0x00007fc2b8704000] with protection modes 0
Event: 7,879 Protecting memory [0x00007fc2b8600000,0x00007fc2b8604000] with protection modes 0
Event: 8,030 Protecting memory [0x00007fc2b8500000,0x00007fc2b8504000] with protection modes 0
Event: 8,927 Protecting memory [0x00007fc2b8400000,0x00007fc2b8404000] with protection modes 0
Event: 9,464 Protecting memory [0x00007fc2b9e24000,0x00007fc2b9e28000] with protection modes 0
Event: 10,067 Protecting memory [0x00007fc2fae00000,0x00007fc2fae04000] with protection modes 0
Event: 10,310 Protecting memory [0x00007fc2fae00000,0x00007fc2fae04000] with protection modes 0
Event: 10,333 Protecting memory [0x00007fc2b9e24000,0x00007fc2b9e28000] with protection modes 0
Event: 13,231 Protecting memory [0x00007fc2bacfb000,0x00007fc2bacff000] with protection modes 0
Event: 13,237 Protecting memory [0x00007fc2baffb000,0x00007fc2bafff000] with protection modes 0
Event: 13,240 Protecting memory [0x00007fc2ba6fb000,0x00007fc2ba6ff000] with protection modes 0
Event: 13,594 Protecting memory [0x00007fc2b9e24000,0x00007fc2b9e28000] with protection modes 0
Event: 14,152 Protecting memory [0x00007fc2baafb000,0x00007fc2baaff000] with protection modes 0
Event: 14,445 Protecting memory [0x00007fc2babfb000,0x00007fc2babff000] with protection modes 0

Nmethod flushes (20 events):
Event: 9,079 Thread 0x00007fc36c0ec100 flushing  nmethod 0x00007fc3547e9d10
Event: 9,079 Thread 0x00007fc36c0ec100 flushing  nmethod 0x00007fc354860490
Event: 9,079 Thread 0x00007fc36c0ec100 flushing  nmethod 0x00007fc354866390
Event: 9,079 Thread 0x00007fc36c0ec100 flushing  nmethod 0x00007fc354866b10
Event: 9,079 Thread 0x00007fc36c0ec100 flushing  nmethod 0x00007fc354533d90
Event: 9,079 Thread 0x00007fc36c0ec100 flushing  nmethod 0x00007fc354534d10
Event: 9,079 Thread 0x00007fc36c0ec100 flushing  nmethod 0x00007fc354535b90
Event: 9,079 Thread 0x00007fc36c0ec100 flushing  nmethod 0x00007fc35466e990
Event: 9,079 Thread 0x00007fc36c0ec100 flushing  nmethod 0x00007fc354671690
Event: 9,079 Thread 0x00007fc36c0ec100 flushing  nmethod 0x00007fc3546c3490
Event: 9,079 Thread 0x00007fc36c0ec100 flushing  nmethod 0x00007fc354993390
Event: 9,079 Thread 0x00007fc36c0ec100 flushing  nmethod 0x00007fc354516310
Event: 9,079 Thread 0x00007fc36c0ec100 flushing  nmethod 0x00007fc35451d410
Event: 9,079 Thread 0x00007fc36c0ec100 flushing  nmethod 0x00007fc3547d7d10
Event: 9,079 Thread 0x00007fc36c0ec100 flushing  nmethod 0x00007fc3547e1990
Event: 9,079 Thread 0x00007fc36c0ec100 flushing  nmethod 0x00007fc3547e2290
Event: 9,079 Thread 0x00007fc36c0ec100 flushing  nmethod 0x00007fc354856290
Event: 9,079 Thread 0x00007fc36c0ec100 flushing  nmethod 0x00007fc354859d90
Event: 9,079 Thread 0x00007fc36c0ec100 flushing  nmethod 0x00007fc3548afd90
Event: 9,079 Thread 0x00007fc36c0ec100 flushing  nmethod 0x00007fc354990210

Events (20 events):
Event: 10,333 Thread 0x00007fc36c109db0 Thread added: 0x00007fc2d44122d0
Event: 12,672 Thread 0x00007fc2a0009440 Thread exited: 0x00007fc2a0009440
Event: 12,672 Thread 0x00007fc36c597a40 Thread exited: 0x00007fc36c597a40
Event: 12,672 Thread 0x00007fc36c5925c0 Thread exited: 0x00007fc36c5925c0
Event: 12,675 Thread 0x00007fc28c001810 Thread exited: 0x00007fc28c001810
Event: 12,677 Thread 0x00007fc36c596300 Thread exited: 0x00007fc36c596300
Event: 12,684 Thread 0x00007fc274000fb0 Thread exited: 0x00007fc274000fb0
Event: 12,686 Thread 0x00007fc268000fb0 Thread exited: 0x00007fc268000fb0
Event: 12,689 Thread 0x00007fc2a0002c60 Thread exited: 0x00007fc2a0002c60
Event: 12,691 Thread 0x00007fc2a0003f20 Thread exited: 0x00007fc2a0003f20
Event: 12,691 Thread 0x00007fc2a000a640 Thread exited: 0x00007fc2a000a640
Event: 12,692 Thread 0x00007fc36c595320 Thread exited: 0x00007fc36c595320
Event: 12,693 Thread 0x00007fc36c59c6c0 Thread exited: 0x00007fc36c59c6c0
Event: 13,231 Thread 0x00007fc36c01bf60 Thread added: 0x00007fc36d3cc350
Event: 13,237 Thread 0x00007fc36d3cc350 Thread added: 0x00007fc28c00f2e0
Event: 13,239 Thread 0x00007fc36d3cc350 Thread added: 0x00007fc28c010c60
Event: 13,371 Thread 0x00007fc2d44122d0 Thread exited: 0x00007fc2d44122d0
Event: 13,594 Thread 0x00007fc36c01bf60 Thread added: 0x00007fc36d37d150
Event: 14,152 Thread 0x00007fc36c109db0 Thread added: 0x00007fc2d4aefd90
Event: 14,445 Thread 0x00007fc20c000fb0 Thread added: 0x00007fc1f8038040


Dynamic libraries:
c0000000-ca100000 rw-p 00000000 00:00 0 
ca100000-ffb00000 ---p 00000000 00:00 0 
ffb00000-ffc00000 rw-p 00000000 00:00 0 
ffc00000-ffe00000 ---p 00000000 00:00 0 
ffe00000-fff0d000 rw-p 00cdf000 00:22 622086                             /app/jre/lib/server/classes.jsa
fff0d000-100000000 rw-p 00000000 00:00 0 
55bc3ec47000-55bc3ec48000 r--p 00000000 00:22 621869                     /app/jre/bin/java
55bc3ec48000-55bc3ec49000 r-xp 00001000 00:22 621869                     /app/jre/bin/java
55bc3ec49000-55bc3ec4a000 r--p 00002000 00:22 621869                     /app/jre/bin/java
55bc3ec4a000-55bc3ec4b000 r--p 00002000 00:22 621869                     /app/jre/bin/java
55bc3ec4b000-55bc3ec4c000 rw-p 00003000 00:22 621869                     /app/jre/bin/java
55bc7904f000-55bc79098000 rw-p 00000000 00:00 0                          [heap]
7fc1b4000000-7fc1b4021000 rw-p 00000000 00:00 0 
7fc1b4021000-7fc1b8000000 ---p 00000000 00:00 0 
7fc1bc000000-7fc1bc021000 rw-p 00000000 00:00 0 
7fc1bc021000-7fc1c0000000 ---p 00000000 00:00 0 
7fc1c0000000-7fc1c0021000 rw-p 00000000 00:00 0 
7fc1c0021000-7fc1c4000000 ---p 00000000 00:00 0 
7fc1c4000000-7fc1c4021000 rw-p 00000000 00:00 0 
7fc1c4021000-7fc1c8000000 ---p 00000000 00:00 0 
7fc1c8000000-7fc1c8021000 rw-p 00000000 00:00 0 
7fc1c8021000-7fc1cc000000 ---p 00000000 00:00 0 
7fc1cc000000-7fc1cc021000 rw-p 00000000 00:00 0 
7fc1cc021000-7fc1d0000000 ---p 00000000 00:00 0 
7fc1d0000000-7fc1d0021000 rw-p 00000000 00:00 0 
7fc1d0021000-7fc1d4000000 ---p 00000000 00:00 0 
7fc1d4000000-7fc1d4021000 rw-p 00000000 00:00 0 
7fc1d4021000-7fc1d8000000 ---p 00000000 00:00 0 
7fc1d8000000-7fc1d8021000 rw-p 00000000 00:00 0 
7fc1d8021000-7fc1dc000000 ---p 00000000 00:00 0 
7fc1dc000000-7fc1dc021000 rw-p 00000000 00:00 0 
7fc1dc021000-7fc1e0000000 ---p 00000000 00:00 0 
7fc1e0000000-7fc1e0021000 rw-p 00000000 00:00 0 
7fc1e0021000-7fc1e4000000 ---p 00000000 00:00 0 
7fc1e4000000-7fc1e403b000 rw-p 00000000 00:00 0 
7fc1e403b000-7fc1e8000000 ---p 00000000 00:00 0 
7fc1e8000000-7fc1e8021000 rw-p 00000000 00:00 0 
7fc1e8021000-7fc1ec000000 ---p 00000000 00:00 0 
7fc1ec000000-7fc1ec021000 rw-p 00000000 00:00 0 
7fc1ec021000-7fc1f0000000 ---p 00000000 00:00 0 
7fc1f0000000-7fc1f0021000 rw-p 00000000 00:00 0 
7fc1f0021000-7fc1f4000000 ---p 00000000 00:00 0 
7fc1f5268000-7fc1f5305000 r--p 00000000 00:22 587338                     /run/host/fonts/google-noto/NotoSans-Italic.ttf
7fc1f5305000-7fc1f5314000 r--p 00000000 00:22 1631877                    /usr/lib/x86_64-linux-gnu/libnss_resolve.so.2
7fc1f5314000-7fc1f53d6000 r-xp 0000f000 00:22 1631877                    /usr/lib/x86_64-linux-gnu/libnss_resolve.so.2
7fc1f53d6000-7fc1f541b000 r--p 000d1000 00:22 1631877                    /usr/lib/x86_64-linux-gnu/libnss_resolve.so.2
7fc1f541b000-7fc1f5422000 r--p 00116000 00:22 1631877                    /usr/lib/x86_64-linux-gnu/libnss_resolve.so.2
7fc1f5422000-7fc1f5423000 rw-p 0011d000 00:22 1631877                    /usr/lib/x86_64-linux-gnu/libnss_resolve.so.2
7fc1f5b8d000-7fc1f5bac000 r--p 00000000 00:22 621814                     /app/jre/lib/libawt.so
7fc1f5bac000-7fc1f5c4a000 r-xp 0001f000 00:22 621814                     /app/jre/lib/libawt.so
7fc1f5c4a000-7fc1f5c57000 r--p 000bd000 00:22 621814                     /app/jre/lib/libawt.so
7fc1f5c57000-7fc1f5c58000 r--p 000c9000 00:22 621814                     /app/jre/lib/libawt.so
7fc1f5c58000-7fc1f5c63000 rw-p 000ca000 00:22 621814                     /app/jre/lib/libawt.so
7fc1f5c63000-7fc1f5c88000 rw-p 00000000 00:00 0 
7fc1f5c88000-7fc1f63f2000 rw-s 00000000 00:01 10908                      /memfd:gdk-wayland (deleted)
7fc1f63f2000-7fc1f8000000 rw-p 00000000 00:00 0 
7fc1f8000000-7fc1f8049000 rw-p 00000000 00:00 0 
7fc1f8049000-7fc1fc000000 ---p 00000000 00:00 0 
7fc1fc000000-7fc1fc021000 rw-p 00000000 00:00 0 
7fc1fc021000-7fc200000000 ---p 00000000 00:00 0 
7fc200000000-7fc200021000 rw-p 00000000 00:00 0 
7fc200021000-7fc204000000 ---p 00000000 00:00 0 
7fc204000000-7fc204021000 rw-p 00000000 00:00 0 
7fc204021000-7fc208000000 ---p 00000000 00:00 0 
7fc208000000-7fc208021000 rw-p 00000000 00:00 0 
7fc208021000-7fc20c000000 ---p 00000000 00:00 0 
7fc20c000000-7fc20c02c000 rw-p 00000000 00:00 0 
7fc20c02c000-7fc210000000 ---p 00000000 00:00 0 
7fc210000000-7fc210021000 rw-p 00000000 00:00 0 
7fc210021000-7fc214000000 ---p 00000000 00:00 0 
7fc214000000-7fc214071000 rw-p 00000000 00:00 0 
7fc214071000-7fc218000000 ---p 00000000 00:00 0 
7fc218000000-7fc21803e000 rw-p 00000000 00:00 0 
7fc21803e000-7fc21c000000 ---p 00000000 00:00 0 
7fc21c000000-7fc21c021000 rw-p 00000000 00:00 0 
7fc21c021000-7fc220000000 ---p 00000000 00:00 0 
7fc220000000-7fc220021000 rw-p 00000000 00:00 0 
7fc220021000-7fc224000000 ---p 00000000 00:00 0 
7fc224000000-7fc224021000 rw-p 00000000 00:00 0 
7fc224021000-7fc228000000 ---p 00000000 00:00 0 
7fc228000000-7fc228021000 rw-p 00000000 00:00 0 
7fc228021000-7fc22c000000 ---p 00000000 00:00 0 
7fc22c000000-7fc22c021000 rw-p 00000000 00:00 0 
7fc22c021000-7fc230000000 ---p 00000000 00:00 0 
7fc230000000-7fc230021000 rw-p 00000000 00:00 0 
7fc230021000-7fc234000000 ---p 00000000 00:00 0 
7fc234000000-7fc234021000 rw-p 00000000 00:00 0 
7fc234021000-7fc238000000 ---p 00000000 00:00 0 
7fc238000000-7fc2393e9000 rw-p 00000000 00:00 0 
7fc2393e9000-7fc23c000000 ---p 00000000 00:00 0 
7fc23c000000-7fc23c021000 rw-p 00000000 00:00 0 
7fc23c021000-7fc240000000 ---p 00000000 00:00 0 
7fc240000000-7fc24002b000 rw-p 00000000 00:00 0 
7fc24002b000-7fc244000000 ---p 00000000 00:00 0 
7fc244000000-7fc244021000 rw-p 00000000 00:00 0 
7fc244021000-7fc248000000 ---p 00000000 00:00 0 
7fc248000000-7fc248021000 rw-p 00000000 00:00 0 
7fc248021000-7fc24c000000 ---p 00000000 00:00 0 
7fc24c000000-7fc24c022000 rw-p 00000000 00:00 0 
7fc24c022000-7fc250000000 ---p 00000000 00:00 0 
7fc250000000-7fc2500ad000 rw-p 00000000 00:00 0 
7fc2500ad000-7fc254000000 ---p 00000000 00:00 0 
7fc254000000-7fc2549d2000 rw-p 00000000 00:00 0 
7fc2549d2000-7fc258000000 ---p 00000000 00:00 0 
7fc258000000-7fc258021000 rw-p 00000000 00:00 0 
7fc258021000-7fc25c000000 ---p 00000000 00:00 0 
7fc25c000000-7fc25c021000 rw-p 00000000 00:00 0 
7fc25c021000-7fc260000000 ---p 00000000 00:00 0 
7fc260000000-7fc260021000 rw-p 00000000 00:00 0 
7fc260021000-7fc264000000 ---p 00000000 00:00 0 
7fc264000000-7fc264021000 rw-p 00000000 00:00 0 
7fc264021000-7fc268000000 ---p 00000000 00:00 0 
7fc268000000-7fc268021000 rw-p 00000000 00:00 0 
7fc268021000-7fc26c000000 ---p 00000000 00:00 0 
7fc26c000000-7fc26c021000 rw-p 00000000 00:00 0 
7fc26c021000-7fc270000000 ---p 00000000 00:00 0 
7fc270000000-7fc270021000 rw-p 00000000 00:00 0 
7fc270021000-7fc274000000 ---p 00000000 00:00 0 
7fc274000000-7fc274021000 rw-p 00000000 00:00 0 
7fc274021000-7fc278000000 ---p 00000000 00:00 0 
7fc278000000-7fc278021000 rw-p 00000000 00:00 0 
7fc278021000-7fc27c000000 ---p 00000000 00:00 0 
7fc27c000000-7fc27c021000 rw-p 00000000 00:00 0 
7fc27c021000-7fc280000000 ---p 00000000 00:00 0 
7fc280000000-7fc280021000 rw-p 00000000 00:00 0 
7fc280021000-7fc284000000 ---p 00000000 00:00 0 
7fc284000000-7fc284701000 rw-p 00000000 00:00 0 
7fc284701000-7fc288000000 ---p 00000000 00:00 0 
7fc288000000-7fc288021000 rw-p 00000000 00:00 0 
7fc288021000-7fc28c000000 ---p 00000000 00:00 0 
7fc28c000000-7fc28c021000 rw-p 00000000 00:00 0 
7fc28c021000-7fc290000000 ---p 00000000 00:00 0 
7fc290000000-7fc290021000 rw-p 00000000 00:00 0 
7fc290021000-7fc294000000 ---p 00000000 00:00 0 
7fc294000000-7fc294021000 rw-p 00000000 00:00 0 
7fc294021000-7fc298000000 ---p 00000000 00:00 0 
7fc298000000-7fc298021000 rw-p 00000000 00:00 0 
7fc298021000-7fc29c000000 ---p 00000000 00:00 0 
7fc29c000000-7fc29cad1000 rw-p 00000000 00:00 0 
7fc29cad1000-7fc2a0000000 ---p 00000000 00:00 0 
7fc2a0000000-7fc2a0021000 rw-p 00000000 00:00 0 
7fc2a0021000-7fc2a4000000 ---p 00000000 00:00 0 
7fc2a4000000-7fc2a4021000 rw-p 00000000 00:00 0 
7fc2a4021000-7fc2a8000000 ---p 00000000 00:00 0 
7fc2a8000000-7fc2a8037000 rw-p 00000000 00:00 0 
7fc2a8037000-7fc2ac000000 ---p 00000000 00:00 0 
7fc2ac000000-7fc2ac021000 rw-p 00000000 00:00 0 
7fc2ac021000-7fc2b0000000 ---p 00000000 00:00 0 
7fc2b0000000-7fc2b0021000 rw-p 00000000 00:00 0 
7fc2b0021000-7fc2b4000000 ---p 00000000 00:00 0 
7fc2b4000000-7fc2b4021000 rw-p 00000000 00:00 0 
7fc2b4021000-7fc2b8000000 ---p 00000000 00:00 0 
7fc2b8000000-7fc2b809d000 r--p 00000000 00:22 587338                     /run/host/fonts/google-noto/NotoSans-Italic.ttf
7fc2b809d000-7fc2b814e000 r--p 00000000 00:22 1412480                    /run/host/share/icons/breeze/icon-theme.cache
7fc2b814e000-7fc2b81ff000 r--p 00000000 00:22 1236563                    /run/host/share/icons/breeze-dark/icon-theme.cache
7fc2b81ff000-7fc2b8400000 rw-p 00000000 00:00 0 
7fc2b8400000-7fc2b8404000 ---p 00000000 00:00 0 
7fc2b8404000-7fc2b8500000 rw-p 00000000 00:00 0 
7fc2b8500000-7fc2b8504000 ---p 00000000 00:00 0 
7fc2b8504000-7fc2b8600000 rw-p 00000000 00:00 0 
7fc2b8600000-7fc2b8604000 ---p 00000000 00:00 0 
7fc2b8604000-7fc2b8700000 rw-p 00000000 00:00 0 
7fc2b8700000-7fc2b8704000 ---p 00000000 00:00 0 
7fc2b8704000-7fc2b8800000 rw-p 00000000 00:00 0 
7fc2b8800000-7fc2b8804000 ---p 00000000 00:00 0 
7fc2b8804000-7fc2b8900000 rw-p 00000000 00:00 0 
7fc2b8900000-7fc2b8904000 ---p 00000000 00:00 0 
7fc2b8904000-7fc2b8a00000 rw-p 00000000 00:00 0 
7fc2b8a00000-7fc2b8a02000 r-xp 00000000 00:22 775314                     /home/jalapc/.eclipse/487352054_linux_gtk_x86_64/configuration/org.eclipse.osgi/50/0/.cp/os/linux/x86_64/libunixfile_1_0_0.so
7fc2b8a02000-7fc2b8c01000 ---p 00002000 00:22 775314                     /home/jalapc/.eclipse/487352054_linux_gtk_x86_64/configuration/org.eclipse.osgi/50/0/.cp/os/linux/x86_64/libunixfile_1_0_0.so
7fc2b8c01000-7fc2b8c02000 r--p 00001000 00:22 775314                     /home/jalapc/.eclipse/487352054_linux_gtk_x86_64/configuration/org.eclipse.osgi/50/0/.cp/os/linux/x86_64/libunixfile_1_0_0.so
7fc2b8c02000-7fc2b8c03000 rw-p 00002000 00:22 775314                     /home/jalapc/.eclipse/487352054_linux_gtk_x86_64/configuration/org.eclipse.osgi/50/0/.cp/os/linux/x86_64/libunixfile_1_0_0.so
7fc2b8c1e000-7fc2b8c22000 ---p 00000000 00:00 0 
7fc2b8c22000-7fc2b9620000 rw-p 00000000 00:00 0 
7fc2b9620000-7fc2b9624000 ---p 00000000 00:00 0 
7fc2b9624000-7fc2b9720000 rw-p 00000000 00:00 0 
7fc2b9720000-7fc2b9724000 ---p 00000000 00:00 0 
7fc2b9724000-7fc2b9820000 rw-p 00000000 00:00 0 
7fc2b9820000-7fc2b9824000 ---p 00000000 00:00 0 
7fc2b9824000-7fc2b9d24000 rw-p 00000000 00:00 0 
7fc2b9d24000-7fc2b9d28000 ---p 00000000 00:00 0 
7fc2b9d28000-7fc2b9e24000 rw-p 00000000 00:00 0 
7fc2b9e24000-7fc2b9e28000 ---p 00000000 00:00 0 
7fc2b9e28000-7fc2ba227000 rw-p 00000000 00:00 0 
7fc2ba227000-7fc2ba22b000 ---p 00000000 00:00 0 
7fc2ba22b000-7fc2ba327000 rw-p 00000000 00:00 0 
7fc2ba327000-7fc2ba32b000 ---p 00000000 00:00 0 
7fc2ba32b000-7fc2ba427000 rw-p 00000000 00:00 0 
7fc2ba45f000-7fc2ba4fa000 r--p 00000000 00:22 587296                     /run/host/fonts/google-noto/NotoSans-Bold.ttf
7fc2ba4fa000-7fc2ba4fe000 ---p 00000000 00:00 0 
7fc2ba4fe000-7fc2ba6fb000 rw-p 00000000 00:00 0 
7fc2ba6fb000-7fc2ba6ff000 ---p 00000000 00:00 0 
7fc2ba6ff000-7fc2ba7fb000 rw-p 00000000 00:00 0 
7fc2ba7fb000-7fc2ba7ff000 ---p 00000000 00:00 0 
7fc2ba7ff000-7fc2ba8fb000 rw-p 00000000 00:00 0 
7fc2ba8fb000-7fc2ba8ff000 ---p 00000000 00:00 0 
7fc2ba8ff000-7fc2ba9fb000 rw-p 00000000 00:00 0 
7fc2ba9fb000-7fc2ba9ff000 ---p 00000000 00:00 0 
7fc2ba9ff000-7fc2baafb000 rw-p 00000000 00:00 0 
7fc2baafb000-7fc2baaff000 ---p 00000000 00:00 0 
7fc2baaff000-7fc2babfb000 rw-p 00000000 00:00 0 
7fc2babfb000-7fc2babff000 ---p 00000000 00:00 0 
7fc2babff000-7fc2bacfb000 rw-p 00000000 00:00 0 
7fc2bacfb000-7fc2bacff000 ---p 00000000 00:00 0 
7fc2bacff000-7fc2badfb000 rw-p 00000000 00:00 0 
7fc2badfb000-7fc2badff000 ---p 00000000 00:00 0 
7fc2badff000-7fc2baefb000 rw-p 00000000 00:00 0 
7fc2baefb000-7fc2baeff000 ---p 00000000 00:00 0 
7fc2baeff000-7fc2baffb000 rw-p 00000000 00:00 0 
7fc2baffb000-7fc2bafff000 ---p 00000000 00:00 0 
7fc2bafff000-7fc2bb0fb000 rw-p 00000000 00:00 0 
7fc2bb0fb000-7fc2bb0ff000 ---p 00000000 00:00 0 
7fc2bb0ff000-7fc2bb1fb000 rw-p 00000000 00:00 0 
7fc2bb1fb000-7fc2bb1ff000 ---p 00000000 00:00 0 
7fc2bb1ff000-7fc2bc000000 rw-p 00000000 00:00 0 
7fc2bc000000-7fc2bc0b3000 rw-p 00000000 00:00 0 
7fc2bc0b3000-7fc2c0000000 ---p 00000000 00:00 0 
7fc2c0000000-7fc2c165d000 rw-p 00000000 00:00 0 
7fc2c165d000-7fc2c4000000 ---p 00000000 00:00 0 
7fc2c4026000-7fc2c402d000 r--p 00000000 00:22 94859                      /run/host/share/icons/AdwaitaLegacy/icon-theme.cache
7fc2c402d000-7fc2c4037000 r--p 00000000 00:22 321478                     /usr/share/icons/Adwaita/icon-theme.cache
7fc2c4054000-7fc2c4057000 r--p 00000000 00:22 620882                     /app/jre/lib/libawt_headless.so
7fc2c4057000-7fc2c405b000 r-xp 00003000 00:22 620882                     /app/jre/lib/libawt_headless.so
7fc2c405b000-7fc2c405d000 r--p 00007000 00:22 620882                     /app/jre/lib/libawt_headless.so
7fc2c405d000-7fc2c405e000 r--p 00008000 00:22 620882                     /app/jre/lib/libawt_headless.so
7fc2c405e000-7fc2c405f000 rw-p 00009000 00:22 620882                     /app/jre/lib/libawt_headless.so
7fc2c405f000-7fc2c40fa000 r--p 00000000 00:22 587296                     /run/host/fonts/google-noto/NotoSans-Bold.ttf
7fc2c40fa000-7fc2c40fe000 ---p 00000000 00:00 0 
7fc2c40fe000-7fc2c41fa000 rw-p 00000000 00:00 0 
7fc2c41fa000-7fc2c41fe000 ---p 00000000 00:00 0 
7fc2c41fe000-7fc2c43fb000 rw-p 00000000 00:00 0 
7fc2c43fb000-7fc2c43ff000 ---p 00000000 00:00 0 
7fc2c43ff000-7fc2c6000000 rw-p 00000000 00:00 0 
7fc2c6000000-7fc2c6001000 r--p 00000000 00:22 279818                     /usr/lib/x86_64-linux-gnu/libicudata.so.77.1
7fc2c6001000-7fc2c6002000 r-xp 00001000 00:22 279818                     /usr/lib/x86_64-linux-gnu/libicudata.so.77.1
7fc2c6002000-7fc2c7e6d000 r--p 00002000 00:22 279818                     /usr/lib/x86_64-linux-gnu/libicudata.so.77.1
7fc2c7e6d000-7fc2c7e6e000 r--p 01e6d000 00:22 279818                     /usr/lib/x86_64-linux-gnu/libicudata.so.77.1
7fc2c7e6e000-7fc2c7e6f000 rw-p 01e6e000 00:22 279818                     /usr/lib/x86_64-linux-gnu/libicudata.so.77.1
7fc2c7e72000-7fc2c7e7c000 r--p 00000000 00:22 92742                      /run/host/share/icons/Adwaita/icon-theme.cache
7fc2c7e7c000-7fc2c7ed0000 r--p 00000000 00:22 256649                     /usr/share/fonts/dejavu/DejaVuSansMono.ttf
7fc2c7ed0000-7fc2c7f68000 r--p 00000000 00:22 587343                     /run/host/fonts/google-noto/NotoSans-Regular.ttf
7fc2c7f68000-7fc2c8000000 r--p 00000000 00:22 587343                     /run/host/fonts/google-noto/NotoSans-Regular.ttf
7fc2c8000000-7fc2c8021000 rw-p 00000000 00:00 0 
7fc2c8021000-7fc2cc000000 ---p 00000000 00:00 0 
7fc2cc000000-7fc2cc021000 rw-p 00000000 00:00 0 
7fc2cc021000-7fc2d0000000 ---p 00000000 00:00 0 
7fc2d0000000-7fc2d1308000 rw-p 00000000 00:00 0 
7fc2d1308000-7fc2d4000000 ---p 00000000 00:00 0 
7fc2d4000000-7fc2d4b12000 rw-p 00000000 00:00 0 
7fc2d4b12000-7fc2d8000000 ---p 00000000 00:00 0 
7fc2d8000000-7fc2d8021000 rw-p 00000000 00:00 0 
7fc2d8021000-7fc2dc000000 ---p 00000000 00:00 0 
7fc2dc000000-7fc2dc021000 rw-p 00000000 00:00 0 
7fc2dc021000-7fc2e0000000 ---p 00000000 00:00 0 
7fc2e0000000-7fc2e0021000 rw-p 00000000 00:00 0 
7fc2e0021000-7fc2e4000000 ---p 00000000 00:00 0 
7fc2e4000000-7fc2e4021000 rw-p 00000000 00:00 0 
7fc2e4021000-7fc2e8000000 ---p 00000000 00:00 0 
7fc2e8000000-7fc2e8075000 rw-p 00000000 00:00 0 
7fc2e8075000-7fc2ec000000 ---p 00000000 00:00 0 
7fc2ec000000-7fc2ec021000 rw-p 00000000 00:00 0 
7fc2ec021000-7fc2f0000000 ---p 00000000 00:00 0 
7fc2f0000000-7fc2f0400000 rw-p 00000000 00:00 0 
7fc2f0400000-7fc2f0700000 rw-p 00000000 00:00 0 
7fc2f0700000-7fc2f0800000 rw-p 00000000 00:00 0 
7fc2f0800000-7fc2f0980000 rw-p 00000000 00:00 0 
7fc2f0980000-7fc2f0a00000 rw-p 00000000 00:00 0 
7fc2f0a00000-7fc2f0b00000 rw-p 00000000 00:00 0 
7fc2f0b00000-7fc2f0c00000 rw-p 00000000 00:00 0 
7fc2f0c00000-7fc2f0f80000 rw-p 00000000 00:00 0 
7fc2f0f80000-7fc2f1000000 rw-p 00000000 00:00 0 
7fc2f1000000-7fc2f1200000 rw-p 00000000 00:00 0 
7fc2f1200000-7fc2f1380000 rw-p 00000000 00:00 0 
7fc2f1380000-7fc2f1400000 rw-p 00000000 00:00 0 
7fc2f1400000-7fc2f1780000 rw-p 00000000 00:00 0 
7fc2f1780000-7fc2f1800000 rw-p 00000000 00:00 0 
7fc2f1800000-7fc2f1980000 rw-p 00000000 00:00 0 
7fc2f1980000-7fc2f1a00000 rw-p 00000000 00:00 0 
7fc2f1a00000-7fc2f1b00000 rw-p 00000000 00:00 0 
7fc2f1b00000-7fc2f1c00000 rw-p 00000000 00:00 0 
7fc2f1c00000-7fc2f2d80000 rw-p 00000000 00:00 0 
7fc2f2d80000-7fc2f2e00000 rw-p 00000000 00:00 0 
7fc2f2e00000-7fc2f2f00000 rw-p 00000000 00:00 0 
7fc2f2f00000-7fc2f3180000 rw-p 00000000 00:00 0 
7fc2f3180000-7fc2f32c0000 rw-p 00000000 00:00 0 
7fc2f32c0000-7fc2f3300000 rw-p 00000000 00:00 0 
7fc2f3300000-7fc2f34c0000 rw-p 00000000 00:00 0 
7fc2f34c0000-7fc2f34f0000 rw-p 00000000 00:00 0 
7fc2f34f0000-7fc2f3500000 ---p 00000000 00:00 0 
7fc2f3500000-7fc2f3620000 rw-p 00000000 00:00 0 
7fc2f3620000-7fc2f4000000 ---p 00000000 00:00 0 
7fc2f4000000-7fc2f4021000 rw-p 00000000 00:00 0 
7fc2f4021000-7fc2f8000000 ---p 00000000 00:00 0 
7fc2f8000000-7fc2f8003000 r--p 00000000 00:22 775317                     /home/jalapc/.eclipse/487352054_linux_gtk_x86_64/configuration/org.eclipse.osgi/153/0/.cp/libswt-atk-gtk-4971r15.so
7fc2f8003000-7fc2f8007000 r-xp 00003000 00:22 775317                     /home/jalapc/.eclipse/487352054_linux_gtk_x86_64/configuration/org.eclipse.osgi/153/0/.cp/libswt-atk-gtk-4971r15.so
7fc2f8007000-7fc2f8009000 r--p 00007000 00:22 775317                     /home/jalapc/.eclipse/487352054_linux_gtk_x86_64/configuration/org.eclipse.osgi/153/0/.cp/libswt-atk-gtk-4971r15.so
7fc2f8009000-7fc2f800a000 r--p 00008000 00:22 775317                     /home/jalapc/.eclipse/487352054_linux_gtk_x86_64/configuration/org.eclipse.osgi/153/0/.cp/libswt-atk-gtk-4971r15.so
7fc2f800a000-7fc2f800b000 rw-p 00009000 00:22 775317                     /home/jalapc/.eclipse/487352054_linux_gtk_x86_64/configuration/org.eclipse.osgi/153/0/.cp/libswt-atk-gtk-4971r15.so
7fc2f8033000-7fc2f8072000 r--p 00000000 00:22 775287                     /home/jalapc/.eclipse/487352054_linux_gtk_x86_64/configuration/org.eclipse.osgi/153/0/.cp/libswt-gtk-4971r15.so
7fc2f8072000-7fc2f809b000 r-xp 0003f000 00:22 775287                     /home/jalapc/.eclipse/487352054_linux_gtk_x86_64/configuration/org.eclipse.osgi/153/0/.cp/libswt-gtk-4971r15.so
7fc2f809b000-7fc2f80c0000 r--p 00068000 00:22 775287                     /home/jalapc/.eclipse/487352054_linux_gtk_x86_64/configuration/org.eclipse.osgi/153/0/.cp/libswt-gtk-4971r15.so
7fc2f80c0000-7fc2f80c1000 r--p 0008c000 00:22 775287                     /home/jalapc/.eclipse/487352054_linux_gtk_x86_64/configuration/org.eclipse.osgi/153/0/.cp/libswt-gtk-4971r15.so
7fc2f80c1000-7fc2f80c9000 rw-p 0008d000 00:22 775287                     /home/jalapc/.eclipse/487352054_linux_gtk_x86_64/configuration/org.eclipse.osgi/153/0/.cp/libswt-gtk-4971r15.so
7fc2f80c9000-7fc2f80cd000 rw-p 00000000 00:00 0 
7fc2f80cd000-7fc2f82ce000 rw-p 00000000 00:00 0 
7fc2f8312000-7fc2f8313000 r--p 00000000 00:22 621008                     /app/jre/lib/libextnet.so
7fc2f8313000-7fc2f8314000 r-xp 00001000 00:22 621008                     /app/jre/lib/libextnet.so
7fc2f8314000-7fc2f8315000 r--p 00002000 00:22 621008                     /app/jre/lib/libextnet.so
7fc2f8315000-7fc2f8316000 r--p 00002000 00:22 621008                     /app/jre/lib/libextnet.so
7fc2f8316000-7fc2f8317000 rw-p 00003000 00:22 621008                     /app/jre/lib/libextnet.so
7fc2f8317000-7fc2f8318000 r--p 00000000 00:22 621287                     /app/jre/lib/libjaas.so
7fc2f8318000-7fc2f8319000 r-xp 00001000 00:22 621287                     /app/jre/lib/libjaas.so
7fc2f8319000-7fc2f831a000 r--p 00002000 00:22 621287                     /app/jre/lib/libjaas.so
7fc2f831a000-7fc2f831b000 r--p 00002000 00:22 621287                     /app/jre/lib/libjaas.so
7fc2f831b000-7fc2f831c000 rw-p 00003000 00:22 621287                     /app/jre/lib/libjaas.so
7fc2f831c000-7fc2f8357000 r--p 00000000 00:22 775289                     /home/jalapc/.eclipse/487352054_linux_gtk_x86_64/configuration/org.eclipse.osgi/153/0/.cp/libswt-pi3-gtk-4971r15.so
7fc2f8357000-7fc2f8378000 r-xp 0003b000 00:22 775289                     /home/jalapc/.eclipse/487352054_linux_gtk_x86_64/configuration/org.eclipse.osgi/153/0/.cp/libswt-pi3-gtk-4971r15.so
7fc2f8378000-7fc2f838b000 r--p 0005c000 00:22 775289                     /home/jalapc/.eclipse/487352054_linux_gtk_x86_64/configuration/org.eclipse.osgi/153/0/.cp/libswt-pi3-gtk-4971r15.so
7fc2f838b000-7fc2f838c000 r--p 0006e000 00:22 775289                     /home/jalapc/.eclipse/487352054_linux_gtk_x86_64/configuration/org.eclipse.osgi/153/0/.cp/libswt-pi3-gtk-4971r15.so
7fc2f838c000-7fc2f838f000 rw-p 0006f000 00:22 775289                     /home/jalapc/.eclipse/487352054_linux_gtk_x86_64/configuration/org.eclipse.osgi/153/0/.cp/libswt-pi3-gtk-4971r15.so
7fc2f838f000-7fc2f8390000 rw-p 00000000 00:00 0 
7fc2f8390000-7fc2f8600000 rw-s 00000000 00:01 15572                      /memfd:wayland-cursor (deleted)
7fc2f8600000-7fc2f8673000 r--p 00000000 00:22 278433                     /usr/lib/x86_64-linux-gnu/libicuuc.so.77.1
7fc2f8673000-7fc2f878c000 r-xp 00073000 00:22 278433                     /usr/lib/x86_64-linux-gnu/libicuuc.so.77.1
7fc2f878c000-7fc2f8819000 r--p 0018c000 00:22 278433                     /usr/lib/x86_64-linux-gnu/libicuuc.so.77.1
7fc2f8819000-7fc2f882c000 r--p 00219000 00:22 278433                     /usr/lib/x86_64-linux-gnu/libicuuc.so.77.1
7fc2f882c000-7fc2f882d000 rw-p 0022c000 00:22 278433                     /usr/lib/x86_64-linux-gnu/libicuuc.so.77.1
7fc2f882d000-7fc2f882f000 rw-p 00000000 00:00 0 
7fc2f882f000-7fc2f8833000 r--p 00000000 00:22 1849397                    /run/host/share/icons/hicolor/icon-theme.cache
7fc2f8833000-7fc2f8835000 r--p 00000000 00:22 327189                     /usr/lib/x86_64-linux-gnu/gtk-3.0/3.0.0/immodules/im-wayland.so
7fc2f8835000-7fc2f8837000 r-xp 00002000 00:22 327189                     /usr/lib/x86_64-linux-gnu/gtk-3.0/3.0.0/immodules/im-wayland.so
7fc2f8837000-7fc2f8838000 r--p 00004000 00:22 327189                     /usr/lib/x86_64-linux-gnu/gtk-3.0/3.0.0/immodules/im-wayland.so
7fc2f8838000-7fc2f8839000 r--p 00005000 00:22 327189                     /usr/lib/x86_64-linux-gnu/gtk-3.0/3.0.0/immodules/im-wayland.so
7fc2f8839000-7fc2f883a000 rw-p 00006000 00:22 327189                     /usr/lib/x86_64-linux-gnu/gtk-3.0/3.0.0/immodules/im-wayland.so
7fc2f883a000-7fc2f8840000 r--p 00000000 00:22 775292                     /home/jalapc/.eclipse/487352054_linux_gtk_x86_64/configuration/org.eclipse.osgi/153/0/.cp/libswt-cairo-gtk-4971r15.so
7fc2f8840000-7fc2f8843000 r-xp 00006000 00:22 775292                     /home/jalapc/.eclipse/487352054_linux_gtk_x86_64/configuration/org.eclipse.osgi/153/0/.cp/libswt-cairo-gtk-4971r15.so
7fc2f8843000-7fc2f8845000 r--p 00009000 00:22 775292                     /home/jalapc/.eclipse/487352054_linux_gtk_x86_64/configuration/org.eclipse.osgi/153/0/.cp/libswt-cairo-gtk-4971r15.so
7fc2f8845000-7fc2f8846000 r--p 0000a000 00:22 775292                     /home/jalapc/.eclipse/487352054_linux_gtk_x86_64/configuration/org.eclipse.osgi/153/0/.cp/libswt-cairo-gtk-4971r15.so
7fc2f8846000-7fc2f8847000 rw-p 0000b000 00:22 775292                     /home/jalapc/.eclipse/487352054_linux_gtk_x86_64/configuration/org.eclipse.osgi/153/0/.cp/libswt-cairo-gtk-4971r15.so
7fc2f8847000-7fc2f884c000 r--p 00000000 00:22 621389                     /app/jre/lib/libverify.so
7fc2f884c000-7fc2f8854000 r-xp 00005000 00:22 621389                     /app/jre/lib/libverify.so
7fc2f8854000-7fc2f8856000 r--p 0000d000 00:22 621389                     /app/jre/lib/libverify.so
7fc2f8856000-7fc2f8858000 r--p 0000e000 00:22 621389                     /app/jre/lib/libverify.so
7fc2f8858000-7fc2f8859000 rw-p 00010000 00:22 621389                     /app/jre/lib/libverify.so
7fc2f8859000-7fc2f885f000 r--p 00000000 00:22 244601                     /usr/share/runtime/locale/pt/share/pt_BR/LC_MESSAGES/gdk-pixbuf.mo
7fc2f885f000-7fc2f8886000 r--s 00000000 00:22 321156                     /usr/share/mime/mime.cache
7fc2f8886000-7fc2f889a000 r--p 00000000 00:22 1631891                    /usr/lib/x86_64-linux-gnu/gvfs/libgvfscommon.so
7fc2f889a000-7fc2f88b7000 r-xp 00014000 00:22 1631891                    /usr/lib/x86_64-linux-gnu/gvfs/libgvfscommon.so
7fc2f88b7000-7fc2f88c3000 r--p 00031000 00:22 1631891                    /usr/lib/x86_64-linux-gnu/gvfs/libgvfscommon.so
7fc2f88c3000-7fc2f88c9000 r--p 0003d000 00:22 1631891                    /usr/lib/x86_64-linux-gnu/gvfs/libgvfscommon.so
7fc2f88c9000-7fc2f88ca000 rw-p 00043000 00:22 1631891                    /usr/lib/x86_64-linux-gnu/gvfs/libgvfscommon.so
7fc2f88ca000-7fc2f88d6000 r--p 00000000 00:22 1631892                    /usr/lib/x86_64-linux-gnu/gio/modules/libgvfsdbus.so
7fc2f88d6000-7fc2f88f8000 r-xp 0000c000 00:22 1631892                    /usr/lib/x86_64-linux-gnu/gio/modules/libgvfsdbus.so
7fc2f88f8000-7fc2f8902000 r--p 0002e000 00:22 1631892                    /usr/lib/x86_64-linux-gnu/gio/modules/libgvfsdbus.so
7fc2f8902000-7fc2f8904000 r--p 00038000 00:22 1631892                    /usr/lib/x86_64-linux-gnu/gio/modules/libgvfsdbus.so
7fc2f8904000-7fc2f8905000 rw-p 0003a000 00:22 1631892                    /usr/lib/x86_64-linux-gnu/gio/modules/libgvfsdbus.so
7fc2f8905000-7fc2f8922000 r--s 00000000 00:22 648400                     /run/host/fonts-cache/123d59b33ddb0e7c76bb24004bd5cfac-le64.cache-9
7fc2f8924000-7fc2f8925000 r--p 00000000 00:22 1111773                    /run/host/user-share/icons/hicolor/icon-theme.cache
7fc2f8925000-7fc2f8948000 r--p 00000000 00:22 257362                     /usr/share/runtime/locale/pt/share/pt_BR/LC_MESSAGES/glib20.mo
7fc2f8948000-7fc2f89aa000 r--s 00000000 00:22 648374                     /run/host/fonts-cache/d63f98f14a274bd69a5425fc33aaac6b-le64.cache-9
7fc2f89aa000-7fc2f8a00000 r--s 00000000 00:22 648362                     /run/host/fonts-cache/7ee6df7a8311986241317a58487e0145-le64.cache-9
7fc2f8a00000-7fc2f8a25000 r--p 00000000 00:22 1631668                    /usr/lib/x86_64-linux-gnu/libsystemd.so.0.41.0
7fc2f8a25000-7fc2f8b78000 r-xp 00025000 00:22 1631668                    /usr/lib/x86_64-linux-gnu/libsystemd.so.0.41.0
7fc2f8b78000-7fc2f8bf8000 r--p 00178000 00:22 1631668                    /usr/lib/x86_64-linux-gnu/libsystemd.so.0.41.0
7fc2f8bf8000-7fc2f8c04000 r--p 001f8000 00:22 1631668                    /usr/lib/x86_64-linux-gnu/libsystemd.so.0.41.0
7fc2f8c04000-7fc2f8c05000 rw-p 00204000 00:22 1631668                    /usr/lib/x86_64-linux-gnu/libsystemd.so.0.41.0
7fc2f8c05000-7fc2f8c06000 rw-p 00000000 00:00 0 
7fc2f8c06000-7fc2f8c07000 r--p 00000000 00:22 320393                     /usr/share/icons/hicolor/icon-theme.cache
7fc2f8c07000-7fc2f8c0a000 r--p 00000000 00:22 257363                     /usr/share/runtime/locale/pt/share/pt_BR/LC_MESSAGES/at-spi2-core.mo
7fc2f8c0a000-7fc2f8c0f000 r--s 00000000 00:22 648402                     /run/host/fonts-cache/cc8b894d3abbdf0310c48629c0737d80-le64.cache-9
7fc2f8c0f000-7fc2f8c14000 r--s 00000000 00:22 648398                     /run/host/fonts-cache/131ab5cc1583381c4f7ce0194912c56d-le64.cache-9
7fc2f8c14000-7fc2f8c15000 r--s 00000000 00:22 648396                     /run/host/fonts-cache/b2307de753f1224d9542f27e8b3975ae-le64.cache-9
7fc2f8c15000-7fc2f8c17000 r--s 00000000 00:22 648394                     /run/host/fonts-cache/01d40cee498be4726842ba21cbce24ab-le64.cache-9
7fc2f8c17000-7fc2f8c18000 r--s 00000000 00:22 648392                     /run/host/fonts-cache/39377a11d38956c26ecfe23db50b3cd3-le64.cache-9
7fc2f8c18000-7fc2f8c1a000 r--s 00000000 00:22 648390                     /run/host/fonts-cache/9d9e7a658cb1f50f02561d1ed3ca8bca-le64.cache-9
7fc2f8c1a000-7fc2f8c1b000 r--s 00000000 00:22 835592                     /run/host/fonts-cache/6fcb01a03a016cc71057b587cdea6709-le64.cache-9
7fc2f8c1b000-7fc2f8c20000 r--s 00000000 00:22 648386                     /run/host/fonts-cache/29c8f5b6bf15d25ebb2e963855ab41be-le64.cache-9
7fc2f8c20000-7fc2f8c23000 r--s 00000000 00:22 648382                     /run/host/fonts-cache/71fe2b50576cdbc5f931776365d4a6ea-le64.cache-9
7fc2f8c23000-7fc2f8c25000 r--s 00000000 00:22 648380                     /run/host/fonts-cache/e5da922122f90e18ce9aab86d5c2b324-le64.cache-9
7fc2f8c25000-7fc2f8c38000 r--s 00000000 00:22 648372                     /run/host/fonts-cache/42536ef14367b24656ac994a93d66238-le64.cache-9
7fc2f8c38000-7fc2f8c43000 r--s 00000000 00:22 648370                     /run/host/fonts-cache/efcfae1a52990961975415036867654f-le64.cache-9
7fc2f8c43000-7fc2f8c56000 r--s 00000000 00:22 648368                     /run/host/fonts-cache/c4be257954870c0bf6972134c1de66d5-le64.cache-9
7fc2f8c56000-7fc2f8c57000 r--s 00000000 00:22 648384                     /run/host/fonts-cache/2a90ec7ec7fc01d3a9f58fddf8db0237-le64.cache-9
7fc2f8c57000-7fc2f8c59000 r--s 00000000 00:22 648378                     /run/host/fonts-cache/9162ae45def2e036f06e4d1913f17ba7-le64.cache-9
7fc2f8c59000-7fc2f8c5a000 r--s 00000000 00:22 648376                     /run/host/fonts-cache/22f06f3be2d16d058da85b73ae1dc5b1-le64.cache-9
7fc2f8c5a000-7fc2f8c63000 r--s 00000000 00:22 648360                     /run/host/fonts-cache/6ee3103884cce7b2fe6f32eba9089175-le64.cache-9
7fc2f8c63000-7fc2f8c65000 r--s 00000000 00:22 648358                     /run/host/fonts-cache/383aa4c3ea81d46e4a1459cd427fba23-le64.cache-9
7fc2f8c65000-7fc2f8c67000 r--s 00000000 00:22 648356                     /run/host/fonts-cache/cc4435afd06e20625c417ffcddec4f51-le64.cache-9
7fc2f8c67000-7fc2f8c6e000 r--s 00000000 00:22 648354                     /run/host/fonts-cache/614d1caaa4d7914789410f6367de37ca-le64.cache-9
7fc2f8c6e000-7fc2f8c77000 r--s 00000000 00:22 648350                     /run/host/fonts-cache/6cdba951d5a16891afaaf2fee13e80e7-le64.cache-9
7fc2f8c77000-7fc2f8c7a000 r--s 00000000 00:22 648348                     /run/host/fonts-cache/feeafda3627faad7596d025cfacea73f-le64.cache-9
7fc2f8c7a000-7fc2f8c7d000 r--s 00000000 00:22 648346                     /run/host/fonts-cache/18f520a508f13854f77176faf7889ae9-le64.cache-9
7fc2f8c7d000-7fc2f8c8c000 r--s 00000000 00:22 259949                     /usr/lib/fontconfig/cache/bd0b27592510dd38245c5997654c5344-le64.cache-9
7fc2f8c8c000-7fc2f8c92000 r--s 00000000 00:22 256616                     /usr/lib/fontconfig/cache/ed01b5f140c20461ecbf3a3983649760-le64.cache-9
7fc2f8c92000-7fc2f8ca6000 r--s 00000000 00:22 256955                     /usr/lib/fontconfig/cache/8b64213a80fcb19471d737a06915b11a-le64.cache-9
7fc2f8ca6000-7fc2f8cb3000 r--s 00000000 00:22 254508                     /usr/lib/fontconfig/cache/8e40d008f6cd844f40c0f249a322be61-le64.cache-9
7fc2f8cb3000-7fc2f8ce6000 r--p 00000000 00:22 244485                     /usr/share/runtime/locale/pt/share/pt_BR/LC_MESSAGES/gtk30-properties.mo
7fc2f8ce6000-7fc2f8d0b000 r--p 00000000 00:22 244723                     /usr/share/runtime/locale/pt/share/pt/LC_MESSAGES/libc.mo
7fc2f8d0b000-7fc2f8d27000 r--p 00000000 00:22 244594                     /usr/share/runtime/locale/pt/share/pt_BR/LC_MESSAGES/gtk30.mo
7fc2f8d27000-7fc2f8d2a000 r--p 00000000 00:22 247334                     /usr/lib/x86_64-linux-gnu/libcap.so.2.77
7fc2f8d2a000-7fc2f8d30000 r-xp 00003000 00:22 247334                     /usr/lib/x86_64-linux-gnu/libcap.so.2.77
7fc2f8d30000-7fc2f8d32000 r--p 00009000 00:22 247334                     /usr/lib/x86_64-linux-gnu/libcap.so.2.77
7fc2f8d32000-7fc2f8d33000 r--p 0000a000 00:22 247334                     /usr/lib/x86_64-linux-gnu/libcap.so.2.77
7fc2f8d33000-7fc2f8d34000 rw-p 0000b000 00:22 247334                     /usr/lib/x86_64-linux-gnu/libcap.so.2.77
7fc2f8d34000-7fc2f8d46000 r--p 00000000 00:22 268119                     /usr/lib/x86_64-linux-gnu/libsqlite3.so.3.50.4
7fc2f8d46000-7fc2f8e73000 r-xp 00012000 00:22 268119                     /usr/lib/x86_64-linux-gnu/libsqlite3.so.3.50.4
7fc2f8e73000-7fc2f8ea1000 r--p 0013f000 00:22 268119                     /usr/lib/x86_64-linux-gnu/libsqlite3.so.3.50.4
7fc2f8ea1000-7fc2f8ea5000 r--p 0016d000 00:22 268119                     /usr/lib/x86_64-linux-gnu/libsqlite3.so.3.50.4
7fc2f8ea5000-7fc2f8ea9000 rw-p 00171000 00:22 268119                     /usr/lib/x86_64-linux-gnu/libsqlite3.so.3.50.4
7fc2f8ea9000-7fc2f8eaa000 rw-p 00000000 00:00 0 
7fc2f8eaa000-7fc2f8ed2000 r--p 00000000 00:22 271896                     /usr/lib/x86_64-linux-gnu/libxml2.so.16.0.6
7fc2f8ed2000-7fc2f8fb0000 r-xp 00028000 00:22 271896                     /usr/lib/x86_64-linux-gnu/libxml2.so.16.0.6
7fc2f8fb0000-7fc2f8fee000 r--p 00106000 00:22 271896                     /usr/lib/x86_64-linux-gnu/libxml2.so.16.0.6
7fc2f8fee000-7fc2f8ff7000 r--p 00143000 00:22 271896                     /usr/lib/x86_64-linux-gnu/libxml2.so.16.0.6
7fc2f8ff7000-7fc2f8ff8000 rw-p 0014c000 00:22 271896                     /usr/lib/x86_64-linux-gnu/libxml2.so.16.0.6
7fc2f8ff8000-7fc2f8ff9000 rw-p 00000000 00:00 0 
7fc2f8ff9000-7fc2f9003000 r--p 00000000 00:22 320885                     /usr/lib/x86_64-linux-gnu/libjson-glib-1.0.so.0.1000.8
7fc2f9003000-7fc2f901a000 r-xp 0000a000 00:22 320885                     /usr/lib/x86_64-linux-gnu/libjson-glib-1.0.so.0.1000.8
7fc2f901a000-7fc2f9023000 r--p 00021000 00:22 320885                     /usr/lib/x86_64-linux-gnu/libjson-glib-1.0.so.0.1000.8
7fc2f9023000-7fc2f9024000 r--p 0002a000 00:22 320885                     /usr/lib/x86_64-linux-gnu/libjson-glib-1.0.so.0.1000.8
7fc2f9024000-7fc2f9025000 rw-p 0002b000 00:22 320885                     /usr/lib/x86_64-linux-gnu/libjson-glib-1.0.so.0.1000.8
7fc2f9025000-7fc2f9034000 r--p 00000000 00:22 327369                     /usr/lib/x86_64-linux-gnu/libdbus-1.so.3.38.3
7fc2f9034000-7fc2f9068000 r-xp 0000f000 00:22 327369                     /usr/lib/x86_64-linux-gnu/libdbus-1.so.3.38.3
7fc2f9068000-7fc2f9079000 r--p 00043000 00:22 327369                     /usr/lib/x86_64-linux-gnu/libdbus-1.so.3.38.3
7fc2f9079000-7fc2f907b000 r--p 00053000 00:22 327369                     /usr/lib/x86_64-linux-gnu/libdbus-1.so.3.38.3
7fc2f907b000-7fc2f907c000 rw-p 00055000 00:22 327369                     /usr/lib/x86_64-linux-gnu/libdbus-1.so.3.38.3
7fc2f907c000-7fc2f908f000 r--p 00000000 00:22 979822                     /usr/lib/x86_64-linux-gnu/libatspi.so.0.0.1
7fc2f908f000-7fc2f90ab000 r-xp 00013000 00:22 979822                     /usr/lib/x86_64-linux-gnu/libatspi.so.0.0.1
7fc2f90ab000-7fc2f90b8000 r--p 0002f000 00:22 979822                     /usr/lib/x86_64-linux-gnu/libatspi.so.0.0.1
7fc2f90b8000-7fc2f90bc000 r--p 0003c000 00:22 979822                     /usr/lib/x86_64-linux-gnu/libatspi.so.0.0.1
7fc2f90bc000-7fc2f90bd000 rw-p 00040000 00:22 979822                     /usr/lib/x86_64-linux-gnu/libatspi.so.0.0.1
7fc2f90bd000-7fc2f90e0000 r--p 00000000 00:22 323925                     /usr/lib/x86_64-linux-gnu/libtinysparql-3.0.so.0.1001.0
7fc2f90e0000-7fc2f9156000 r-xp 00023000 00:22 323925                     /usr/lib/x86_64-linux-gnu/libtinysparql-3.0.so.0.1001.0
7fc2f9156000-7fc2f9186000 r--p 00099000 00:22 323925                     /usr/lib/x86_64-linux-gnu/libtinysparql-3.0.so.0.1001.0
7fc2f9186000-7fc2f9194000 r--p 000c8000 00:22 323925                     /usr/lib/x86_64-linux-gnu/libtinysparql-3.0.so.0.1001.0
7fc2f9194000-7fc2f9195000 rw-p 000d6000 00:22 323925                     /usr/lib/x86_64-linux-gnu/libtinysparql-3.0.so.0.1001.0
7fc2f9195000-7fc2f91a3000 r--p 00000000 00:22 320605                     /usr/lib/x86_64-linux-gnu/libatk-bridge-2.0.so.0.0.0
7fc2f91a3000-7fc2f91be000 r-xp 0000e000 00:22 320605                     /usr/lib/x86_64-linux-gnu/libatk-bridge-2.0.so.0.0.0
7fc2f91be000-7fc2f91d2000 r--p 00029000 00:22 320605                     /usr/lib/x86_64-linux-gnu/libatk-bridge-2.0.so.0.0.0
7fc2f91d2000-7fc2f91d4000 r--p 0003c000 00:22 320605                     /usr/lib/x86_64-linux-gnu/libatk-bridge-2.0.so.0.0.0
7fc2f91d4000-7fc2f91d6000 rw-p 0003e000 00:22 320605                     /usr/lib/x86_64-linux-gnu/libatk-bridge-2.0.so.0.0.0
7fc2f91d6000-7fc2f91e1000 r--p 00000000 00:22 979854                     /usr/lib/x86_64-linux-gnu/libatk-1.0.so.0.25812.1
7fc2f91e1000-7fc2f91f1000 r-xp 0000b000 00:22 979854                     /usr/lib/x86_64-linux-gnu/libatk-1.0.so.0.25812.1
7fc2f91f1000-7fc2f91fc000 r--p 0001b000 00:22 979854                     /usr/lib/x86_64-linux-gnu/libatk-1.0.so.0.25812.1
7fc2f91fc000-7fc2f91ff000 r--p 00026000 00:22 979854                     /usr/lib/x86_64-linux-gnu/libatk-1.0.so.0.25812.1
7fc2f91ff000-7fc2f9200000 rw-p 00029000 00:22 979854                     /usr/lib/x86_64-linux-gnu/libatk-1.0.so.0.25812.1
7fc2f9200000-7fc2f941b000 r--p 00000000 00:22 342479                     /usr/lib/x86_64-linux-gnu/libgtk-3.so.0.2419.32
7fc2f941b000-7fc2f97db000 r-xp 0021b000 00:22 342479                     /usr/lib/x86_64-linux-gnu/libgtk-3.so.0.2419.32
7fc2f97db000-7fc2f992c000 r--p 005db000 00:22 342479                     /usr/lib/x86_64-linux-gnu/libgtk-3.so.0.2419.32
7fc2f992c000-7fc2f993f000 r--p 0072c000 00:22 342479                     /usr/lib/x86_64-linux-gnu/libgtk-3.so.0.2419.32
7fc2f993f000-7fc2f9942000 rw-p 0073f000 00:22 342479                     /usr/lib/x86_64-linux-gnu/libgtk-3.so.0.2419.32
7fc2f9942000-7fc2f9947000 rw-p 00000000 00:00 0 
7fc2f9947000-7fc2f994a000 r--s 00000000 00:22 648344                     /run/host/fonts-cache/3196f05a030874ca00722cbf1e991434-le64.cache-9
7fc2f994a000-7fc2f994d000 r--p 00000000 00:22 258041                     /usr/lib/x86_64-linux-gnu/libeconf.so.0.7.10
7fc2f994d000-7fc2f9955000 r-xp 00003000 00:22 258041                     /usr/lib/x86_64-linux-gnu/libeconf.so.0.7.10
7fc2f9955000-7fc2f9957000 r--p 0000b000 00:22 258041                     /usr/lib/x86_64-linux-gnu/libeconf.so.0.7.10
7fc2f9957000-7fc2f9958000 r--p 0000c000 00:22 258041                     /usr/lib/x86_64-linux-gnu/libeconf.so.0.7.10
7fc2f9958000-7fc2f9959000 rw-p 0000d000 00:22 258041                     /usr/lib/x86_64-linux-gnu/libeconf.so.0.7.10
7fc2f9959000-7fc2f995a000 r--p 00000000 00:22 267161                     /usr/lib/x86_64-linux-gnu/libbrotlicommon.so.1.2.0
7fc2f995a000-7fc2f995b000 r-xp 00001000 00:22 267161                     /usr/lib/x86_64-linux-gnu/libbrotlicommon.so.1.2.0
7fc2f995b000-7fc2f997a000 r--p 00002000 00:22 267161                     /usr/lib/x86_64-linux-gnu/libbrotlicommon.so.1.2.0
7fc2f997a000-7fc2f997b000 r--p 00021000 00:22 267161                     /usr/lib/x86_64-linux-gnu/libbrotlicommon.so.1.2.0
7fc2f997b000-7fc2f997c000 rw-p 00022000 00:22 267161                     /usr/lib/x86_64-linux-gnu/libbrotlicommon.so.1.2.0
7fc2f997c000-7fc2f9984000 r--p 00000000 00:22 1566922                    /usr/lib/x86_64-linux-gnu/libblkid.so.1.1.0
7fc2f9984000-7fc2f99aa000 r-xp 00008000 00:22 1566922                    /usr/lib/x86_64-linux-gnu/libblkid.so.1.1.0
7fc2f99aa000-7fc2f99b3000 r--p 0002e000 00:22 1566922                    /usr/lib/x86_64-linux-gnu/libblkid.so.1.1.0
7fc2f99b3000-7fc2f99b9000 r--p 00037000 00:22 1566922                    /usr/lib/x86_64-linux-gnu/libblkid.so.1.1.0
7fc2f99b9000-7fc2f99ba000 rw-p 0003d000 00:22 1566922                    /usr/lib/x86_64-linux-gnu/libblkid.so.1.1.0
7fc2f99ba000-7fc2f99bd000 r--p 00000000 00:22 256029                     /usr/lib/x86_64-linux-gnu/libgraphite2.so.3.2.1
7fc2f99bd000-7fc2f99d6000 r-xp 00003000 00:22 256029                     /usr/lib/x86_64-linux-gnu/libgraphite2.so.3.2.1
7fc2f99d6000-7fc2f99da000 r--p 0001c000 00:22 256029                     /usr/lib/x86_64-linux-gnu/libgraphite2.so.3.2.1
7fc2f99da000-7fc2f99dc000 r--p 00020000 00:22 256029                     /usr/lib/x86_64-linux-gnu/libgraphite2.so.3.2.1
7fc2f99dc000-7fc2f99dd000 rw-p 00022000 00:22 256029                     /usr/lib/x86_64-linux-gnu/libgraphite2.so.3.2.1
7fc2f99dd000-7fc2f99df000 r--p 00000000 00:22 710421                     /usr/lib/x86_64-linux-gnu/libdatrie.so.1.4.1
7fc2f99df000-7fc2f99e3000 r-xp 00002000 00:22 710421                     /usr/lib/x86_64-linux-gnu/libdatrie.so.1.4.1
7fc2f99e3000-7fc2f99e5000 r--p 00006000 00:22 710421                     /usr/lib/x86_64-linux-gnu/libdatrie.so.1.4.1
7fc2f99e5000-7fc2f99e6000 r--p 00007000 00:22 710421                     /usr/lib/x86_64-linux-gnu/libdatrie.so.1.4.1
7fc2f99e6000-7fc2f99e7000 rw-p 00008000 00:22 710421                     /usr/lib/x86_64-linux-gnu/libdatrie.so.1.4.1
7fc2f99e7000-7fc2f99e8000 r--p 00000000 00:22 257601                     /usr/lib/x86_64-linux-gnu/libXau.so.6.0.0
7fc2f99e8000-7fc2f99ea000 r-xp 00001000 00:22 257601                     /usr/lib/x86_64-linux-gnu/libXau.so.6.0.0
7fc2f99ea000-7fc2f99eb000 r--p 00003000 00:22 257601                     /usr/lib/x86_64-linux-gnu/libXau.so.6.0.0
7fc2f99eb000-7fc2f99ec000 r--p 00003000 00:22 257601                     /usr/lib/x86_64-linux-gnu/libXau.so.6.0.0
7fc2f99ec000-7fc2f99ed000 rw-p 00004000 00:22 257601                     /usr/lib/x86_64-linux-gnu/libXau.so.6.0.0
7fc2f99ed000-7fc2f99ee000 r--p 00000000 00:22 256619                     /usr/lib/x86_64-linux-gnu/libbrotlidec.so.1.2.0
7fc2f99ee000-7fc2f99f7000 r-xp 00001000 00:22 256619                     /usr/lib/x86_64-linux-gnu/libbrotlidec.so.1.2.0
7fc2f99f7000-7fc2f99fa000 r--p 0000a000 00:22 256619                     /usr/lib/x86_64-linux-gnu/libbrotlidec.so.1.2.0
7fc2f99fa000-7fc2f99fb000 r--p 0000c000 00:22 256619                     /usr/lib/x86_64-linux-gnu/libbrotlidec.so.1.2.0
7fc2f99fb000-7fc2f99fc000 rw-p 0000d000 00:22 256619                     /usr/lib/x86_64-linux-gnu/libbrotlidec.so.1.2.0
7fc2f99fc000-7fc2f99fe000 r--p 00000000 00:22 247983                     /usr/lib/x86_64-linux-gnu/libbz2.so.1.0.8
7fc2f99fe000-7fc2f9a0d000 r-xp 00002000 00:22 247983                     /usr/lib/x86_64-linux-gnu/libbz2.so.1.0.8
7fc2f9a0d000-7fc2f9a0f000 r--p 00011000 00:22 247983                     /usr/lib/x86_64-linux-gnu/libbz2.so.1.0.8
7fc2f9a0f000-7fc2f9a10000 r--p 00012000 00:22 247983                     /usr/lib/x86_64-linux-gnu/libbz2.so.1.0.8
7fc2f9a10000-7fc2f9a11000 rw-p 00013000 00:22 247983                     /usr/lib/x86_64-linux-gnu/libbz2.so.1.0.8
7fc2f9a11000-7fc2f9a14000 r--p 00000000 00:22 247327                     /usr/lib/x86_64-linux-gnu/libseccomp.so.2.6.0
7fc2f9a14000-7fc2f9a23000 r-xp 00003000 00:22 247327                     /usr/lib/x86_64-linux-gnu/libseccomp.so.2.6.0
7fc2f9a23000-7fc2f9a3c000 r--p 00012000 00:22 247327                     /usr/lib/x86_64-linux-gnu/libseccomp.so.2.6.0
7fc2f9a3c000-7fc2f9a3d000 r--p 0002b000 00:22 247327                     /usr/lib/x86_64-linux-gnu/libseccomp.so.2.6.0
7fc2f9a3d000-7fc2f9a3e000 rw-p 0002c000 00:22 247327                     /usr/lib/x86_64-linux-gnu/libseccomp.so.2.6.0
7fc2f9a3e000-7fc2f9a4a000 r--p 00000000 00:22 1567342                    /usr/lib/x86_64-linux-gnu/liblcms2.so.2.0.18
7fc2f9a4a000-7fc2f9a8f000 r-xp 0000c000 00:22 1567342                    /usr/lib/x86_64-linux-gnu/liblcms2.so.2.0.18
7fc2f9a8f000-7fc2f9aa3000 r--p 00051000 00:22 1567342                    /usr/lib/x86_64-linux-gnu/liblcms2.so.2.0.18
7fc2f9aa3000-7fc2f9aa6000 r--p 00064000 00:22 1567342                    /usr/lib/x86_64-linux-gnu/liblcms2.so.2.0.18
7fc2f9aa6000-7fc2f9aa9000 rw-p 00067000 00:22 1567342                    /usr/lib/x86_64-linux-gnu/liblcms2.so.2.0.18
7fc2f9aa9000-7fc2f9aaa000 rw-p 00000000 00:00 0 
7fc2f9aaa000-7fc2f9ab2000 r--p 00000000 00:22 328125                     /usr/lib/x86_64-linux-gnu/libpangoft2-1.0.so.0.5700.0
7fc2f9ab2000-7fc2f9ac1000 r-xp 00008000 00:22 328125                     /usr/lib/x86_64-linux-gnu/libpangoft2-1.0.so.0.5700.0
7fc2f9ac1000-7fc2f9ac5000 r--p 00017000 00:22 328125                     /usr/lib/x86_64-linux-gnu/libpangoft2-1.0.so.0.5700.0
7fc2f9ac5000-7fc2f9ac6000 r--p 0001b000 00:22 328125                     /usr/lib/x86_64-linux-gnu/libpangoft2-1.0.so.0.5700.0
7fc2f9ac6000-7fc2f9ac7000 rw-p 0001c000 00:22 328125                     /usr/lib/x86_64-linux-gnu/libpangoft2-1.0.so.0.5700.0
7fc2f9ac7000-7fc2f9ad2000 r--p 00000000 00:22 1567594                    /usr/lib/x86_64-linux-gnu/libmount.so.1.1.0
7fc2f9ad2000-7fc2f9b0d000 r-xp 0000b000 00:22 1567594                    /usr/lib/x86_64-linux-gnu/libmount.so.1.1.0
7fc2f9b0d000-7fc2f9b1b000 r--p 00046000 00:22 1567594                    /usr/lib/x86_64-linux-gnu/libmount.so.1.1.0
7fc2f9b1b000-7fc2f9b1d000 r--p 00054000 00:22 1567594                    /usr/lib/x86_64-linux-gnu/libmount.so.1.1.0
7fc2f9b1d000-7fc2f9b1e000 rw-p 00056000 00:22 1567594                    /usr/lib/x86_64-linux-gnu/libmount.so.1.1.0
7fc2f9b1e000-7fc2f9b22000 r--p 00000000 00:22 253390                     /usr/lib/x86_64-linux-gnu/libexpat.so.1.10.2
7fc2f9b22000-7fc2f9b3f000 r-xp 00004000 00:22 253390                     /usr/lib/x86_64-linux-gnu/libexpat.so.1.10.2
7fc2f9b3f000-7fc2f9b47000 r--p 00021000 00:22 253390                     /usr/lib/x86_64-linux-gnu/libexpat.so.1.10.2
7fc2f9b47000-7fc2f9b49000 r--p 00029000 00:22 253390                     /usr/lib/x86_64-linux-gnu/libexpat.so.1.10.2
7fc2f9b49000-7fc2f9b4a000 rw-p 0002b000 00:22 253390                     /usr/lib/x86_64-linux-gnu/libexpat.so.1.10.2
7fc2f9b4a000-7fc2f9b58000 r--p 00000000 00:22 320091                     /usr/lib/x86_64-linux-gnu/libharfbuzz.so.0.61145.0
7fc2f9b58000-7fc2f9c44000 r-xp 0000e000 00:22 320091                     /usr/lib/x86_64-linux-gnu/libharfbuzz.so.0.61145.0
7fc2f9c44000-7fc2f9c7c000 r--p 000fa000 00:22 320091                     /usr/lib/x86_64-linux-gnu/libharfbuzz.so.0.61145.0
7fc2f9c7c000-7fc2f9c7e000 r--p 00131000 00:22 320091                     /usr/lib/x86_64-linux-gnu/libharfbuzz.so.0.61145.0
7fc2f9c7e000-7fc2f9c7f000 rw-p 00133000 00:22 320091                     /usr/lib/x86_64-linux-gnu/libharfbuzz.so.0.61145.0
7fc2f9c7f000-7fc2f9c8b000 r--p 00000000 00:22 256505                     /usr/lib/x86_64-linux-gnu/libpixman-1.so.0.46.4
7fc2f9c8b000-7fc2f9d1d000 r-xp 0000c000 00:22 256505                     /usr/lib/x86_64-linux-gnu/libpixman-1.so.0.46.4
7fc2f9d1d000-7fc2f9d2d000 r--p 0009e000 00:22 256505                     /usr/lib/x86_64-linux-gnu/libpixman-1.so.0.46.4
7fc2f9d2d000-7fc2f9d35000 r--p 000ae000 00:22 256505                     /usr/lib/x86_64-linux-gnu/libpixman-1.so.0.46.4
7fc2f9d35000-7fc2f9d36000 rw-p 000b6000 00:22 256505                     /usr/lib/x86_64-linux-gnu/libpixman-1.so.0.46.4
7fc2f9d36000-7fc2f9d45000 r--p 00000000 00:22 1566807                    /usr/lib/x86_64-linux-gnu/libfreetype.so.6.20.4
7fc2f9d45000-7fc2f9dd1000 r-xp 0000f000 00:22 1566807                    /usr/lib/x86_64-linux-gnu/libfreetype.so.6.20.4
7fc2f9dd1000-7fc2f9df7000 r--p 0009b000 00:22 1566807                    /usr/lib/x86_64-linux-gnu/libfreetype.so.6.20.4
7fc2f9df7000-7fc2f9dff000 r--p 000c1000 00:22 1566807                    /usr/lib/x86_64-linux-gnu/libfreetype.so.6.20.4
7fc2f9dff000-7fc2f9e00000 rw-p 000c9000 00:22 1566807                    /usr/lib/x86_64-linux-gnu/libfreetype.so.6.20.4
7fc2f9e00000-7fc2f9e2d000 r--p 00000000 00:22 1632048                    /usr/lib/x86_64-linux-gnu/libglycin-2.so.0
7fc2f9e2d000-7fc2fa164000 r-xp 0002d000 00:22 1632048                    /usr/lib/x86_64-linux-gnu/libglycin-2.so.0
7fc2fa164000-7fc2fa200000 r--p 00364000 00:22 1632048                    /usr/lib/x86_64-linux-gnu/libglycin-2.so.0
7fc2fa200000-7fc2fa21d000 r--p 003ff000 00:22 1632048                    /usr/lib/x86_64-linux-gnu/libglycin-2.so.0
7fc2fa21d000-7fc2fa220000 rw-p 0041c000 00:22 1632048                    /usr/lib/x86_64-linux-gnu/libglycin-2.so.0
7fc2fa220000-7fc2fa221000 r--s 00000000 00:22 648366                     /run/host/fonts-cache/a1059391c956b3cbc42a78cac70f430a-le64.cache-9
7fc2fa221000-7fc2fa224000 r--s 00000000 00:22 648342                     /run/host/fonts-cache/a11fef9c6b59ddb48eba670bb9bf2c6a-le64.cache-9
7fc2fa224000-7fc2fa227000 r--p 00000000 00:22 1567623                    /usr/lib/x86_64-linux-gnu/libthai.so.0.3.2
7fc2fa227000-7fc2fa22c000 r-xp 00003000 00:22 1567623                    /usr/lib/x86_64-linux-gnu/libthai.so.0.3.2
7fc2fa22c000-7fc2fa22f000 r--p 00008000 00:22 1567623                    /usr/lib/x86_64-linux-gnu/libthai.so.0.3.2
7fc2fa22f000-7fc2fa230000 r--p 0000a000 00:22 1567623                    /usr/lib/x86_64-linux-gnu/libthai.so.0.3.2
7fc2fa230000-7fc2fa231000 rw-p 0000b000 00:22 1567623                    /usr/lib/x86_64-linux-gnu/libthai.so.0.3.2
7fc2fa231000-7fc2fa237000 r--p 00000000 00:22 254893                     /usr/lib/x86_64-linux-gnu/libxcb-render.so.0.0.0
7fc2fa237000-7fc2fa23c000 r-xp 00006000 00:22 254893                     /usr/lib/x86_64-linux-gnu/libxcb-render.so.0.0.0
7fc2fa23c000-7fc2fa23f000 r--p 0000b000 00:22 254893                     /usr/lib/x86_64-linux-gnu/libxcb-render.so.0.0.0
7fc2fa23f000-7fc2fa240000 r--p 0000d000 00:22 254893                     /usr/lib/x86_64-linux-gnu/libxcb-render.so.0.0.0
7fc2fa240000-7fc2fa241000 rw-p 0000e000 00:22 254893                     /usr/lib/x86_64-linux-gnu/libxcb-render.so.0.0.0
7fc2fa241000-7fc2fa24e000 r--p 00000000 00:22 247578                     /usr/lib/x86_64-linux-gnu/libxcb.so.1.1.0
7fc2fa24e000-7fc2fa262000 r-xp 0000d000 00:22 247578                     /usr/lib/x86_64-linux-gnu/libxcb.so.1.1.0
7fc2fa262000-7fc2fa26b000 r--p 00021000 00:22 247578                     /usr/lib/x86_64-linux-gnu/libxcb.so.1.1.0
7fc2fa26b000-7fc2fa26c000 r--p 0002a000 00:22 247578                     /usr/lib/x86_64-linux-gnu/libxcb.so.1.1.0
7fc2fa26c000-7fc2fa26d000 rw-p 0002b000 00:22 247578                     /usr/lib/x86_64-linux-gnu/libxcb.so.1.1.0
7fc2fa26d000-7fc2fa26f000 r--p 00000000 00:22 252141                     /usr/lib/x86_64-linux-gnu/libXrender.so.1.3.0
7fc2fa26f000-7fc2fa276000 r-xp 00002000 00:22 252141                     /usr/lib/x86_64-linux-gnu/libXrender.so.1.3.0
7fc2fa276000-7fc2fa277000 r--p 00009000 00:22 252141                     /usr/lib/x86_64-linux-gnu/libXrender.so.1.3.0
7fc2fa277000-7fc2fa278000 r--p 0000a000 00:22 252141                     /usr/lib/x86_64-linux-gnu/libXrender.so.1.3.0
7fc2fa278000-7fc2fa279000 rw-p 0000b000 00:22 252141                     /usr/lib/x86_64-linux-gnu/libXrender.so.1.3.0
7fc2fa279000-7fc2fa27f000 r--p 00000000 00:22 1567230                    /usr/lib/x86_64-linux-gnu/libpng16.so.16.54.0
7fc2fa27f000-7fc2fa2a7000 r-xp 00006000 00:22 1567230                    /usr/lib/x86_64-linux-gnu/libpng16.so.16.54.0
7fc2fa2a7000-7fc2fa2b1000 r--p 0002e000 00:22 1567230                    /usr/lib/x86_64-linux-gnu/libpng16.so.16.54.0
7fc2fa2b1000-7fc2fa2b2000 r--p 00037000 00:22 1567230                    /usr/lib/x86_64-linux-gnu/libpng16.so.16.54.0
7fc2fa2b2000-7fc2fa2b3000 rw-p 00038000 00:22 1567230                    /usr/lib/x86_64-linux-gnu/libpng16.so.16.54.0
7fc2fa2b3000-7fc2fa2d1000 r--p 00000000 00:22 1567325                    /usr/lib/x86_64-linux-gnu/libX11.so.6.4.0
7fc2fa2d1000-7fc2fa36a000 r-xp 0001e000 00:22 1567325                    /usr/lib/x86_64-linux-gnu/libX11.so.6.4.0
7fc2fa36a000-7fc2fa3f9000 r--p 000b7000 00:22 1567325                    /usr/lib/x86_64-linux-gnu/libX11.so.6.4.0
7fc2fa3f9000-7fc2fa3fc000 r--p 00146000 00:22 1567325                    /usr/lib/x86_64-linux-gnu/libX11.so.6.4.0
7fc2fa3fc000-7fc2fa400000 rw-p 00149000 00:22 1567325                    /usr/lib/x86_64-linux-gnu/libX11.so.6.4.0
7fc2fa400000-7fc2fa444000 r--p 00000000 00:22 979857                     /usr/lib/x86_64-linux-gnu/libgio-2.0.so.0.8600.3
7fc2fa444000-7fc2fa574000 r-xp 00044000 00:22 979857                     /usr/lib/x86_64-linux-gnu/libgio-2.0.so.0.8600.3
7fc2fa574000-7fc2fa5f3000 r--p 00174000 00:22 979857                     /usr/lib/x86_64-linux-gnu/libgio-2.0.so.0.8600.3
7fc2fa5f3000-7fc2fa5fd000 r--p 001f2000 00:22 979857                     /usr/lib/x86_64-linux-gnu/libgio-2.0.so.0.8600.3
7fc2fa5fd000-7fc2fa5fe000 rw-p 001fc000 00:22 979857                     /usr/lib/x86_64-linux-gnu/libgio-2.0.so.0.8600.3
7fc2fa5fe000-7fc2fa600000 rw-p 00000000 00:00 0 
7fc2fa600000-7fc2fa601000 r--s 00000000 00:22 648364                     /run/host/fonts-cache/aa02322cc1375fea2382deabf4339973-le64.cache-9
7fc2fa601000-7fc2fa602000 r--p 00000000 00:22 267605                     /usr/lib/x86_64-linux-gnu/libxcb-shm.so.0.0.0
7fc2fa602000-7fc2fa603000 r-xp 00001000 00:22 267605                     /usr/lib/x86_64-linux-gnu/libxcb-shm.so.0.0.0
7fc2fa603000-7fc2fa604000 r--p 00002000 00:22 267605                     /usr/lib/x86_64-linux-gnu/libxcb-shm.so.0.0.0
7fc2fa604000-7fc2fa605000 r--p 00002000 00:22 267605                     /usr/lib/x86_64-linux-gnu/libxcb-shm.so.0.0.0
7fc2fa605000-7fc2fa606000 rw-p 00003000 00:22 267605                     /usr/lib/x86_64-linux-gnu/libxcb-shm.so.0.0.0
7fc2fa606000-7fc2fa609000 r--p 00000000 00:22 258574                     /usr/lib/x86_64-linux-gnu/libpcre2-8.so.0.14.0
7fc2fa609000-7fc2fa685000 r-xp 00003000 00:22 258574                     /usr/lib/x86_64-linux-gnu/libpcre2-8.so.0.14.0
7fc2fa685000-7fc2fa6b0000 r--p 0007f000 00:22 258574                     /usr/lib/x86_64-linux-gnu/libpcre2-8.so.0.14.0
7fc2fa6b0000-7fc2fa6b1000 r--p 000a9000 00:22 258574                     /usr/lib/x86_64-linux-gnu/libpcre2-8.so.0.14.0
7fc2fa6b1000-7fc2fa6b2000 rw-p 000aa000 00:22 258574                     /usr/lib/x86_64-linux-gnu/libpcre2-8.so.0.14.0
7fc2fa6b2000-7fc2fa6b4000 r--p 00000000 00:22 260682                     /usr/lib/x86_64-linux-gnu/libffi.so.8.2.0
7fc2fa6b4000-7fc2fa6be000 r-xp 00002000 00:22 260682                     /usr/lib/x86_64-linux-gnu/libffi.so.8.2.0
7fc2fa6be000-7fc2fa6c0000 r--p 0000c000 00:22 260682                     /usr/lib/x86_64-linux-gnu/libffi.so.8.2.0
7fc2fa6c0000-7fc2fa6c1000 r--p 0000d000 00:22 260682                     /usr/lib/x86_64-linux-gnu/libffi.so.8.2.0
7fc2fa6c1000-7fc2fa6c2000 rw-p 0000e000 00:22 260682                     /usr/lib/x86_64-linux-gnu/libffi.so.8.2.0
7fc2fa6c2000-7fc2fa6c4000 r--p 00000000 00:22 979789                     /usr/lib/x86_64-linux-gnu/libgmodule-2.0.so.0.8600.3
7fc2fa6c4000-7fc2fa6c6000 r-xp 00002000 00:22 979789                     /usr/lib/x86_64-linux-gnu/libgmodule-2.0.so.0.8600.3
7fc2fa6c6000-7fc2fa6c7000 r--p 00004000 00:22 979789                     /usr/lib/x86_64-linux-gnu/libgmodule-2.0.so.0.8600.3
7fc2fa6c7000-7fc2fa6c8000 r--p 00004000 00:22 979789                     /usr/lib/x86_64-linux-gnu/libgmodule-2.0.so.0.8600.3
7fc2fa6c8000-7fc2fa6c9000 rw-p 00005000 00:22 979789                     /usr/lib/x86_64-linux-gnu/libgmodule-2.0.so.0.8600.3
7fc2fa6c9000-7fc2fa6ca000 r--p 00000000 00:22 252104                     /usr/lib/x86_64-linux-gnu/libXinerama.so.1.0.0
7fc2fa6ca000-7fc2fa6cb000 r-xp 00001000 00:22 252104                     /usr/lib/x86_64-linux-gnu/libXinerama.so.1.0.0
7fc2fa6cb000-7fc2fa6cc000 r--p 00002000 00:22 252104                     /usr/lib/x86_64-linux-gnu/libXinerama.so.1.0.0
7fc2fa6cc000-7fc2fa6cd000 r--p 00002000 00:22 252104                     /usr/lib/x86_64-linux-gnu/libXinerama.so.1.0.0
7fc2fa6cd000-7fc2fa6ce000 rw-p 00003000 00:22 252104                     /usr/lib/x86_64-linux-gnu/libXinerama.so.1.0.0
7fc2fa6ce000-7fc2fa6d0000 r--p 00000000 00:22 252436                     /usr/lib/x86_64-linux-gnu/libXrandr.so.2.2.0
7fc2fa6d0000-7fc2fa6d7000 r-xp 00002000 00:22 252436                     /usr/lib/x86_64-linux-gnu/libXrandr.so.2.2.0
7fc2fa6d7000-7fc2fa6d9000 r--p 00009000 00:22 252436                     /usr/lib/x86_64-linux-gnu/libXrandr.so.2.2.0
7fc2fa6d9000-7fc2fa6da000 r--p 0000a000 00:22 252436                     /usr/lib/x86_64-linux-gnu/libXrandr.so.2.2.0
7fc2fa6da000-7fc2fa6db000 rw-p 0000b000 00:22 252436                     /usr/lib/x86_64-linux-gnu/libXrandr.so.2.2.0
7fc2fa6db000-7fc2fa6dc000 r--p 00000000 00:22 247981                     /usr/lib/x86_64-linux-gnu/libXcomposite.so.1.0.0
7fc2fa6dc000-7fc2fa6dd000 r-xp 00001000 00:22 247981                     /usr/lib/x86_64-linux-gnu/libXcomposite.so.1.0.0
7fc2fa6dd000-7fc2fa6de000 r--p 00002000 00:22 247981                     /usr/lib/x86_64-linux-gnu/libXcomposite.so.1.0.0
7fc2fa6de000-7fc2fa6df000 r--p 00002000 00:22 247981                     /usr/lib/x86_64-linux-gnu/libXcomposite.so.1.0.0
7fc2fa6df000-7fc2fa6e0000 rw-p 00003000 00:22 247981                     /usr/lib/x86_64-linux-gnu/libXcomposite.so.1.0.0
7fc2fa6e0000-7fc2fa6e2000 r--p 00000000 00:22 265723                     /usr/lib/x86_64-linux-gnu/libXfixes.so.3.1.0
7fc2fa6e2000-7fc2fa6e5000 r-xp 00002000 00:22 265723                     /usr/lib/x86_64-linux-gnu/libXfixes.so.3.1.0
7fc2fa6e5000-7fc2fa6e6000 r--p 00005000 00:22 265723                     /usr/lib/x86_64-linux-gnu/libXfixes.so.3.1.0
7fc2fa6e6000-7fc2fa6e7000 r--p 00005000 00:22 265723                     /usr/lib/x86_64-linux-gnu/libXfixes.so.3.1.0
7fc2fa6e7000-7fc2fa6e8000 rw-p 00006000 00:22 265723                     /usr/lib/x86_64-linux-gnu/libXfixes.so.3.1.0
7fc2fa6e8000-7fc2fa6e9000 r--p 00000000 00:22 259643                     /usr/lib/x86_64-linux-gnu/libXdamage.so.1.1.0
7fc2fa6e9000-7fc2fa6ea000 r-xp 00001000 00:22 259643                     /usr/lib/x86_64-linux-gnu/libXdamage.so.1.1.0
7fc2fa6ea000-7fc2fa6eb000 r--p 00002000 00:22 259643                     /usr/lib/x86_64-linux-gnu/libXdamage.so.1.1.0
7fc2fa6eb000-7fc2fa6ec000 r--p 00002000 00:22 259643                     /usr/lib/x86_64-linux-gnu/libXdamage.so.1.1.0
7fc2fa6ec000-7fc2fa6ed000 rw-p 00003000 00:22 259643                     /usr/lib/x86_64-linux-gnu/libXdamage.so.1.1.0
7fc2fa6ed000-7fc2fa6f0000 r--p 00000000 00:22 266069                     /usr/lib/x86_64-linux-gnu/libXcursor.so.1.0.2
7fc2fa6f0000-7fc2fa6f7000 r-xp 00003000 00:22 266069                     /usr/lib/x86_64-linux-gnu/libXcursor.so.1.0.2
7fc2fa6f7000-7fc2fa6f9000 r--p 0000a000 00:22 266069                     /usr/lib/x86_64-linux-gnu/libXcursor.so.1.0.2
7fc2fa6f9000-7fc2fa6fa000 r--p 0000b000 00:22 266069                     /usr/lib/x86_64-linux-gnu/libXcursor.so.1.0.2
7fc2fa6fa000-7fc2fa6fb000 rw-p 0000c000 00:22 266069                     /usr/lib/x86_64-linux-gnu/libXcursor.so.1.0.2
7fc2fa6fb000-7fc2fa6ff000 r--p 00000000 00:22 1567514                    /usr/lib/x86_64-linux-gnu/libXext.so.6.4.0
7fc2fa6ff000-7fc2fa70a000 r-xp 00004000 00:22 1567514                    /usr/lib/x86_64-linux-gnu/libXext.so.6.4.0
7fc2fa70a000-7fc2fa70d000 r--p 0000f000 00:22 1567514                    /usr/lib/x86_64-linux-gnu/libXext.so.6.4.0
7fc2fa70d000-7fc2fa70e000 r--p 00011000 00:22 1567514                    /usr/lib/x86_64-linux-gnu/libXext.so.6.4.0
7fc2fa70e000-7fc2fa70f000 rw-p 00012000 00:22 1567514                    /usr/lib/x86_64-linux-gnu/libXext.so.6.4.0
7fc2fa70f000-7fc2fa712000 r--p 00000000 00:22 254594                     /usr/lib/x86_64-linux-gnu/libXi.so.6.1.0
7fc2fa712000-7fc2fa71f000 r-xp 00003000 00:22 254594                     /usr/lib/x86_64-linux-gnu/libXi.so.6.1.0
7fc2fa71f000-7fc2fa721000 r--p 00010000 00:22 254594                     /usr/lib/x86_64-linux-gnu/libXi.so.6.1.0
7fc2fa721000-7fc2fa722000 r--p 00012000 00:22 254594                     /usr/lib/x86_64-linux-gnu/libXi.so.6.1.0
7fc2fa722000-7fc2fa723000 rw-p 00013000 00:22 254594                     /usr/lib/x86_64-linux-gnu/libXi.so.6.1.0
7fc2fa723000-7fc2fa724000 r--p 00000000 00:22 266434                     /usr/lib/x86_64-linux-gnu/libwayland-egl.so.1.24.0
7fc2fa724000-7fc2fa725000 r-xp 00001000 00:22 266434                     /usr/lib/x86_64-linux-gnu/libwayland-egl.so.1.24.0
7fc2fa725000-7fc2fa726000 r--p 00002000 00:22 266434                     /usr/lib/x86_64-linux-gnu/libwayland-egl.so.1.24.0
7fc2fa726000-7fc2fa727000 r--p 00002000 00:22 266434                     /usr/lib/x86_64-linux-gnu/libwayland-egl.so.1.24.0
7fc2fa727000-7fc2fa728000 rw-p 00003000 00:22 266434                     /usr/lib/x86_64-linux-gnu/libwayland-egl.so.1.24.0
7fc2fa728000-7fc2fa72a000 r--p 00000000 00:22 255147                     /usr/lib/x86_64-linux-gnu/libwayland-cursor.so.0.24.0
7fc2fa72a000-7fc2fa72c000 r-xp 00002000 00:22 255147                     /usr/lib/x86_64-linux-gnu/libwayland-cursor.so.0.24.0
7fc2fa72c000-7fc2fa72d000 r--p 00004000 00:22 255147                     /usr/lib/x86_64-linux-gnu/libwayland-cursor.so.0.24.0
7fc2fa72d000-7fc2fa72e000 r--p 00004000 00:22 255147                     /usr/lib/x86_64-linux-gnu/libwayland-cursor.so.0.24.0
7fc2fa72e000-7fc2fa732000 rw-p 00005000 00:22 255147                     /usr/lib/x86_64-linux-gnu/libwayland-cursor.so.0.24.0
7fc2fa732000-7fc2fa738000 r--p 00000000 00:22 266572                     /usr/lib/x86_64-linux-gnu/libwayland-client.so.0.24.0
7fc2fa738000-7fc2fa73f000 r-xp 00006000 00:22 266572                     /usr/lib/x86_64-linux-gnu/libwayland-client.so.0.24.0
7fc2fa73f000-7fc2fa742000 r--p 0000d000 00:22 266572                     /usr/lib/x86_64-linux-gnu/libwayland-client.so.0.24.0
7fc2fa742000-7fc2fa744000 r--p 0000f000 00:22 266572                     /usr/lib/x86_64-linux-gnu/libwayland-client.so.0.24.0
7fc2fa744000-7fc2fa745000 rw-p 00011000 00:22 266572                     /usr/lib/x86_64-linux-gnu/libwayland-client.so.0.24.0
7fc2fa745000-7fc2fa74b000 r--p 00000000 00:22 253514                     /usr/lib/x86_64-linux-gnu/libxkbcommon.so.0.11.0
7fc2fa74b000-7fc2fa777000 r-xp 00006000 00:22 253514                     /usr/lib/x86_64-linux-gnu/libxkbcommon.so.0.11.0
7fc2fa777000-7fc2fa79e000 r--p 00032000 00:22 253514                     /usr/lib/x86_64-linux-gnu/libxkbcommon.so.0.11.0
7fc2fa79e000-7fc2fa7a0000 r--p 00059000 00:22 253514                     /usr/lib/x86_64-linux-gnu/libxkbcommon.so.0.11.0
7fc2fa7a0000-7fc2fa7a1000 rw-p 0005b000 00:22 253514                     /usr/lib/x86_64-linux-gnu/libxkbcommon.so.0.11.0
7fc2fa7a1000-7fc2fa7a6000 r--p 00000000 00:22 327685                     /usr/lib/x86_64-linux-gnu/libpangocairo-1.0.so.0.5700.0
7fc2fa7a6000-7fc2fa7ae000 r-xp 00005000 00:22 327685                     /usr/lib/x86_64-linux-gnu/libpangocairo-1.0.so.0.5700.0
7fc2fa7ae000-7fc2fa7b0000 r--p 0000d000 00:22 327685                     /usr/lib/x86_64-linux-gnu/libpangocairo-1.0.so.0.5700.0
7fc2fa7b0000-7fc2fa7b1000 r--p 0000f000 00:22 327685                     /usr/lib/x86_64-linux-gnu/libpangocairo-1.0.so.0.5700.0
7fc2fa7b1000-7fc2fa7b2000 rw-p 00010000 00:22 327685                     /usr/lib/x86_64-linux-gnu/libpangocairo-1.0.so.0.5700.0
7fc2fa7b2000-7fc2fa7ba000 r--p 00000000 00:22 255343                     /usr/lib/x86_64-linux-gnu/libfontconfig.so.1.16.0
7fc2fa7ba000-7fc2fa7eb000 r-xp 00008000 00:22 255343                     /usr/lib/x86_64-linux-gnu/libfontconfig.so.1.16.0
7fc2fa7eb000-7fc2fa802000 r--p 00039000 00:22 255343                     /usr/lib/x86_64-linux-gnu/libfontconfig.so.1.16.0
7fc2fa802000-7fc2fa804000 r--p 00050000 00:22 255343                     /usr/lib/x86_64-linux-gnu/libfontconfig.so.1.16.0
7fc2fa804000-7fc2fa805000 rw-p 00052000 00:22 255343                     /usr/lib/x86_64-linux-gnu/libfontconfig.so.1.16.0
7fc2fa805000-7fc2fa86a000 r--p 00000000 00:22 278483                     /usr/lib/x86_64-linux-gnu/libepoxy.so.0.0.0
7fc2fa86a000-7fc2fa8d7000 r-xp 00065000 00:22 278483                     /usr/lib/x86_64-linux-gnu/libepoxy.so.0.0.0
7fc2fa8d7000-7fc2fa91c000 r--p 000d2000 00:22 278483                     /usr/lib/x86_64-linux-gnu/libepoxy.so.0.0.0
7fc2fa91c000-7fc2fa924000 r--p 00117000 00:22 278483                     /usr/lib/x86_64-linux-gnu/libepoxy.so.0.0.0
7fc2fa924000-7fc2fa92b000 rw-p 0011f000 00:22 278483                     /usr/lib/x86_64-linux-gnu/libepoxy.so.0.0.0
7fc2fa92b000-7fc2fa92f000 r--p 00000000 00:22 979797                     /usr/lib/x86_64-linux-gnu/libcairo-gobject.so.2.11804.4
7fc2fa92f000-7fc2fa931000 r-xp 00004000 00:22 979797                     /usr/lib/x86_64-linux-gnu/libcairo-gobject.so.2.11804.4
7fc2fa931000-7fc2fa933000 r--p 00006000 00:22 979797                     /usr/lib/x86_64-linux-gnu/libcairo-gobject.so.2.11804.4
7fc2fa933000-7fc2fa935000 r--p 00008000 00:22 979797                     /usr/lib/x86_64-linux-gnu/libcairo-gobject.so.2.11804.4
7fc2fa935000-7fc2fa936000 rw-p 0000a000 00:22 979797                     /usr/lib/x86_64-linux-gnu/libcairo-gobject.so.2.11804.4
7fc2fa936000-7fc2fa94a000 r--p 00000000 00:22 321405                     /usr/lib/x86_64-linux-gnu/libpango-1.0.so.0.5700.0
7fc2fa94a000-7fc2fa989000 r-xp 00014000 00:22 321405                     /usr/lib/x86_64-linux-gnu/libpango-1.0.so.0.5700.0
7fc2fa989000-7fc2fa9a3000 r--p 00053000 00:22 321405                     /usr/lib/x86_64-linux-gnu/libpango-1.0.so.0.5700.0
7fc2fa9a3000-7fc2fa9a7000 r--p 0006d000 00:22 321405                     /usr/lib/x86_64-linux-gnu/libpango-1.0.so.0.5700.0
7fc2fa9a7000-7fc2fa9a8000 rw-p 00071000 00:22 321405                     /usr/lib/x86_64-linux-gnu/libpango-1.0.so.0.5700.0
7fc2fa9a8000-7fc2fa9bd000 r--p 00000000 00:22 1632014                    /usr/lib/x86_64-linux-gnu/libcairo.so.2.11804.4
7fc2fa9bd000-7fc2faab4000 r-xp 00015000 00:22 1632014                    /usr/lib/x86_64-linux-gnu/libcairo.so.2.11804.4
7fc2faab4000-7fc2faaf1000 r--p 0010c000 00:22 1632014                    /usr/lib/x86_64-linux-gnu/libcairo.so.2.11804.4
7fc2faaf1000-7fc2faaf5000 r--p 00148000 00:22 1632014                    /usr/lib/x86_64-linux-gnu/libcairo.so.2.11804.4
7fc2faaf5000-7fc2faaf7000 rw-p 0014c000 00:22 1632014                    /usr/lib/x86_64-linux-gnu/libcairo.so.2.11804.4
7fc2faaf7000-7fc2faaf8000 rw-p 00000000 00:00 0 
7fc2faaf8000-7fc2fab1b000 r--p 00000000 00:22 979833                     /usr/lib/x86_64-linux-gnu/libglib-2.0.so.0.8600.3
7fc2fab1b000-7fc2fabc4000 r-xp 00023000 00:22 979833                     /usr/lib/x86_64-linux-gnu/libglib-2.0.so.0.8600.3
7fc2fabc4000-7fc2fac54000 r--p 000cc000 00:22 979833                     /usr/lib/x86_64-linux-gnu/libglib-2.0.so.0.8600.3
7fc2fac54000-7fc2fac55000 r--p 0015c000 00:22 979833                     /usr/lib/x86_64-linux-gnu/libglib-2.0.so.0.8600.3
7fc2fac55000-7fc2fac56000 rw-p 0015d000 00:22 979833                     /usr/lib/x86_64-linux-gnu/libglib-2.0.so.0.8600.3
7fc2fac56000-7fc2fac57000 rw-p 00000000 00:00 0 
7fc2fac57000-7fc2fac67000 r--p 00000000 00:22 979807                     /usr/lib/x86_64-linux-gnu/libgobject-2.0.so.0.8600.3
7fc2fac67000-7fc2fac9f000 r-xp 00010000 00:22 979807                     /usr/lib/x86_64-linux-gnu/libgobject-2.0.so.0.8600.3
7fc2fac9f000-7fc2facb8000 r--p 00048000 00:22 979807                     /usr/lib/x86_64-linux-gnu/libgobject-2.0.so.0.8600.3
7fc2facb8000-7fc2facbb000 r--p 00061000 00:22 979807                     /usr/lib/x86_64-linux-gnu/libgobject-2.0.so.0.8600.3
7fc2facbb000-7fc2facbc000 rw-p 00064000 00:22 979807                     /usr/lib/x86_64-linux-gnu/libgobject-2.0.so.0.8600.3
7fc2facbc000-7fc2facc5000 r--p 00000000 00:22 321379                     /usr/lib/x86_64-linux-gnu/libgdk_pixbuf-2.0.so.0.4400.4
7fc2facc5000-7fc2face0000 r-xp 00009000 00:22 321379                     /usr/lib/x86_64-linux-gnu/libgdk_pixbuf-2.0.so.0.4400.4
7fc2face0000-7fc2face9000 r--p 00024000 00:22 321379                     /usr/lib/x86_64-linux-gnu/libgdk_pixbuf-2.0.so.0.4400.4
7fc2face9000-7fc2faceb000 r--p 0002c000 00:22 321379                     /usr/lib/x86_64-linux-gnu/libgdk_pixbuf-2.0.so.0.4400.4
7fc2faceb000-7fc2facec000 rw-p 0002e000 00:22 321379                     /usr/lib/x86_64-linux-gnu/libgdk_pixbuf-2.0.so.0.4400.4
7fc2facec000-7fc2fad1d000 r--p 00000000 00:22 320088                     /usr/lib/x86_64-linux-gnu/libgdk-3.so.0.2419.32
7fc2fad1d000-7fc2fadab000 r-xp 00031000 00:22 320088                     /usr/lib/x86_64-linux-gnu/libgdk-3.so.0.2419.32
7fc2fadab000-7fc2fadf3000 r--p 000bf000 00:22 320088                     /usr/lib/x86_64-linux-gnu/libgdk-3.so.0.2419.32
7fc2fadf3000-7fc2fadfd000 r--p 00106000 00:22 320088                     /usr/lib/x86_64-linux-gnu/libgdk-3.so.0.2419.32
7fc2fadfd000-7fc2fadff000 rw-p 00110000 00:22 320088                     /usr/lib/x86_64-linux-gnu/libgdk-3.so.0.2419.32
7fc2fadff000-7fc2fae00000 rw-p 00000000 00:00 0 
7fc2fae00000-7fc2fae04000 ---p 00000000 00:00 0 
7fc2fae04000-7fc2faf00000 rw-p 00000000 00:00 0 
7fc2faf00000-7fc2faf04000 ---p 00000000 00:00 0 
7fc2faf04000-7fc2fb000000 rw-p 00000000 00:00 0 
7fc2fb000000-7fc2fbca0000 rw-p 00001000 00:22 622086                     /app/jre/lib/server/classes.jsa
7fc2fbca0000-7fc2fc000000 ---p 00000000 00:00 0 
7fc2fc000000-7fc2fc040000 rw-p 00000000 00:00 0 
7fc2fc040000-7fc2fc100000 rw-p 00000000 00:00 0 
7fc2fc100000-7fc2fc240000 rw-p 00000000 00:00 0 
7fc2fc240000-7fc2fc280000 rw-p 00000000 00:00 0 
7fc2fc280000-7fc2fc6c0000 rw-p 00000000 00:00 0 
7fc2fc6c0000-7fc2fc700000 rw-p 00000000 00:00 0 
7fc2fc700000-7fc2fc740000 rw-p 00000000 00:00 0 
7fc2fc740000-7fc2fc780000 rw-p 00000000 00:00 0 
7fc2fc780000-7fc2fc7b0000 rw-p 00000000 00:00 0 
7fc2fc7b0000-7fc2fc7c0000 ---p 00000000 00:00 0 
7fc2fc7c0000-7fc2fc7e0000 rw-p 00000000 00:00 0 
7fc2fc7e0000-7fc33c000000 ---p 00000000 00:00 0 
7fc33c000000-7fc33c021000 rw-p 00000000 00:00 0 
7fc33c021000-7fc340000000 ---p 00000000 00:00 0 
7fc340000000-7fc340021000 rw-p 00000000 00:00 0 
7fc340021000-7fc344000000 ---p 00000000 00:00 0 
7fc344000000-7fc344021000 rw-p 00000000 00:00 0 
7fc344021000-7fc348000000 ---p 00000000 00:00 0 
7fc348000000-7fc348024000 rw-p 00000000 00:00 0 
7fc348024000-7fc34c000000 ---p 00000000 00:00 0 
7fc34c000000-7fc34c021000 rw-p 00000000 00:00 0 
7fc34c021000-7fc350004000 ---p 00000000 00:00 0 
7fc350004000-7fc350100000 rw-p 00000000 00:00 0 
7fc350100000-7fc350104000 ---p 00000000 00:00 0 
7fc350104000-7fc350200000 rw-p 00000000 00:00 0 
7fc350200000-7fc350204000 ---p 00000000 00:00 0 
7fc350204000-7fc350300000 rw-p 00000000 00:00 0 
7fc350300000-7fc350304000 ---p 00000000 00:00 0 
7fc350304000-7fc350400000 rw-p 00000000 00:00 0 
7fc350400000-7fc350404000 ---p 00000000 00:00 0 
7fc350404000-7fc350500000 rw-p 00000000 00:00 0 
7fc350500000-7fc350504000 ---p 00000000 00:00 0 
7fc350504000-7fc350600000 rw-p 00000000 00:00 0 
7fc350600000-7fc350604000 ---p 00000000 00:00 0 
7fc350604000-7fc350700000 rw-p 00000000 00:00 0 
7fc350700000-7fc350704000 ---p 00000000 00:00 0 
7fc350704000-7fc350800000 rw-p 00000000 00:00 0 
7fc350800000-7fc350a78000 r--p 00000000 00:22 244541                     /usr/share/runtime/locale/pt/lib/pt_BR.utf8/LC_COLLATE
7fc350a78000-7fc350a79000 r--s 00000000 00:22 648352                     /run/host/fonts-cache/0f80fa86029ae75a63f21d682b864529-le64.cache-9
7fc350a79000-7fc350a7a000 r--s 00000000 00:22 259927                     /usr/lib/fontconfig/cache/03a3974e20a7d4a4c13001180806a005-le64.cache-9
7fc350a7a000-7fc350a7c000 r--p 00000000 00:22 266951                     /usr/lib/x86_64-linux-gnu/libfribidi.so.0.4.0
7fc350a7c000-7fc350a82000 r-xp 00002000 00:22 266951                     /usr/lib/x86_64-linux-gnu/libfribidi.so.0.4.0
7fc350a82000-7fc350a99000 r--p 00008000 00:22 266951                     /usr/lib/x86_64-linux-gnu/libfribidi.so.0.4.0
7fc350a99000-7fc350a9a000 r--p 0001e000 00:22 266951                     /usr/lib/x86_64-linux-gnu/libfribidi.so.0.4.0
7fc350a9a000-7fc350a9b000 rw-p 0001f000 00:22 266951                     /usr/lib/x86_64-linux-gnu/libfribidi.so.0.4.0
7fc350a9b000-7fc350aa6000 r--s 00000000 00:22 328412                     /usr/lib/fontconfig/cache/d36ace0aa75499b8b7d4acf63583e147-le64.cache-9
7fc350aa6000-7fc350aab000 r--p 00000000 00:22 621352                     /app/jre/lib/libjsvml.so
7fc350aab000-7fc350aec000 r-xp 00005000 00:22 621352                     /app/jre/lib/libjsvml.so
7fc350aec000-7fc350b75000 r--p 00046000 00:22 621352                     /app/jre/lib/libjsvml.so
7fc350b75000-7fc350b76000 r--p 000ce000 00:22 621352                     /app/jre/lib/libjsvml.so
7fc350b76000-7fc350b77000 rw-p 000cf000 00:22 621352                     /app/jre/lib/libjsvml.so
7fc350b77000-7fc350d79000 rw-p 00000000 00:00 0 
7fc350d79000-7fc350dfa000 rw-p 00000000 00:00 0 
7fc350dfa000-7fc350ffc000 rw-p 00000000 00:00 0 
7fc350ffc000-7fc353684000 rw-p 00000000 00:00 0 
7fc353684000-7fc3543ec000 ---p 00000000 00:00 0 
7fc3543ec000-7fc3543f0000 rw-p 00000000 00:00 0 
7fc3543f0000-7fc3543f8000 ---p 00000000 00:00 0 
7fc3543f8000-7fc354400000 rw-p 00000000 00:00 0 
7fc354400000-7fc3556c0000 rwxp 00000000 00:00 0 
7fc3556c0000-7fc35b937000 ---p 00000000 00:00 0 
7fc35b937000-7fc35bba7000 rwxp 00000000 00:00 0 
7fc35bba7000-7fc35bec9000 ---p 00000000 00:00 0 
7fc35bec9000-7fc35c4c9000 rwxp 00000000 00:00 0 
7fc35c4c9000-7fc363400000 ---p 00000000 00:00 0 
7fc363400000-7fc36beb6000 r--s 00000000 00:22 622095                     /app/jre/lib/modules
7fc36beb6000-7fc36beb8000 r--s 00000000 00:22 267759                     /usr/lib/fontconfig/cache/2c15b964dc7095bc30a4b7f5ba49e433-le64.cache-9
7fc36beb8000-7fc36beba000 r--s 00000000 00:22 259351                     /usr/lib/fontconfig/cache/f458595079eccb276a92599de377ec67-le64.cache-9
7fc36beba000-7fc36bebe000 r--p 00000000 00:22 621748                     /app/bin/plugins/org.eclipse.equinox.launcher.gtk.linux.x86_64_1.2.1500.v20250801-0854/eclipse_11916.so
7fc36bebe000-7fc36bec8000 r-xp 00004000 00:22 621748                     /app/bin/plugins/org.eclipse.equinox.launcher.gtk.linux.x86_64_1.2.1500.v20250801-0854/eclipse_11916.so
7fc36bec8000-7fc36becb000 r--p 0000e000 00:22 621748                     /app/bin/plugins/org.eclipse.equinox.launcher.gtk.linux.x86_64_1.2.1500.v20250801-0854/eclipse_11916.so
7fc36becb000-7fc36becc000 r--p 00010000 00:22 621748                     /app/bin/plugins/org.eclipse.equinox.launcher.gtk.linux.x86_64_1.2.1500.v20250801-0854/eclipse_11916.so
7fc36becc000-7fc36becd000 rw-p 00011000 00:22 621748                     /app/bin/plugins/org.eclipse.equinox.launcher.gtk.linux.x86_64_1.2.1500.v20250801-0854/eclipse_11916.so
7fc36becd000-7fc36bece000 rw-p 00000000 00:00 0 
7fc36bece000-7fc36bef3000 r--p 00000000 00:22 244597                     /usr/share/runtime/locale/pt/share/pt_BR/LC_MESSAGES/libc.mo
7fc36bef3000-7fc36bef6000 r--p 00000000 00:22 622044                     /app/jre/lib/libzip.so
7fc36bef6000-7fc36befb000 r-xp 00003000 00:22 622044                     /app/jre/lib/libzip.so
7fc36befb000-7fc36befd000 r--p 00008000 00:22 622044                     /app/jre/lib/libzip.so
7fc36befd000-7fc36befe000 r--p 00009000 00:22 622044                     /app/jre/lib/libzip.so
7fc36befe000-7fc36beff000 rw-p 0000a000 00:22 622044                     /app/jre/lib/libzip.so
7fc36beff000-7fc36e2a3000 rw-p 00000000 00:00 0 
7fc36e2a3000-7fc370000000 ---p 00000000 00:00 0 
7fc370000000-7fc370003000 r--s 00000000 00:22 327505                     /usr/lib/fontconfig/cache/f5ba2f9035ab2123193e051572841afb-le64.cache-9
7fc370003000-7fc37005d000 r--p 00000000 00:22 244421                     /usr/share/runtime/locale/pt/lib/pt_BR.utf8/LC_CTYPE
7fc37005d000-7fc3705fe000 rw-p 00000000 00:00 0 
7fc3705fe000-7fc370800000 rw-p 00000000 00:00 0 
7fc370800000-7fc370851000 rw-p 00000000 00:00 0 
7fc370851000-7fc3709fd000 ---p 00000000 00:00 0 
7fc3709fd000-7fc3709fe000 rw-p 00000000 00:00 0 
7fc3709fe000-7fc3709ff000 ---p 00000000 00:00 0 
7fc3709ff000-7fc370a51000 rw-p 00000000 00:00 0 
7fc370a51000-7fc370bfd000 ---p 00000000 00:00 0 
7fc370bfd000-7fc370bfe000 rw-p 00000000 00:00 0 
7fc370bfe000-7fc370bff000 ---p 00000000 00:00 0 
7fc370bff000-7fc370c01000 rw-p 00000000 00:00 0 
7fc370c01000-7fc370c02000 rw-p 00000000 00:00 0 
7fc370c02000-7fc370c03000 r--p 00000000 00:22 1567197                    /usr/lib/x86_64-linux-gnu/libdl.so.2
7fc370c03000-7fc370c04000 r-xp 00001000 00:22 1567197                    /usr/lib/x86_64-linux-gnu/libdl.so.2
7fc370c04000-7fc370c05000 r--p 00002000 00:22 1567197                    /usr/lib/x86_64-linux-gnu/libdl.so.2
7fc370c05000-7fc370c06000 r--p 00002000 00:22 1567197                    /usr/lib/x86_64-linux-gnu/libdl.so.2
7fc370c06000-7fc370c07000 rw-p 00003000 00:22 1567197                    /usr/lib/x86_64-linux-gnu/libdl.so.2
7fc370c07000-7fc370c0f000 r--p 00000000 00:22 621961                     /app/jre/lib/libnio.so
7fc370c0f000-7fc370c19000 r-xp 00008000 00:22 621961                     /app/jre/lib/libnio.so
7fc370c19000-7fc370c1d000 r--p 00012000 00:22 621961                     /app/jre/lib/libnio.so
7fc370c1d000-7fc370c1e000 r--p 00016000 00:22 621961                     /app/jre/lib/libnio.so
7fc370c1e000-7fc370c1f000 rw-p 00017000 00:22 621961                     /app/jre/lib/libnio.so
7fc370c1f000-7fc370d20000 rw-p 00000000 00:00 0 
7fc370d20000-7fc371736000 rw-p 00000000 00:00 0 
7fc371736000-7fc371815000 ---p 00000000 00:00 0 
7fc371815000-7fc37183b000 rw-p 00000000 00:00 0 
7fc37183b000-7fc371900000 ---p 00000000 00:00 0 
7fc371900000-7fc371904000 ---p 00000000 00:00 0 
7fc371904000-7fc371a00000 rw-p 00000000 00:00 0 
7fc371a00000-7fc371aaa000 r--p 00000000 00:22 278490                     /usr/lib/x86_64-linux-gnu/libstdc++.so.6.0.34
7fc371aaa000-7fc371c02000 r-xp 000aa000 00:22 278490                     /usr/lib/x86_64-linux-gnu/libstdc++.so.6.0.34
7fc371c02000-7fc371c94000 r--p 00202000 00:22 278490                     /usr/lib/x86_64-linux-gnu/libstdc++.so.6.0.34
7fc371c94000-7fc371ca3000 r--p 00294000 00:22 278490                     /usr/lib/x86_64-linux-gnu/libstdc++.so.6.0.34
7fc371ca3000-7fc371ca6000 rw-p 002a3000 00:22 278490                     /usr/lib/x86_64-linux-gnu/libstdc++.so.6.0.34
7fc371ca6000-7fc371caa000 rw-p 00000000 00:00 0 
7fc371caa000-7fc371cab000 r--p 00000000 00:22 1567238                    /usr/lib/x86_64-linux-gnu/libpthread.so.0
7fc371cab000-7fc371cac000 r-xp 00001000 00:22 1567238                    /usr/lib/x86_64-linux-gnu/libpthread.so.0
7fc371cac000-7fc371cad000 r--p 00002000 00:22 1567238                    /usr/lib/x86_64-linux-gnu/libpthread.so.0
7fc371cad000-7fc371cae000 r--p 00002000 00:22 1567238                    /usr/lib/x86_64-linux-gnu/libpthread.so.0
7fc371cae000-7fc371caf000 rw-p 00003000 00:22 1567238                    /usr/lib/x86_64-linux-gnu/libpthread.so.0
7fc371caf000-7fc371cb2000 r--p 00000000 00:22 621510                     /app/jre/lib/libnet.so
7fc371cb2000-7fc371cba000 r-xp 00003000 00:22 621510                     /app/jre/lib/libnet.so
7fc371cba000-7fc371cbc000 r--p 0000b000 00:22 621510                     /app/jre/lib/libnet.so
7fc371cbc000-7fc371cbd000 r--p 0000c000 00:22 621510                     /app/jre/lib/libnet.so
7fc371cbd000-7fc371cbe000 rw-p 0000d000 00:22 621510                     /app/jre/lib/libnet.so
7fc371cbe000-7fc371d01000 rw-p 00000000 00:00 0 
7fc371d01000-7fc371d13000 r--p 00000000 00:22 270736                     /usr/lib/x86_64-linux-gnu/libm.so.6
7fc371d13000-7fc371d9c000 r-xp 00012000 00:22 270736                     /usr/lib/x86_64-linux-gnu/libm.so.6
7fc371d9c000-7fc371dfe000 r--p 0009b000 00:22 270736                     /usr/lib/x86_64-linux-gnu/libm.so.6
7fc371dfe000-7fc371dff000 r--p 000fc000 00:22 270736                     /usr/lib/x86_64-linux-gnu/libm.so.6
7fc371dff000-7fc371e00000 rw-p 000fd000 00:22 270736                     /usr/lib/x86_64-linux-gnu/libm.so.6
7fc371e00000-7fc3720aa000 r--p 00000000 00:22 621019                     /app/jre/lib/server/libjvm.so
7fc3720aa000-7fc373075000 r-xp 002aa000 00:22 621019                     /app/jre/lib/server/libjvm.so
7fc373075000-7fc3733ef000 r--p 01275000 00:22 621019                     /app/jre/lib/server/libjvm.so
7fc3733ef000-7fc3734c5000 r--p 015ef000 00:22 621019                     /app/jre/lib/server/libjvm.so
7fc3734c5000-7fc3734f5000 rw-p 016c5000 00:22 621019                     /app/jre/lib/server/libjvm.so
7fc3734f5000-7fc37355b000 rw-p 00000000 00:00 0 
7fc37355b000-7fc37355c000 r--p 00000000 00:22 244327                     /usr/share/runtime/locale/pt/lib/pt_BR.utf8/LC_NUMERIC
7fc37355c000-7fc37355d000 r--p 00000000 00:22 244362                     /usr/share/runtime/locale/pt/lib/pt_BR.utf8/LC_TIME
7fc37355d000-7fc37355e000 r--p 00000000 00:22 244324                     /usr/share/runtime/locale/pt/lib/pt_BR.utf8/LC_MONETARY
7fc37355e000-7fc37355f000 r--p 00000000 00:22 244444                     /usr/share/runtime/locale/pt/lib/pt_BR.utf8/LC_MESSAGES/SYS_LC_MESSAGES
7fc37355f000-7fc373560000 r--p 00000000 00:22 244325                     /usr/share/runtime/locale/pt/lib/pt_BR.utf8/LC_PAPER
7fc373560000-7fc373561000 r--p 00000000 00:22 244397                     /usr/share/runtime/locale/pt/lib/pt_BR.utf8/LC_NAME
7fc373561000-7fc373562000 r--p 00000000 00:22 244335                     /usr/share/runtime/locale/pt/lib/pt_BR.utf8/LC_ADDRESS
7fc373562000-7fc373563000 r--p 00000000 00:22 244413                     /usr/share/runtime/locale/pt/lib/pt_BR.utf8/LC_TELEPHONE
7fc373563000-7fc373564000 r--p 00000000 00:22 244381                     /usr/share/runtime/locale/pt/lib/pt_BR.utf8/LC_MEASUREMENT
7fc373564000-7fc37356b000 r--s 00000000 00:22 251572                     /usr/lib/x86_64-linux-gnu/gconv/gconv-modules.cache
7fc37356b000-7fc37356c000 r--p 00000000 00:22 244407                     /usr/share/runtime/locale/pt/lib/pt_BR.utf8/LC_IDENTIFICATION
7fc37356c000-7fc373571000 rw-p 00000000 00:00 0 
7fc373571000-7fc373578000 ---p 00000000 00:00 0 
7fc373578000-7fc373586000 r--p 00000000 00:22 621651                     /app/jre/lib/libjava.so
7fc373586000-7fc373596000 r-xp 0000e000 00:22 621651                     /app/jre/lib/libjava.so
7fc373596000-7fc37359b000 r--p 0001e000 00:22 621651                     /app/jre/lib/libjava.so
7fc37359b000-7fc37359c000 r--p 00023000 00:22 621651                     /app/jre/lib/libjava.so
7fc37359c000-7fc37359d000 rw-p 00024000 00:22 621651                     /app/jre/lib/libjava.so
7fc37359d000-7fc37359e000 rw-p 00000000 00:00 0 
7fc37359e000-7fc3735a6000 rw-s 00000000 00:4c 1035                       /tmp/hsperfdata_jalapc/18
7fc3735a6000-7fc3735aa000 r--p 00000000 00:22 261077                     /usr/lib/x86_64-linux-gnu/libgcc_s.so.1
7fc3735aa000-7fc3735cd000 r-xp 00004000 00:22 261077                     /usr/lib/x86_64-linux-gnu/libgcc_s.so.1
7fc3735cd000-7fc3735d1000 r--p 00027000 00:22 261077                     /usr/lib/x86_64-linux-gnu/libgcc_s.so.1
7fc3735d1000-7fc3735d2000 r--p 0002a000 00:22 261077                     /usr/lib/x86_64-linux-gnu/libgcc_s.so.1
7fc3735d2000-7fc3735d3000 rw-p 0002b000 00:22 261077                     /usr/lib/x86_64-linux-gnu/libgcc_s.so.1
7fc3735d3000-7fc3735d6000 rw-p 00000000 00:00 0 
7fc3735d6000-7fc3735d9000 r--p 00000000 00:22 259380                     /usr/lib/x86_64-linux-gnu/libz.so.1.3.1
7fc3735d9000-7fc3735e8000 r-xp 00003000 00:22 259380                     /usr/lib/x86_64-linux-gnu/libz.so.1.3.1
7fc3735e8000-7fc3735ee000 r--p 00012000 00:22 259380                     /usr/lib/x86_64-linux-gnu/libz.so.1.3.1
7fc3735ee000-7fc3735ef000 r--p 00018000 00:22 259380                     /usr/lib/x86_64-linux-gnu/libz.so.1.3.1
7fc3735ef000-7fc3735f0000 rw-p 00019000 00:22 259380                     /usr/lib/x86_64-linux-gnu/libz.so.1.3.1
7fc3735f0000-7fc373618000 r--p 00000000 00:22 1567423                    /usr/lib/x86_64-linux-gnu/libc.so.6
7fc373618000-7fc37378d000 r-xp 00028000 00:22 1567423                    /usr/lib/x86_64-linux-gnu/libc.so.6
7fc37378d000-7fc3737dc000 r--p 0019d000 00:22 1567423                    /usr/lib/x86_64-linux-gnu/libc.so.6
7fc3737dc000-7fc3737e0000 r--p 001eb000 00:22 1567423                    /usr/lib/x86_64-linux-gnu/libc.so.6
7fc3737e0000-7fc3737e2000 rw-p 001ef000 00:22 1567423                    /usr/lib/x86_64-linux-gnu/libc.so.6
7fc3737e2000-7fc3737ef000 rw-p 00000000 00:00 0 
7fc3737ef000-7fc3737f0000 ---p 00000000 00:00 0 
7fc3737f0000-7fc3737f1000 r--p 00000000 00:00 0 
7fc3737f1000-7fc3737f2000 ---p 00000000 00:00 0 
7fc3737f2000-7fc3737f4000 r--p 00000000 00:22 620939                     /app/jre/lib/libjimage.so
7fc3737f4000-7fc3737f7000 r-xp 00002000 00:22 620939                     /app/jre/lib/libjimage.so
7fc3737f7000-7fc3737f8000 r--p 00005000 00:22 620939                     /app/jre/lib/libjimage.so
7fc3737f8000-7fc3737f9000 r--p 00006000 00:22 620939                     /app/jre/lib/libjimage.so
7fc3737f9000-7fc3737fa000 rw-p 00007000 00:22 620939                     /app/jre/lib/libjimage.so
7fc3737fa000-7fc3737fd000 r--p 00000000 00:22 621634                     /app/jre/lib/libjli.so
7fc3737fd000-7fc373808000 r-xp 00003000 00:22 621634                     /app/jre/lib/libjli.so
7fc373808000-7fc37380b000 r--p 0000e000 00:22 621634                     /app/jre/lib/libjli.so
7fc37380b000-7fc37380c000 r--p 00011000 00:22 621634                     /app/jre/lib/libjli.so
7fc37380c000-7fc37380d000 rw-p 00012000 00:22 621634                     /app/jre/lib/libjli.so
7fc37380d000-7fc37380f000 rw-p 00000000 00:00 0 
7fc37380f000-7fc373813000 r--p 00000000 00:00 0                          [vvar]
7fc373813000-7fc373815000 r--p 00000000 00:00 0                          [vvar_vclock]
7fc373815000-7fc373817000 r-xp 00000000 00:00 0                          [vdso]
7fc373817000-7fc373818000 r--p 00000000 00:22 1567191                    /usr/lib/x86_64-linux-gnu/ld-linux-x86-64.so.2
7fc373818000-7fc373842000 r-xp 00001000 00:22 1567191                    /usr/lib/x86_64-linux-gnu/ld-linux-x86-64.so.2
7fc373842000-7fc37384d000 r--p 0002b000 00:22 1567191                    /usr/lib/x86_64-linux-gnu/ld-linux-x86-64.so.2
7fc37384d000-7fc37384f000 r--p 00036000 00:22 1567191                    /usr/lib/x86_64-linux-gnu/ld-linux-x86-64.so.2
7fc37384f000-7fc373850000 rw-p 00038000 00:22 1567191                    /usr/lib/x86_64-linux-gnu/ld-linux-x86-64.so.2
7fc373850000-7fc373851000 rw-p 00000000 00:00 0 
7ffcbee04000-7ffcbee26000 rw-p 00000000 00:00 0                          [stack]
ffffffffff600000-ffffffffff601000 --xp 00000000 00:00 0                  [vsyscall]
Total number of mappings: 920

JVMTI agents: none


VM Arguments:
jvm_args: -XX:+IgnoreUnrecognizedVMOptions -Dosgi.requiredJavaVersion=21 -Dfile.encoding=UTF-8 --add-modules=ALL-DEFAULT --add-opens=java.base/java.io=ALL-UNNAMED --add-opens=java.base/java.lang=ALL-UNNAMED --add-opens=java.base/java.lang.reflect=ALL-UNNAMED --add-opens=java.base/java.net=ALL-UNNAMED --add-opens=java.base/java.nio=ALL-UNNAMED --add-opens=java.base/java.nio.charset=ALL-UNNAMED --add-opens=java.base/java.text=ALL-UNNAMED --add-opens=java.base/java.time=ALL-UNNAMED --add-opens=java.base/java.util=ALL-UNNAMED --add-opens=java.base/java.util.concurrent=ALL-UNNAMED --add-opens=java.base/java.util.concurrent.atomic=ALL-UNNAMED --add-opens=java.base/jdk.internal.vm=ALL-UNNAMED --add-opens=java.base/jdk.internal.misc=ALL-UNNAMED --add-opens=java.base/sun.nio.ch=ALL-UNNAMED --add-opens=java.base/sun.nio.fs=ALL-UNNAMED --add-opens=java.base/sun.security.ssl=ALL-UNNAMED --add-opens=java.base/sun.security.action=ALL-UNNAMED --add-opens=java.base/sun.security.util=ALL-UNNAMED --add-opens=java.security.jgss/sun.security.jgss=ALL-UNNAMED --add-opens=java.security.jgss/sun.security.krb5=ALL-UNNAMED --add-opens=java.desktop/java.awt=ALL-UNNAMED --add-opens=java.desktop/java.awt.peer=ALL-UNNAMED --add-opens=java.sql/java.sql=ALL-UNNAMED -Xms64m -Xmx1024m 
java_command: /app/bin//plugins/org.eclipse.equinox.launcher_1.7.100.v20251111-0406.jar -os linux -ws gtk -arch x86_64 -showsplash -launcher /app/bin/dbeaver -name Dbeaver --launcher.library /app/bin//plugins/org.eclipse.equinox.launcher.gtk.linux.x86_64_1.2.1500.v20250801-0854/eclipse_11916.so -startup /app/bin//plugins/org.eclipse.equinox.launcher_1.7.100.v20251111-0406.jar --launcher.overrideVmargs -exitdata 68038 /home/jalapc/Downloads/uri2611/2611.sql -vm /app/jre/bin/java -vmargs -XX:+IgnoreUnrecognizedVMOptions -Dosgi.requiredJavaVersion=21 -Dfile.encoding=UTF-8 --add-modules=ALL-DEFAULT --add-opens=java.base/java.io=ALL-UNNAMED --add-opens=java.base/java.lang=ALL-UNNAMED --add-opens=java.base/java.lang.reflect=ALL-UNNAMED --add-opens=java.base/java.net=ALL-UNNAMED --add-opens=java.base/java.nio=ALL-UNNAMED --add-opens=java.base/java.nio.charset=ALL-UNNAMED --add-opens=java.base/java.text=ALL-UNNAMED --add-opens=java.base/java.time=ALL-UNNAMED --add-opens=java.base/java.util=ALL-UNNAMED --add-opens=java.base/java.util.concurrent=ALL-UNNAMED --add-opens=java.base/java.util.concurrent.atomic=ALL-UNNAMED --add-opens=java.base/jdk.internal.vm=ALL-UNNAMED --add-opens=java.base/jdk.internal.misc=ALL-UNNAMED --add-opens=java.base/sun.nio.ch=ALL-UNNAMED --add-opens=java.base/sun.nio.fs=ALL-UNNAMED --add-opens=java.base/sun.security.ssl=ALL-UNNAMED --add-opens=java.base/sun.security.action=ALL-UNNAMED --add-opens=java.base/sun.security.util=ALL-UNNAMED --add-opens=java.security.jgss/sun.security.jgss=ALL-UNNAMED --add-opens=java.security.jgss/sun.security.krb5=ALL-UNNAMED --add-opens=java.desktop/java.awt=ALL-UNNAMED --add-opens=java.desktop/java.awt.peer=ALL-UNNAMED --add-opens=java.sql/java.sql=ALL-UNNAMED -Xms64m -Xmx1024m -jar /app/bin//plugins/org.eclipse.equinox.launcher_1.7.100.v20251111-0406.jar
java_class_path (initial): /app/bin//plugins/org.eclipse.equinox.launcher_1.7.100.v20251111-0406.jar
Launcher Type: SUN_STANDARD

[Global flags]
     intx CICompilerCount                          = 4                                         {product} {ergonomic}
     uint ConcGCThreads                            = 3                                         {product} {ergonomic}
     uint G1ConcRefinementThreads                  = 10                                        {product} {ergonomic}
   size_t G1HeapRegionSize                         = 1048576                                   {product} {ergonomic}
    uintx GCDrainStackTargetSize                   = 64                                        {product} {ergonomic}
     bool IgnoreUnrecognizedVMOptions              = true                                      {product} {command line}
   size_t InitialHeapSize                          = 67108864                                  {product} {command line}
   size_t MarkStackSize                            = 4194304                                   {product} {ergonomic}
   size_t MaxHeapSize                              = 1073741824                                {product} {command line}
   size_t MaxNewSize                               = 643825664                                 {product} {ergonomic}
   size_t MinHeapDeltaBytes                        = 1048576                                   {product} {ergonomic}
   size_t MinHeapSize                              = 67108864                                  {product} {command line}
    uintx NonNMethodCodeHeapSize                   = 5839372                                {pd product} {ergonomic}
    uintx NonProfiledCodeHeapSize                  = 122909434                              {pd product} {ergonomic}
    uintx ProfiledCodeHeapSize                     = 122909434                              {pd product} {ergonomic}
    uintx ReservedCodeCacheSize                    = 251658240                              {pd product} {ergonomic}
     bool SegmentedCodeCache                       = true                                      {product} {ergonomic}
   size_t SoftMaxHeapSize                          = 1073741824                             {manageable} {ergonomic}
     bool UseCompressedOops                        = true                           {product lp64_product} {ergonomic}
     bool UseG1GC                                  = true                                      {product} {ergonomic}

Logging:
Log output configuration:
 #0: stdout all=warning uptime,level,tags foldmultilines=false
 #1: stderr all=off uptime,level,tags foldmultilines=false

Release file:
IMPLEMENTOR="Flathub"
IMPLEMENTOR_VERSION="25.08"
JAVA_RUNTIME_VERSION="21.0.9"
JAVA_VERSION="21.0.9"
JAVA_VERSION_DATE="2025-10-21"
LIBC="gnu"
MODULES="java.base java.compiler java.datatransfer java.xml java.prefs java.desktop java.instrument java.logging java.management java.security.sasl java.naming java.rmi java.management.rmi java.net.http java.scripting java.security.jgss java.transaction.xa java.sql java.sql.rowset java.xml.crypto java.se java.smartcardio jdk.accessibility jdk.internal.jvmstat jdk.attach jdk.charsets jdk.internal.opt jdk.zipfs jdk.compiler jdk.crypto.ec jdk.crypto.cryptoki jdk.dynalink jdk.internal.ed jdk.editpad jdk.hotspot.agent jdk.httpserver jdk.incubator.vector jdk.internal.le jdk.internal.vm.ci jdk.internal.vm.compiler jdk.internal.vm.compiler.management jdk.jartool jdk.javadoc jdk.jcmd jdk.management jdk.management.agent jdk.jconsole jdk.jdeps jdk.jdwp.agent jdk.jdi jdk.jfr jdk.jlink jdk.jpackage jdk.jshell jdk.jsobject jdk.jstatd jdk.localedata jdk.management.jfr jdk.naming.dns jdk.naming.rmi jdk.net jdk.nio.mapmode jdk.random jdk.sctp jdk.security.auth jdk.security.jgss jdk.unsupported jdk.unsupported.desktop jdk.xml.dom"
OS_ARCH="x86_64"
OS_NAME="Linux"
SOURCE=""

Environment Variables:
PATH=/app/clients/bin:/app/jre/bin:/usr/bin:/app/bin
XDG_CACHE_HOME=/home/jalapc/.var/app/io.dbeaver.DBeaverCommunity/cache
XDG_CONFIG_HOME=/home/jalapc/.var/app/io.dbeaver.DBeaverCommunity/config
LD_LIBRARY_PATH=
SHELL=/bin/sh
LANG=pt_BR.UTF-8
TERM=dumb

Active Locale:
LC_ALL=pt_BR.UTF-8
LC_COLLATE=pt_BR.UTF-8
LC_CTYPE=pt_BR.UTF-8
LC_MESSAGES=pt_BR.UTF-8
LC_MONETARY=pt_BR.UTF-8
LC_NUMERIC=pt_BR.UTF-8
LC_TIME=pt_BR.UTF-8

Signal Handlers:
   SIGSEGV: 0x00007fc372f5e200 in libjvm.so+18211328, mask=11100100010111111101111111111110, flags=SA_RESTART|SA_SIGINFO, unblocked
    SIGBUS: 0x00007fc372f5e200 in libjvm.so+18211328, mask=11100100010111111101111111111110, flags=SA_RESTART|SA_SIGINFO, unblocked
    SIGFPE: 0x00007fc372f5e200 in libjvm.so+18211328, mask=11100100010111111101111111111110, flags=SA_RESTART|SA_SIGINFO, unblocked
   SIGPIPE: SIG_IGN, mask=00000000000010000000000000000000, flags=SA_RESTART, blocked
  *** Handler was modified!
  *** Expected: 0x00007fc372db9570 in libjvm.so+16487792, mask=11100100110111111111111111111110, flags=SA_RESTART|SA_SIGINFO
   SIGXFSZ: 0x00007fc372db9570 in libjvm.so+16487792, mask=11100100010111111101111111111110, flags=SA_RESTART|SA_SIGINFO, blocked
    SIGILL: 0x00007fc372f5e200 in libjvm.so+18211328, mask=11100100010111111101111111111110, flags=SA_RESTART|SA_SIGINFO, unblocked
   SIGUSR2: 0x00007fc372dbafe0 in libjvm.so+16494560, mask=00000000000000000000000000000000, flags=SA_RESTART|SA_SIGINFO, blocked
    SIGHUP: 0x00007fc372db87f0 in libjvm.so+16484336, mask=11100100010111111101111111111110, flags=SA_RESTART|SA_SIGINFO, blocked
    SIGINT: 0x00007fc372db87f0 in libjvm.so+16484336, mask=11100100010111111101111111111110, flags=SA_RESTART|SA_SIGINFO, blocked
   SIGTERM: 0x00007fc372db87f0 in libjvm.so+16484336, mask=11100100010111111101111111111110, flags=SA_RESTART|SA_SIGINFO, blocked
   SIGQUIT: 0x00007fc372db87f0 in libjvm.so+16484336, mask=11100100010111111101111111111110, flags=SA_RESTART|SA_SIGINFO, blocked
   SIGTRAP: 0x00007fc372f5e200 in libjvm.so+18211328, mask=11100100010111111101111111111110, flags=SA_RESTART|SA_SIGINFO, unblocked


Periodic native trim disabled

---------------  S Y S T E M  ---------------

OS:
NAME=GNOME
VERSION="49 (Flatpak runtime)"
VERSION_ID=49
ID=org.gnome.Platform
ID_LIKE=org.freedesktop.platform
PRETTY_NAME="GNOME 49 (Flatpak runtime)"
BUG_REPORT_URL="https://gitlab.gnome.org/GNOME/gnome-build-meta/-/issues/new"
HOME_URL="https://www.gnome.org/"
uname: Linux 6.18.7-200.fc43.x86_64 #1 SMP PREEMPT_DYNAMIC Fri Jan 23 16:42:34 UTC 2026 x86_64
OS uptime: 0 days 1:38 hours
libc: glibc 2.42 NPTL 2.42 
rlimit (soft/hard): STACK 8192k/infinity , CORE infinity/infinity , NPROC 127029/127029 , NOFILE 1048576/1048576 , AS infinity/infinity , CPU infinity/infinity , DATA infinity/infinity , FSIZE infinity/infinity , MEMLOCK 8192k/8192k
load average: 3,77 4,04 3,68

/proc/meminfo:
MemTotal:       32583024 kB
MemFree:         2482948 kB
MemAvailable:   16380340 kB
Buffers:            4160 kB
Cached:         16756444 kB
SwapCached:            0 kB
Active:         20644404 kB
Inactive:        5710992 kB
Active(anon):   12345144 kB
Inactive(anon):        0 kB
Active(file):    8299260 kB
Inactive(file):  5710992 kB
Unevictable:     2416448 kB
Mlocked:             408 kB
SwapTotal:       8388604 kB
SwapFree:        8388604 kB
Zswap:                 0 kB
Zswapped:              0 kB
Dirty:              6652 kB
Writeback:             0 kB
AnonPages:      12011648 kB
Mapped:          3504144 kB
Shmem:           3257804 kB
KReclaimable:     358964 kB
Slab:             719756 kB
SReclaimable:     358964 kB
SUnreclaim:       360792 kB
KernelStack:       43856 kB
PageTables:       153828 kB
SecPageTables:      2056 kB
NFS_Unstable:          0 kB
Bounce:                0 kB
WritebackTmp:          0 kB
CommitLimit:    24680116 kB
Committed_AS:   53709244 kB
VmallocTotal:   34359738367 kB
VmallocUsed:      128840 kB
VmallocChunk:          0 kB
Percpu:            12384 kB
HardwareCorrupted:     0 kB
AnonHugePages:         0 kB
ShmemHugePages:  2158592 kB
ShmemPmdMapped:        0 kB
FileHugePages:         0 kB
FilePmdMapped:         0 kB
CmaTotal:              0 kB
CmaFree:               0 kB
Unaccepted:            0 kB
Balloon:               0 kB
HugePages_Total:       0
HugePages_Free:        0
HugePages_Rsvd:        0
HugePages_Surp:        0
Hugepagesize:       2048 kB
Hugetlb:               0 kB
DirectMap4k:      350204 kB
DirectMap2M:     6721536 kB
DirectMap1G:    26214400 kB

/sys/kernel/mm/transparent_hugepage/enabled: <Not Available>
/sys/kernel/mm/transparent_hugepage/hpage_pmd_size: <Not Available>
/sys/kernel/mm/transparent_hugepage/defrag (defrag/compaction efforts parameter): <Not Available>

Process Memory:
Virtual Size: 8288160K (peak: 8341532K)
Resident Set Size: 483196K (peak: 483512K) (anon: 414176K, file: 61336K, shmem: 7684K)
Swapped out: 0K
C-Heap outstanding allocations: 102659K, retained: 64908K
glibc malloc tunables: (default)

/proc/sys/kernel/threads-max (system-wide limit on the number of threads): 254058
/proc/sys/vm/max_map_count (maximum number of memory map areas a process may have): 1048576
/proc/sys/vm/swappiness (control to define how aggressively the kernel swaps out anonymous memory): 60
/proc/sys/kernel/pid_max (system-wide limit on number of process identifiers): 4194304

container information not found.
Steal ticks since vm start: 0
Steal ticks percentage since vm start:  0,000

CPU: total 12 (initial active 12) (12 cores per cpu, 1 threads per core) family 6 model 154 stepping 4 microcode 0x437, cx8, cmov, fxsr, mmx, 3dnowpref, sse, sse2, sse3, ssse3, sse4.1, sse4.2, popcnt, lzcnt, tsc, tscinvbit, avx, avx2, aes, erms, clmul, bmi1, bmi2, adx, sha, fma, vzeroupper, clflush, clflushopt, clwb, serialize, rdtscp, rdpid, fsrm, f16c, pku, ospke, cet_ibt, cet_ss
CPU Model and flags from /proc/cpuinfo:
model name	: 12th Gen Intel(R) Core(TM) i5-1235U
flags		: fpu vme de pse tsc msr pae mce cx8 apic sep mtrr pge mca cmov pat pse36 clflush dts acpi mmx fxsr sse sse2 ss ht tm pbe syscall nx pdpe1gb rdtscp lm constant_tsc art arch_perfmon pebs bts rep_good nopl xtopology nonstop_tsc cpuid aperfmperf tsc_known_freq pni pclmulqdq dtes64 monitor ds_cpl vmx smx est tm2 ssse3 sdbg fma cx16 xtpr pdcm pcid sse4_1 sse4_2 x2apic movbe popcnt tsc_deadline_timer aes xsave avx f16c rdrand lahf_lm abm 3dnowprefetch cpuid_fault epb cat_l2 cdp_l2 ssbd ibrs ibpb stibp ibrs_enhanced tpr_shadow flexpriority ept vpid ept_ad fsgsbase tsc_adjust bmi1 avx2 smep bmi2 erms invpcid rdt_a rdseed adx smap clflushopt clwb intel_pt sha_ni xsaveopt xsavec xgetbv1 xsaves split_lock_detect user_shstk avx_vnni dtherm arat pln pts hwp hwp_notify hwp_act_window hwp_epp hwp_pkg_req hfi vnmi umip pku ospke waitpkg gfni vaes vpclmulqdq rdpid movdiri movdir64b fsrm md_clear serialize arch_lbr ibt flush_l1d arch_capabilities

Online cpus: 0-11
Offline cpus: 
BIOS frequency limitation: <Not Available>
Frequency switch latency (ns): 0
Available cpu frequencies: <Not Available>
Current governor: powersave
Core performance/turbo boost: <Not Available>

Memory: 4k page, physical 32583024k(16380340k free), swap 8388604k(8388604k free)
Page Sizes: 4k

vm_info: OpenJDK 64-Bit Server VM (21.0.9) for linux-amd64 JRE (21.0.9), built on 2011-11-11T11:11:11Z by "flatbld" with gcc 15.2.0

END.
